thigh_length,calf_length,motor_left_name,motor_right_name,gear_left_ratio,gear_right_ratio,gearbox_left,gearbox_right,torso_distance,ik_height,ori_l,ori_theta,best_index,ac1,ac2,ac3
0.297,0.302,U10,U10,6.0,6.0,SSPG,SSPG,0.125,0.3798931948074008,5.712427207745229,0.0185810216810202,4.0,515.5,5.0,29.6
0.297,0.302,U10,U10,6.0,6.0,SSPG,SSPG,0.125,0.3985757276916309,4.430756218391956,0.1414762143219345,2.0,530.0,5.0,28.6
0.297,0.302,U10,U10,6.0,6.0,SSPG,SSPG,0.125,0.4495280774123834,5.130991468615252,0.5344909829770739,1.0,438.1,4.5,31.0
0.297,0.302,U10,U10,6.0,6.0,SSPG,SSPG,0.125,0.4555834340207445,4.492182755202898,0.055031731935403,2.0,581.0,6.1,34.1
0.297,0.302,U10,U10,6.0,6.0,SSPG,SSPG,0.125,0.5069589434617098,3.425293230393117,0.4450163462652847,1.0,482.4,6.7,37.4
0.297,0.302,U10,U10,6.0,6.0,SSPG,SSPG,0.125,0.5455000518380331,2.260806748616733,-0.167910429105087,6.0,242.4,6.7,36.1
0.297,0.302,U10,U10,6.0,6.0,SSPG,SSPG,0.125,0.4704350364503633,3.80551366180048,0.2673183310805,7.0,161.2,6.9,42.1
0.297,0.302,U10,U10,6.0,6.0,SSPG,SSPG,0.125,0.504191214877691,6.345348812137987,1.0370143846605775,1.0,185.3,6.2,44.2
0.297,0.302,U10,U10,6.0,6.0,SSPG,SSPG,0.125,0.4828434935498548,3.7620343937277063,0.3322077877503646,6.0,104.4,10.0,38.9
0.297,0.302,U10,U10,6.0,6.0,SSPG,SSPG,0.125,0.5093651170710564,4.860155734575018,0.2651560317711676,2.0,111.7,7.7,37.7
0.297,0.302,U10,U10,6.0,6.0,SSPG,SSPG,0.125,0.5083541564299674,2.874393897571005,1.4128165627602396,2.0,391.5,8.6,32.6
0.297,0.302,U10,U10,6.0,6.0,SSPG,SSPG,0.125,0.4869666869312294,1.1774221132171574,0.6905833527441767,2.0,421.9,9.5,29.3
0.297,0.302,U10,U10,6.0,6.0,SSPG,SSPG,0.125,0.4085030471063839,1.456073698298631,0.713492433148406,5.0,525.0,10.0,30.5
0.297,0.302,U10,U10,6.0,6.0,SSPG,SSPG,0.125,0.4709832715237081,2.491779870558556,0.8838533567288827,7.0,410.5,9.5,38.2
0.297,0.302,U10,U10,6.0,6.0,SSPG,SSPG,0.125,0.4030792318237121,2.248863295395935,0.2549552744821912,2.0,318.7,9.6,27.2
0.297,0.302,U10,U10,6.0,6.0,SSPG,SSPG,0.125,0.35983491892247,3.0008494672116024,0.1028146543952233,5.0,198.0,10.0,40.7
0.297,0.302,U10,U10,6.0,6.0,SSPG,SSPG,0.125,0.3001004056148299,3.759568847215313,-0.7250264632226138,0.0,292.3,9.9,39.7
0.297,0.302,U10,U10,6.0,6.0,SSPG,SSPG,0.125,0.3123585313469229,1.7657712404903947,-0.3811457970550953,5.0,469.1,8.3,33.7
0.297,0.302,U10,U10,6.0,6.0,SSPG,SSPG,0.125,0.3029065562812467,4.442347217932611,0.169108052215847,4.0,146.2,8.3,31.8
0.297,0.302,U10,U10,6.0,6.0,SSPG,SSPG,0.125,0.3835158353461415,3.889912923931455,0.2950667319744227,1.0,121.2,9.6,36.6
0.297,0.302,U10,U10,6.0,6.0,SSPG,SSPG,0.125,0.3463918366680758,3.789898646320781,-0.2243358138747229,0.0,173.5,9.3,37.6
0.297,0.302,U10,U10,6.0,6.0,SSPG,SSPG,0.125,0.3010462033663796,5.988688556435519,-0.199456450586817,1.0,123.5,7.3,42.3
0.297,0.302,U10,U10,6.0,6.0,SSPG,SSPG,0.125,0.3019363974216143,4.566342078071738,0.1645667628431939,0.0,164.6,7.1,41.6
0.297,0.302,U10,U10,6.0,6.0,SSPG,SSPG,0.125,0.3958710229403577,5.740164692360256,0.489565068894334,2.0,72.4,10.0,35.1
0.297,0.302,U10,U10,6.0,6.0,SSPG,SSPG,0.125,0.4036606647881058,5.806202348378586,1.0343218621303958,0.0,175.7,9.7,31.3
0.297,0.302,U10,U10,6.0,6.0,SSPG,SSPG,0.125,0.304290486352082,8.479048753669638,0.5359524619965348,5.0,101.0,10.0,29.9
0.297,0.302,U10,U10,6.0,6.0,SSPG,SSPG,0.125,0.3020383982421286,8.368660017595005,0.5026965742220209,7.0,110.7,9.3,43.9
0.297,0.302,U10,U10,6.0,6.0,SSPG,SSPG,0.125,0.3869535706164019,7.327734479157183,-0.1201071839371321,5.0,50.1,9.9,36.8
0.297,0.302,U10,U10,6.0,6.0,SSPG,SSPG,0.125,0.3726206421536058,7.81332909626525,0.0493444746853795,6.0,50.7,7.4,22.4
0.297,0.302,U10,U10,6.0,6.0,SSPG,SSPG,0.125,0.3650832886054175,7.044448659967477,-0.1189035347893898,5.0,90.4,10.0,24.5
0.297,0.302,U10,U10,6.0,6.0,SSPG,SSPG,0.125,0.3383990748241665,9.045970623265106,-0.1351062579810558,0.0,70.1,6.7,28.4
0.297,0.302,U10,U10,6.0,6.0,SSPG,SSPG,0.125,0.4332100535265547,7.567142504588185,0.2276914842282056,5.0,53.4,8.1,37.8
0.297,0.302,U10,U10,6.0,6.0,SSPG,SSPG,0.125,0.4127117858496045,7.831342666391111,0.5098248413974988,0.0,56.4,7.3,21.8
0.297,0.302,U10,U10,6.0,6.0,SSPG,SSPG,0.125,0.4134714768535477,9.999969273885233,0.8611671619408341,0.0,76.0,5.1,26.0
0.297,0.302,U10,U10,6.0,6.0,SSPG,SSPG,0.125,0.4011001309517306,8.611752472631697,1.4232092989283711,2.0,105.6,5.4,19.3
0.297,0.302,U10,U10,6.0,6.0,SSPG,SSPG,0.125,0.3559641285562835,9.809894326549797,0.4833075531472595,6.0,62.0,6.9,20.9
0.297,0.302,U10,U10,6.0,6.0,SSPG,SSPG,0.125,0.3950942432730844,9.616328402109804,1.074587916962905,1.0,54.4,3.4,11.8
0.297,0.302,U10,U10,6.0,6.0,SSPG,SSPG,0.125,0.3462233624673668,9.772168363031874,1.3570112506794398,4.0,60.4,0.1,10.1
0.297,0.302,U10,U10,6.0,6.0,SSPG,SSPG,0.125,0.3267002601291373,9.799365803520748,0.9815029141421624,4.0,73.7,3.0,15.4
0.297,0.302,U10,U10,6.0,6.0,SSPG,SSPG,0.125,0.426462050093893,9.24165610612907,0.6508081259962357,5.0,51.4,5.0,11.4
0.297,0.302,U10,U10,6.0,6.0,SSPG,SSPG,0.125,0.3049808194759892,8.47107949954889,0.1787971532128289,3.0,71.0,4.8,25.4
0.297,0.302,U10,U10,6.0,6.0,SSPG,SSPG,0.125,0.3638641956423939,8.287855476481191,0.2216934214613828,3.0,50.1,4.3,19.5
0.297,0.302,U10,U10,6.0,6.0,SSPG,SSPG,0.125,0.4188274385350735,8.509651197718215,0.4457906062424723,5.0,51.6,2.7,22.0
0.297,0.302,U10,U10,6.0,6.0,SSPG,SSPG,0.125,0.3368362267452385,9.760604071674493,0.5181535200329468,5.0,57.2,2.1,10.2
0.297,0.302,U10,U10,6.0,6.0,SSPG,SSPG,0.125,0.4454873828454445,8.72817854934348,0.8610128309471672,5.0,51.5,0.5,10.8
0.297,0.302,U10,U10,6.0,6.0,SSPG,SSPG,0.125,0.4016672201387475,7.454882540198887,0.5969279009992139,1.0,56.5,2.2,13.0
0.297,0.302,U10,U10,6.0,6.0,SSPG,SSPG,0.125,0.408081656061415,8.545379994475498,0.5376051094021048,0.0,73.1,2.1,13.7
0.297,0.302,U10,U10,6.0,6.0,SSPG,SSPG,0.125,0.3125879176515449,9.8671925381355,0.4069574878773334,2.0,51.6,1.7,10.0
0.297,0.302,U10,U10,6.0,6.0,SSPG,SSPG,0.125,0.434504457007448,9.681138801783163,1.2456400526794331,1.0,62.2,0.3,16.6
0.297,0.302,U10,U10,6.0,6.0,SSPG,SSPG,0.125,0.3795485817008438,9.787319974623529,1.484099347244915,5.0,98.8,2.9,21.9
0.297,0.302,U10,U10,6.0,6.0,SSPG,SSPG,0.125,0.3014906571817612,9.767381308827131,1.1394324385183392,2.0,90.4,1.8,20.8
0.297,0.302,U10,U10,6.0,6.0,SSPG,SSPG,0.125,0.3622953280273649,9.990738789471571,1.240680518471624,0.0,99.4,1.1,23.4
0.297,0.302,U10,U10,6.0,6.0,SSPG,SSPG,0.125,0.3598786719023312,7.84180390546325,0.6486231926994734,5.0,61.3,2.9,12.3
0.297,0.302,U10,U10,6.0,6.0,SSPG,SSPG,0.125,0.344773397620539,9.999318497625197,1.4759302443691578,2.0,135.8,0.1,34.3
0.297,0.302,U10,U10,6.0,6.0,SSPG,SSPG,0.125,0.4997148391568698,7.168477354539893,1.4769835616263802,6.0,62.6,3.2,13.1
0.297,0.302,U10,U10,6.0,6.0,SSPG,SSPG,0.125,0.3000106901079039,3.7141469846005104,0.1998857851459961,6.0,106.4,9.9,16.8
0.297,0.302,U10,U10,6.0,6.0,SSPG,SSPG,0.125,0.3501282326754195,7.896245520227004,0.3048410325819302,0.0,76.1,9.3,10.6
0.297,0.302,U10,U10,6.0,6.0,SSPG,SSPG,0.125,0.331632525438774,7.8837437149816285,0.3643323189736898,3.0,56.8,7.3,10.5
0.297,0.302,U10,U10,6.0,6.0,SSPG,SSPG,0.125,0.3173534337549138,8.822737034065515,0.8150014314447565,6.0,87.0,5.0,18.1
0.297,0.302,U10,U10,6.0,6.0,SSPG,SSPG,0.125,0.3692269589210017,9.597223977521686,0.8156201213511038,1.0,105.5,4.2,13.8
0.297,0.302,U10,U10,6.0,6.0,SSPG,SSPG,0.125,0.3176895751230645,7.481192958313979,0.9511201268343416,1.0,91.3,6.4,12.2
0.297,0.302,U10,U10,6.0,6.0,SSPG,SSPG,0.125,0.4122274714214394,6.39184688057481,-0.3054398301103,6.0,79.4,9.7,10.0
0.297,0.302,U10,U10,6.0,6.0,SSPG,SSPG,0.125,0.4042405766791966,8.121914070203083,-0.4288077579814686,4.0,63.3,5.3,17.8
0.297,0.302,U10,U10,6.0,6.0,SSPG,SSPG,0.125,0.5454828222107837,4.642646252334308,-1.5500790726472518,3.0,51.7,6.3,18.6
0.297,0.302,U10,U10,6.0,6.0,SSPG,SSPG,0.125,0.4536753555614798,6.855965466069875,-0.9151780774299266,6.0,101.5,7.1,20.7
0.297,0.302,U10,U10,6.0,6.0,SSPG,SSPG,0.125,0.500482739785359,6.4293700091005626,-1.20181038531957,4.0,90.6,9.2,16.7
0.297,0.302,U10,U10,6.0,6.0,SSPG,SSPG,0.125,0.5438194223531786,6.937115830054232,-1.3127554314699093,6.0,93.7,7.6,21.5
0.297,0.302,U10,U10,6.0,6.0,SSPG,SSPG,0.125,0.5612583426208922,3.881922251268754,-0.64640969074287,1.0,106.6,3.2,37.6
0.297,0.302,U10,U10,6.0,6.0,SSPG,SSPG,0.125,0.5290732472071176,4.900911243159161,-1.0061393623165775,1.0,114.4,4.5,38.5
0.297,0.302,U10,U10,6.0,6.0,SSPG,SSPG,0.125,0.4487224178734713,8.941756401102541,-0.9004521355366139,3.0,61.3,8.9,20.9
0.297,0.302,U10,U10,6.0,6.0,SSPG,SSPG,0.125,0.4890039312803298,8.145237481826639,-1.165086029854396,6.0,50.5,9.5,17.0
0.297,0.302,U10,U10,6.0,6.0,SSPG,SSPG,0.125,0.4650517280604493,7.889809180537571,-0.8582473903023666,0.0,69.8,8.9,19.8
0.297,0.302,U10,U10,6.0,6.0,SSPG,SSPG,0.125,0.3940316755736739,5.805973756423198,-0.652211514591116,7.0,136.9,9.7,25.4
0.297,0.302,U10,U10,6.0,6.0,SSPG,SSPG,0.125,0.428516086834936,7.671375945215377,-0.3876264701778305,2.0,51.5,8.1,27.0
0.297,0.302,U10,U10,6.0,6.0,SSPG,SSPG,0.125,0.3943641218009771,9.994211603754575,0.3520502782384458,3.0,59.1,7.9,17.4
0.297,0.302,U10,U10,6.0,6.0,SSPG,SSPG,0.125,0.3924809383119488,9.695778216861893,0.5719040315051296,6.0,50.1,7.9,13.3
0.297,0.302,U10,U10,6.0,6.0,SSPG,SSPG,0.125,0.3054299628511476,7.859916384117359,1.5575046078697388,0.0,127.7,6.7,17.7
0.297,0.302,U10,U10,6.0,6.0,SSPG,SSPG,0.125,0.3784010106359531,9.62200449112336,0.7615509964264047,1.0,51.8,8.7,10.1
0.297,0.302,U10,U10,6.0,6.0,SSPG,SSPG,0.125,0.4004523673170467,9.757152159272142,0.5088958904518575,6.0,50.1,9.3,12.9
0.297,0.302,U10,U10,6.0,6.0,SSPG,SSPG,0.125,0.3338109491704724,9.126899998591997,0.6860743069546302,0.0,67.0,8.2,13.4
0.297,0.302,U10,U10,6.0,6.0,SSPG,SSPG,0.125,0.3239955305009232,9.642206189124028,0.9909877413678688,4.0,71.9,7.6,10.7
0.297,0.302,U10,U10,6.0,6.0,SSPG,SSPG,0.125,0.3784246957602705,8.779895611126928,0.5386389567396486,4.0,64.4,8.0,10.8
0.297,0.302,U10,U10,6.0,6.0,SSPG,SSPG,0.125,0.3149729614202843,9.55862256290265,0.670504369723862,6.0,75.9,7.5,15.0
0.297,0.302,U10,U10,6.0,6.0,SSPG,SSPG,0.125,0.3607564810099929,9.493437176005411,0.4768516201234547,6.0,55.1,8.7,11.9
0.297,0.302,U10,U10,6.0,6.0,SSPG,SSPG,0.125,0.4403302644100799,4.845914345500318,-0.9981363058824976,3.0,116.9,8.4,16.7
0.297,0.302,U10,U10,6.0,6.0,SSPG,SSPG,0.125,0.3680010877755402,4.900123475535167,-0.6637978152378842,0.0,109.1,9.0,18.8
0.297,0.302,U10,U10,6.0,6.0,SSPG,SSPG,0.125,0.4057859185966549,4.899055563875663,-0.9631822006701976,1.0,140.5,8.3,20.8
0.297,0.302,U10,U10,6.0,6.0,SSPG,SSPG,0.125,0.381645640275084,4.696579977216148,-0.8901013043595462,5.0,146.0,8.1,19.9
0.297,0.302,U10,U10,6.0,6.0,SSPG,SSPG,0.125,0.3053011370467359,4.250602087399548,-0.1039682519053772,4.0,151.7,9.5,29.0
0.297,0.302,U10,U10,6.0,6.0,SSPG,SSPG,0.125,0.3090938799061333,4.183356330684353,-0.203746180708042,4.0,149.4,8.4,25.1
0.297,0.302,U10,U10,6.0,6.0,SSPG,SSPG,0.125,0.3334946543031509,4.917736864683254,-0.2720417355898772,5.0,126.0,9.4,19.4
0.297,0.302,U10,U10,6.0,6.0,SSPG,SSPG,0.125,0.3419158508238128,5.792975556222563,0.9764602608906104,5.0,128.2,9.3,20.1
0.297,0.302,U10,U10,6.0,6.0,SSPG,SSPG,0.125,0.3626656190281853,7.156895689187634,1.3351979237977645,5.0,102.3,7.0,10.1
0.297,0.302,U10,U10,6.0,6.0,SSPG,SSPG,0.125,0.350659677548824,6.060752187442889,1.0485154512310153,2.0,105.7,7.4,10.4
0.297,0.302,U10,U10,6.0,6.0,SSPG,SSPG,0.125,0.3948834767743722,6.995210490297757,1.5549250110260058,3.0,80.0,4.9,11.0
0.297,0.302,U10,U10,6.0,6.0,SSPG,SSPG,0.125,0.4186118348407155,5.741228417164636,1.1952620244562824,5.0,87.2,5.5,11.2
0.297,0.302,U10,U10,6.0,6.0,SSPG,SSPG,0.125,0.4366387761929761,7.732843183234288,0.9637125726960054,6.0,57.2,3.8,17.6
0.297,0.302,U10,U10,6.0,6.0,SSPG,SSPG,0.125,0.4439102853143993,7.181007183095156,0.5752710511563537,7.0,60.4,2.7,26.7
0.297,0.302,U10,U10,6.0,6.0,SSPG,SSPG,0.125,0.4629668052674075,6.595058622096483,0.6593399737394505,4.0,50.6,4.9,10.4
0.297,0.302,U10,U10,6.0,6.0,SSPG,SSPG,0.125,0.4746769971083361,6.32462717177609,0.5266600390040628,3.0,56.8,4.3,14.3
0.297,0.302,U10,U10,6.0,6.0,SSPG,SSPG,0.125,0.4596792739921024,6.057621202457744,0.2535762937457404,6.0,56.1,2.6,26.1
0.297,0.302,U10,U10,6.0,6.0,SSPG,SSPG,0.125,0.439549442225543,5.928149615821816,0.829130023500877,5.0,102.0,4.5,13.1
0.297,0.302,U10,U10,6.0,6.0,SSPG,SSPG,0.125,0.4189773663177849,4.201678308857414,1.372153785203881,0.0,171.1,5.7,16.6
0.297,0.302,U10,U10,6.0,6.0,SSPG,SSPG,0.125,0.4170665279027534,4.792971169195204,1.556294216801195,7.0,131.8,6.2,12.5
0.297,0.302,U10,U10,6.0,6.0,SSPG,SSPG,0.125,0.4146885201567218,6.37705585878904,0.7869521053431128,3.0,79.7,3.8,16.8
0.297,0.302,U10,U10,6.0,6.0,SSPG,SSPG,0.125,0.3935584321803375,5.4026477393540535,1.365003969186887,3.0,108.5,7.0,10.9
0.297,0.302,U10,U10,6.0,6.0,SSPG,SSPG,0.125,0.3997459810696745,6.889902104204144,0.8185965294578943,2.0,73.6,4.4,10.7
0.297,0.302,U10,U10,6.0,6.0,SSPG,SSPG,0.125,0.3987120199884165,7.617825113573394,0.6214554423052627,0.0,73.6,4.3,10.4
0.297,0.302,U10,U10,6.0,6.0,SSPG,SSPG,0.125,0.3507760572102323,6.300035191793135,1.127276525835912,5.0,95.1,4.6,11.0
0.297,0.302,U10,U10,6.0,6.0,SSPG,SSPG,0.125,0.422012216662769,6.876517526023416,0.8769734323636076,1.0,77.7,6.0,14.8
0.297,0.302,U10,U10,6.0,6.0,SSPG,SSPG,0.125,0.4024774861375455,7.104582154795134,0.7203286958423027,4.0,72.8,5.4,10.0
0.297,0.302,U10,U10,6.0,6.0,SSPG,SSPG,0.125,0.3804363425325698,4.896964921992674,0.8294292319143239,2.0,105.2,6.5,12.3
0.297,0.302,U10,U10,6.0,6.0,SSPG,SSPG,0.125,0.3882412068725934,5.218282885483739,1.1233061260904376,3.0,112.8,6.3,10.1
0.297,0.302,U10,U10,6.0,6.0,SSPG,SSPG,0.125,0.3546912055954053,4.7170426911046,1.266821018096421,4.0,144.4,7.0,13.0
0.297,0.302,U10,U10,6.0,6.0,SSPG,SSPG,0.125,0.3713248158666441,5.373528846341404,0.8400353395263971,1.0,107.2,6.1,12.8
0.297,0.302,U10,U10,6.0,6.0,SSPG,SSPG,0.125,0.3419056418356179,5.216515367738048,0.9768715969642368,6.0,153.1,7.4,19.5
0.297,0.302,U10,U10,6.0,6.0,SSPG,SSPG,0.125,0.342731389584518,6.473905017139821,0.603894726173746,7.0,93.4,5.6,10.0
0.297,0.302,U10,U10,6.0,6.0,SSPG,SSPG,0.125,0.3249171890266814,5.402211827509019,1.1495468359193337,5.0,141.6,7.0,13.6
0.297,0.302,U10,U10,6.0,6.0,SSPG,SSPG,0.125,0.3789846612291313,5.904030197044165,0.7882588194922899,6.0,89.5,6.7,11.3
0.297,0.302,U10,U10,6.0,6.0,SSPG,SSPG,0.125,0.3716448542850896,5.928794013033391,0.7618519624989091,0.0,98.9,6.7,13.7
0.297,0.302,U10,U10,6.0,6.0,SSPG,SSPG,0.125,0.3395732842955191,5.521332190838583,0.9984638992103672,4.0,130.8,7.4,14.7
0.297,0.302,U10,U10,6.0,6.0,SSPG,SSPG,0.125,0.3412515944755162,5.304196999741928,1.097840565264706,4.0,145.5,7.6,16.9
0.297,0.302,U10,U10,6.0,6.0,SSPG,SSPG,0.125,0.3423298938324071,5.050866769955461,1.1659259687208483,1.0,142.4,7.4,12.0
0.297,0.302,U10,U10,6.0,6.0,SSPG,SSPG,0.125,0.3264304336622042,5.819379119452103,1.11483630262344,3.0,119.6,6.9,10.0
0.297,0.302,U10,U10,6.0,6.0,SSPG,SSPG,0.125,0.3204030975668089,4.575851035245472,1.21505306257677,3.0,156.1,7.8,10.4
0.297,0.302,U10,U10,6.0,6.0,SSPG,SSPG,0.125,0.3017465612316929,4.821469929213188,1.4421453338944945,2.0,169.3,7.5,10.7
0.297,0.302,U10,U10,6.0,6.0,SSPG,SSPG,0.125,0.3000114328959267,5.267535851740038,1.2494315608699256,0.0,155.8,7.4,12.1
0.297,0.302,U10,U10,6.0,6.0,SSPG,SSPG,0.125,0.3021562288673143,4.624260604721082,1.3723622811494811,6.0,177.4,7.3,11.9
0.297,0.302,U10,U10,6.0,6.0,SSPG,SSPG,0.125,0.3001503946130374,5.158083254257111,1.431372737768144,0.0,149.5,7.0,10.1
0.297,0.302,U10,U10,6.0,6.0,SSPG,SSPG,0.125,0.3021731129496535,5.086591160135587,1.3431909250347651,4.0,153.5,7.0,10.5
0.297,0.302,U10,U10,6.0,6.0,SSPG,SSPG,0.125,0.3090354678611853,4.694801373299738,1.472083498338225,2.0,162.9,7.5,10.0
0.297,0.302,U10,U10,6.0,6.0,SSPG,SSPG,0.125,0.3126189423751675,4.876074216568711,1.242704858765964,2.0,148.8,6.8,10.1
0.297,0.302,U10,U10,6.0,6.0,SSPG,SSPG,0.125,0.3081146686339615,4.662962635034731,1.3362003170244257,2.0,163.7,6.9,10.1
0.297,0.302,U10,U10,6.0,6.0,SSPG,SSPG,0.125,0.3029686832807894,4.473405972246265,1.414143816795935,5.0,177.5,7.3,10.7
0.297,0.302,U10,U10,6.0,6.0,SSPG,SSPG,0.125,0.3006678902646133,4.372720605765518,1.4254767380555389,0.0,184.7,7.3,11.1
0.297,0.302,U10,U10,6.0,6.0,SSPG,SSPG,0.125,0.3014251048717488,4.223435092749543,1.504759027308704,0.0,192.6,7.4,10.3
0.297,0.302,U10,U10,6.0,6.0,SSPG,SSPG,0.125,0.3010881984828833,4.197541814325746,1.4293533131034333,5.0,189.1,7.3,10.0
0.297,0.302,U10,U10,6.0,6.0,SSPG,SSPG,0.125,0.3026629494418859,4.451411688199845,1.4304396691068648,5.0,177.9,7.4,10.6
0.297,0.302,U10,U10,6.0,6.0,SSPG,SSPG,0.125,0.3008959455866204,4.369464580543784,1.3974014178254706,1.0,181.5,7.4,10.4
0.297,0.302,U10,U10,6.0,6.0,SSPG,SSPG,0.125,0.3000044552618409,4.316540061317552,1.4813630405314837,1.0,192.3,7.7,11.1
0.297,0.302,U10,U10,6.0,6.0,SSPG,SSPG,0.125,0.3000034752018937,4.167111710088036,1.4690968191087337,4.0,199.6,7.6,11.1
0.297,0.302,U10,U10,6.0,6.0,SSPG,SSPG,0.125,0.3002627420317365,4.305736230245719,1.5205545492332524,3.0,198.0,7.7,11.7
0.297,0.302,U10,U10,6.0,6.0,SSPG,SSPG,0.125,0.3000024082343447,4.250606140603764,1.4763996356932054,3.0,192.8,7.8,10.8
0.297,0.302,U10,U10,6.0,6.0,SSPG,SSPG,0.125,0.3004103587138588,4.5203721331341775,1.4406056456400105,2.0,182.2,7.5,11.3
0.297,0.302,U10,U10,6.0,6.0,SSPG,SSPG,0.125,0.3000146488258457,4.290124850240437,1.425442953799248,2.0,187.2,7.7,10.7
0.297,0.302,U10,U10,6.0,6.0,SSPG,SSPG,0.125,0.3008697336529435,4.587273422522033,1.3526882814649417,7.0,171.3,7.6,10.9
0.297,0.302,U10,U10,6.0,6.0,SSPG,SSPG,0.125,0.3000400265194985,4.593240481125261,1.4494431620459682,1.0,177.8,7.6,11.3
0.297,0.302,U10,U10,6.0,6.0,SSPG,SSPG,0.125,0.3002537306174574,4.615155772150533,1.445192788396036,0.0,180.3,7.5,11.6
0.297,0.302,U10,U10,6.0,6.0,SSPG,SSPG,0.125,0.300001021816154,4.207543361853294,1.5259987942812343,4.0,197.4,7.7,10.8
0.297,0.302,U10,U10,6.0,6.0,SSPG,SSPG,0.125,0.3000037378299902,4.152710488318659,1.5361644941916204,2.0,204.1,7.7,11.1
0.297,0.302,U10,U10,6.0,6.0,SSPG,SSPG,0.125,0.300674830837741,4.266866056321433,1.5141814294060327,3.0,195.5,7.5,10.8
0.297,0.302,U10,U10,6.0,6.0,SSPG,SSPG,0.125,0.3008481579706124,4.357225258626754,1.5181418831718108,3.0,188.1,7.6,10.5
0.297,0.302,U10,U10,6.0,6.0,SSPG,SSPG,0.125,0.3031236236800735,4.1840247944880895,1.4845926339863835,0.0,196.1,7.6,10.8
0.297,0.302,U10,U10,6.0,6.0,SSPG,SSPG,0.125,0.3007067906765706,4.134560540022944,1.5475891385158635,2.0,200.3,7.7,10.6
0.297,0.302,U10,U10,6.0,6.0,SSPG,SSPG,0.125,0.3000217766878785,4.070161291278163,1.5285169340325004,6.0,204.8,7.9,11.0
0.297,0.302,U10,U10,6.0,6.0,SSPG,SSPG,0.125,0.3001313629235049,4.124897204027863,1.5317094746623332,6.0,201.2,7.8,10.8
0.297,0.302,U10,U10,6.0,6.0,SSPG,SSPG,0.125,0.3002181888475076,4.061704117477288,1.5454585333356192,1.0,208.0,7.8,11.2
0.297,0.302,U10,U10,6.0,6.0,SSPG,SSPG,0.125,0.3000243597489434,4.05011732411662,1.5428290921958654,7.0,209.0,7.9,11.2
0.297,0.302,U10,U10,6.0,6.0,SSPG,SSPG,0.125,0.3001830811409916,4.194836317839084,1.525529202126832,2.0,199.9,7.8,11.1
0.297,0.302,U10,U10,6.0,6.0,SSPG,SSPG,0.125,0.3000014551665434,4.143630045690872,1.5285910145803223,3.0,199.9,7.8,10.8
0.297,0.302,U10,U10,6.0,6.0,SSPG,SSPG,0.125,0.3001195815856423,4.083901910864071,1.5440675664382706,1.0,208.9,7.9,11.4
0.297,0.302,U10,U10,6.0,6.0,SSPG,SSPG,0.125,0.3002357943272846,4.221514785437038,1.5111813753432033,0.0,200.8,7.8,11.6
0.297,0.302,U10,U10,6.0,6.0,SSPG,SSPG,0.125,0.3000002596744461,4.169792668970173,1.497699805826216,0.0,201.5,7.9,11.5
0.297,0.302,U10,U10,6.0,6.0,SSPG,SSPG,0.125,0.3001859130996951,4.079904668926735,1.5309489847170243,5.0,208.6,7.9,11.5
0.297,0.302,U10,U10,6.0,6.0,SSPG,SSPG,0.125,0.3003167823316978,4.128428723646155,1.5296870926213089,1.0,203.0,7.9,11.0
0.297,0.302,U10,U10,6.0,6.0,SSPG,SSPG,0.125,0.3011556637147394,4.020887766516728,1.529444492177452,1.0,208.9,7.9,11.3
0.297,0.302,U10,U10,6.0,6.0,SSPG,SSPG,0.125,0.3006463193790718,3.9771562875601463,1.544232862898371,6.0,212.3,7.9,11.1
0.297,0.302,U10,U10,6.0,6.0,SSPG,SSPG,0.125,0.3012068129955446,4.021826881925947,1.5351657697611114,1.0,210.7,7.8,11.3
0.297,0.302,U10,U10,6.0,6.0,SSPG,SSPG,0.125,0.3012349288453523,4.010712089847092,1.5351337347871197,7.0,210.6,7.9,11.2
0.297,0.302,U10,U10,6.0,6.0,SSPG,SSPG,0.125,0.3027166898962799,3.785643191965849,1.5647925898361716,4.0,221.0,8.0,10.8
0.297,0.302,U10,U10,6.0,6.0,SSPG,SSPG,0.125,0.3018745153563574,3.8487465579513382,1.5597849682110416,5.0,217.6,7.9,10.8
0.297,0.302,U10,U10,6.0,6.0,SSPG,SSPG,0.125,0.3008951128990519,4.003343117072119,1.5268324239662792,6.0,208.3,7.9,11.0
0.297,0.302,U10,U10,6.0,6.0,SSPG,SSPG,0.125,0.300241484864732,4.010685776841822,1.5358395891197372,4.0,208.2,7.9,10.9
0.297,0.302,U10,U10,6.0,6.0,SSPG,SSPG,0.125,0.3005502839849494,3.969357026496006,1.5433565585152826,0.0,210.0,7.9,10.8
0.297,0.302,U10,U10,6.0,6.0,SSPG,SSPG,0.125,0.3001207462792483,4.089000816760756,1.5177375369924802,4.0,203.3,7.8,11.0
0.297,0.302,U10,U10,6.0,6.0,SSPG,SSPG,0.125,0.3001550706465201,4.069344889813276,1.5233371506156177,6.0,204.7,7.8,11.0
0.297,0.302,U10,U10,6.0,6.0,SSPG,SSPG,0.125,0.3000410435748005,4.075306306171589,1.5270736739833937,0.0,203.1,7.8,10.8
0.297,0.302,U10,U10,6.0,6.0,SSPG,SSPG,0.125,0.3000778878256602,4.089895920508185,1.5263830340279765,1.0,204.0,7.8,10.9
0.297,0.302,U10,U10,6.0,6.0,SSPG,SSPG,0.125,0.3000560865847005,4.104804828838743,1.514047678513449,3.0,201.4,7.8,10.8
0.297,0.302,U10,U10,6.0,6.0,SSPG,SSPG,0.125,0.3001744463406165,4.094342483037811,1.5228156817412613,1.0,203.9,7.8,11.0
0.297,0.302,U10,U10,6.0,6.0,SSPG,SSPG,0.125,0.300062674470587,4.099110058085457,1.5190065499406231,4.0,203.5,7.8,11.1
0.297,0.302,U10,U10,6.0,6.0,SSPG,SSPG,0.125,0.300055086265605,4.096872176719772,1.5199184993458448,5.0,203.7,7.8,11.1
0.297,0.302,U10,U10,6.0,6.0,SSPG,SSPG,0.125,0.3000153087028606,4.136240326810538,1.514284439232834,5.0,202.0,7.8,11.2
0.297,0.302,U10,U10,6.0,6.0,SSPG,SSPG,0.125,0.3000061338211218,4.161457054453494,1.507616371775211,0.0,200.4,7.8,11.2
0.297,0.302,U10,U10,6.0,6.0,SSPG,SSPG,0.125,0.3000044998263722,4.122339773003626,1.5147915762614377,6.0,202.8,7.8,11.2
0.297,0.302,U10,U10,6.0,6.0,SSPG,SSPG,0.125,0.3000385384100826,4.130746314743723,1.515992812261207,5.0,202.4,7.8,11.2
0.297,0.302,U10,U10,6.0,6.0,SSPG,SSPG,0.125,0.3000522596078034,4.127250018993985,1.5187021725258072,4.0,203.3,7.8,11.2
0.297,0.302,U10,U10,6.0,6.0,SSPG,SSPG,0.125,0.3000134456528284,4.171066875857552,1.5051694060090748,3.0,200.2,7.8,11.2
0.297,0.302,U10,U10,6.0,6.0,SSPG,SSPG,0.125,0.3000381448705738,4.15708043308001,1.5064499840950512,6.0,201.1,7.8,11.2
0.297,0.302,U10,U10,6.0,6.0,SSPG,SSPG,0.125,0.3000232589100731,4.127917421382601,1.5158007727113303,6.0,202.3,7.8,11.1
0.297,0.302,U10,U10,6.0,6.0,SSPG,SSPG,0.125,0.3000002417266815,4.178056973426814,1.5040230096817298,1.0,199.2,7.8,11.1
0.297,0.302,U10,U10,6.0,6.0,SSPG,SSPG,0.125,0.3000177074117277,4.184685593547965,1.5051959377107695,6.0,198.9,7.8,11.1
0.297,0.302,U10,U10,6.0,6.0,SSPG,SSPG,0.125,0.3000497428244514,4.199361196104965,1.5002517893569132,1.0,197.5,7.8,11.0
0.297,0.302,U10,U10,6.0,6.0,SSPG,SSPG,0.125,0.3000163232768618,4.200087274579142,1.5033841106897363,5.0,197.4,7.7,11.0
0.297,0.302,U10,U10,6.0,6.0,SSPG,SSPG,0.125,0.3000057192732483,4.164229552577858,1.5080529253975072,7.0,199.4,7.8,11.0
0.297,0.302,U10,U10,6.0,6.0,SSPG,SSPG,0.125,0.3000883924348487,4.209921166298468,1.501428973713895,3.0,196.8,7.7,11.0
0.297,0.302,U10,U10,6.0,6.0,SSPG,SSPG,0.125,0.3000719842870218,4.180335890387827,1.5045408999982692,6.0,198.4,7.8,11.0
0.297,0.302,U10,U10,6.0,6.0,SSPG,SSPG,0.125,0.3001501892517578,4.204230941427557,1.4988410496111029,2.0,196.8,7.7,11.0
0.297,0.302,U10,U10,6.0,6.0,SSPG,SSPG,0.125,0.3000090329633262,4.167669336430875,1.5102849472264936,3.0,199.3,7.8,11.0
0.297,0.302,U10,U10,6.0,6.0,SSPG,SSPG,0.125,0.3000304160370112,4.156716579438195,1.508508800890863,2.0,199.1,7.8,10.9
Time taken (seconds),,,,,,,,,,,,,,,
2026-03-24 16:02:44,,,,,,,,,,,,,,,
