thigh_length,calf_length,motor_left_name,motor_right_name,gear_left_ratio,gear_right_ratio,gearbox_left,gearbox_right,torso_distance,ik_height,best_index,best_cost,ac1,ac2,ac3
0.297,0.302,U10,MN8014,16.447881765066853,20.401276522604228,WPG,WPG,0.125,0.35,2,3.8149781277586072,406.4,5.6,26.1
0.297,0.302,U10,MN8014,10.639709294458818,14.756298164283427,CPG,WPG,0.125,0.35,6,1.6175249614030491,445.2,5.6,21.8
0.297,0.302,U10,MN8014,4.822509055598105,5.206180135549864,SSPG,SSPG,0.125,0.35,4,1.952966794061597,424.9,4.9,24.8
0.297,0.302,U10,MN8014,4.919279297436777,5.47008029054444,CPG,SSPG,0.125,0.35,4,1.9924765378244906,539.6,4.3,27.5
0.297,0.302,U8,MN8014,4.374262365282937,8.698519649996658,CPG,CPG,0.125,0.35,2,2.196509483156829,317.6,4.4,25.7
0.297,0.302,U10,MN8014,17.762907303430573,7.16475005042564,WPG,SSPG,0.125,0.35,4,0.950016268627369,604.7,4.6,28.4
0.297,0.302,U8,MN8014,19.597477722875233,4.2827286056674945,WPG,CPG,0.125,0.35,6,-0.11561913795361534,472.1,2.6,29.3
0.297,0.302,U8,MN8014,8.435759700862269,5.920470697283838,CPG,SSPG,0.125,0.35,4,1.5737120404832066,490.9,5.3,32.8
0.297,0.302,U8,MN8014,18.218690350798575,4.106450816676939,WPG,SSPG,0.125,0.35,4,1.8487497615715967,496.7,6.5,27.3
0.297,0.302,U8,MN8014,19.46543759285048,4.149721759148662,WPG,SSPG,0.125,0.35,7,0.29199017370792646,407.4,5.6,25.6
0.297,0.302,U8,MN8014,15.182912971063562,10.39334870970722,WPG,CPG,0.125,0.35,3,0.27479873684468004,453.3,6.0,21.5
0.297,0.302,U8,MN8014,5.762242021072097,5.663895606490872,CPG,SSPG,0.125,0.35,5,1.39166606626409,476.3,4.6,21.8
0.297,0.302,U8,MN8014,11.110578152817165,10.214804318312577,CPG,CPG,0.125,0.35,4,0.15419792972442536,519.1,7.1,19.0
0.297,0.302,U8,MN8014,5.770697602959611,5.577777581628768,CPG,SSPG,0.125,0.35,0,1.7205377446054015,509.9,6.6,22.0
0.297,0.302,U10,U12,21.16352382353043,5.421355068588356,WPG,SSPG,0.125,0.35,5,3.190141752563406,557.8,6.4,21.7
0.297,0.302,U8,MN8014,19.045140069436417,4.501478622488614,WPG,SSPG,0.125,0.35,4,-0.3511870863341855,475.5,6.5,18.5
0.297,0.302,U8,MN8014,17.713681349776962,5.183872153858493,WPG,SSPG,0.125,0.35,1,-0.40069264516485426,468.5,6.3,19.8
0.297,0.302,U8,MN8014,11.289743389466475,9.318303186526462,CPG,CPG,0.125,0.35,4,-0.1858343172940291,420.4,5.7,19.1
0.297,0.302,U8,MN8014,22.237018438208,5.416264071348184,WPG,SSPG,0.125,0.35,4,-0.5458275910125323,435.4,6.2,20.2
0.297,0.302,U10,MN8014,13.640011684643198,4.451417777391095,CPG,SSPG,0.125,0.35,3,0.9337863467925942,362.0,4.9,20.8
0.297,0.302,U8,MN8014,26.287733913541736,5.778677539672739,WPG,SSPG,0.125,0.35,4,-0.40428415717431676,384.2,5.1,15.7
0.297,0.302,U8,MN8014,19.207517699758288,4.98659986152489,WPG,SSPG,0.125,0.35,3,-0.8031046475371681,359.0,4.6,14.1
0.297,0.302,U10,MN8014,17.977384891197982,5.649188166638484,WPG,SSPG,0.125,0.35,0,0.7231656438092209,292.5,6.2,13.3
0.297,0.302,U10,MN8014,19.87182342780728,7.268458584167499,WPG,SSPG,0.125,0.35,0,1.1146493872523813,291.1,6.2,10.4
0.297,0.302,U8,MN8014,15.427024134556817,5.0991451461151165,WPG,SSPG,0.125,0.35,0,1.0874983150858188,332.4,5.5,10.7
0.297,0.302,U8,MN8014,22.302053853737362,4.737043773034506,WPG,CPG,0.125,0.35,2,0.06615584075978731,449.6,6.4,13.7
0.297,0.302,U8,MN8014,17.410909571179822,4.785434619133468,WPG,SSPG,0.125,0.35,1,-1.0398249201149898,360.8,5.1,13.3
0.297,0.302,U10,MN8014,16.957318297902145,6.142645760124557,WPG,SSPG,0.125,0.35,2,0.1809790670714726,432.9,4.8,10.1
0.297,0.302,U8,MN8014,13.390210687941288,9.014297175070313,WPG,CPG,0.125,0.35,1,0.05001958474540125,421.2,6.1,10.3
0.297,0.302,U8,MN8014,18.56524800887511,4.888582950122184,WPG,CPG,0.125,0.35,6,-0.8456346031742434,383.1,6.0,10.3
0.297,0.302,U8,MN8014,18.998618839888344,4.6687613400055294,WPG,CPG,0.125,0.35,7,-0.6500549222442942,394.6,6.7,13.6
0.297,0.302,U8,MN8014,24.241416111576374,5.898282807517026,WPG,SSPG,0.125,0.35,2,-0.3349863166358631,376.5,6.4,10.3
0.297,0.302,U8,MN8014,22.61138582593012,6.130753633063261,WPG,SSPG,0.125,0.35,3,-0.20489919575076065,428.1,6.1,10.0
0.297,0.302,U8,MN8014,22.578469983735836,4.78649833273795,WPG,SSPG,0.125,0.35,1,0.2559335870593067,349.6,7.4,12.1
0.297,0.302,U8,MN8014,22.183016380695324,5.020257267068943,WPG,SSPG,0.125,0.35,5,-0.4214450653358064,321.0,7.0,10.0
0.297,0.302,U8,MN8014,19.123583033377408,4.552199946013371,WPG,SSPG,0.125,0.35,7,-0.4466995195834329,373.2,7.4,11.5
0.297,0.302,U8,MN8014,18.84097562429249,4.502007058004843,WPG,SSPG,0.125,0.35,6,-0.8748985004462551,368.2,6.5,10.1
0.297,0.302,U8,MN8014,21.15149106186712,5.020522065862881,WPG,SSPG,0.125,0.35,4,-0.7174400948062534,321.3,6.7,11.8
0.297,0.302,U8,MN8014,20.135748475048484,4.647500537452181,WPG,SSPG,0.125,0.35,6,-0.6510654976128869,364.1,6.7,10.1
0.297,0.302,U8,MN8014,19.802748637718764,4.988675927607392,WPG,SSPG,0.125,0.35,6,-0.7276158956917982,384.3,6.2,10.1
0.297,0.302,U8,MN8014,19.081955624596617,4.484648519834914,WPG,SSPG,0.125,0.35,3,-0.612571159057465,319.0,6.1,10.0
0.297,0.302,U8,MN8014,21.403357313172126,5.185021715318353,WPG,SSPG,0.125,0.35,1,-0.8675659157945965,380.4,6.8,10.5
0.297,0.302,U8,MN8014,21.494896478601053,5.010299450960378,WPG,SSPG,0.125,0.35,2,-0.6345907089366083,356.6,6.3,10.7
0.297,0.302,U8,MN8014,21.039095683083996,5.016969223587148,WPG,SSPG,0.125,0.35,6,-0.673181999347193,357.2,6.1,10.3
0.297,0.302,U8,MN8014,20.53611173424856,5.178795324896335,WPG,SSPG,0.125,0.35,5,-0.6563742880771564,378.5,6.4,10.1
0.297,0.302,U8,MN8014,18.840884199316246,4.418981315932479,WPG,SSPG,0.125,0.35,1,-0.7769578468829739,364.2,6.3,10.3
0.297,0.302,U8,MN8014,20.521850970865124,4.794005268768542,WPG,SSPG,0.125,0.35,5,-0.7081418345422659,337.2,6.7,10.6
0.297,0.302,U8,MN8014,19.880457873573427,4.811275397717446,WPG,SSPG,0.125,0.35,1,-0.7353128734151735,350.2,6.7,10.7
0.297,0.302,U8,MN8014,19.204883402708433,5.082236797538197,WPG,SSPG,0.125,0.35,2,-0.8203358417075268,340.2,6.5,10.7
0.297,0.302,U8,MN8014,20.174020737124064,4.979588297659412,WPG,SSPG,0.125,0.35,1,-0.8227111417790454,329.8,6.6,10.4
0.297,0.302,U8,MN8014,19.991696304155234,4.833027211150007,WPG,SSPG,0.125,0.35,4,-0.899283714949842,299.4,6.6,11.9
0.297,0.302,U8,MN8014,19.36234417426092,4.477092805050879,WPG,SSPG,0.125,0.35,5,-0.8343326461000018,326.2,6.8,10.7
0.297,0.302,U8,MN8014,20.09029797033524,5.044062066003337,WPG,SSPG,0.125,0.35,1,-0.8497256345201016,319.8,6.5,10.6
0.297,0.302,U8,MN8014,19.423376982674633,4.770075785588655,WPG,SSPG,0.125,0.35,7,-0.8737580954570241,306.4,6.9,11.2
0.297,0.302,U8,MN8014,19.696058459500428,4.8607848268109075,WPG,CPG,0.125,0.35,6,-0.826907658056955,308.1,6.5,11.2
0.297,0.302,U8,MN8014,19.22664681247617,4.9546514802361425,WPG,SSPG,0.125,0.35,4,-0.847967428857892,319.9,6.5,11.1
0.297,0.302,U8,MN8014,19.347780175476124,5.059175493278006,WPG,SSPG,0.125,0.35,2,-0.8861307277611772,347.1,6.6,10.6
0.297,0.302,U8,MN8014,18.95770355627494,4.956464486430883,WPG,SSPG,0.125,0.35,1,-0.790594612391601,310.6,6.7,11.8
0.297,0.302,U8,MN8014,18.5685708810839,4.79476203800797,WPG,SSPG,0.125,0.35,2,-1.034097446249632,342.2,6.5,10.5
0.297,0.302,U8,MN8014,18.473769670629732,4.8095849479095225,WPG,SSPG,0.125,0.35,7,-0.9065760879549547,338.7,6.4,10.5
0.297,0.302,U8,MN8014,19.346799276129385,4.879342067157594,WPG,CPG,0.125,0.35,7,-0.8703288146609314,364.6,6.2,10.2
0.297,0.302,U8,MN8014,19.00855992334263,4.75611252773285,WPG,SSPG,0.125,0.35,6,-0.816471193442661,335.2,6.4,10.5
0.297,0.302,U8,MN8014,18.901542694170267,4.839915652022305,WPG,SSPG,0.125,0.35,2,-0.8626694371668329,344.5,6.5,10.2
0.297,0.302,U8,MN8014,18.96597105755665,5.116164250085096,WPG,SSPG,0.125,0.35,5,-0.7744520519688827,351.1,6.5,10.4
0.297,0.302,U8,MN8014,18.797076106586637,4.628210153577744,WPG,SSPG,0.125,0.35,3,-0.9203027657214733,344.0,6.2,10.2
0.297,0.302,U8,MN8014,18.63756784767348,4.546108558021146,WPG,SSPG,0.125,0.35,6,-0.8835884497544537,332.3,6.3,10.4
0.297,0.302,U8,MN8014,18.86654600722114,4.520095330891855,WPG,SSPG,0.125,0.35,7,-0.7987246967982049,304.3,6.2,10.8
0.297,0.302,U8,MN8014,18.6019701669369,4.639818648569289,WPG,SSPG,0.125,0.35,7,-0.9434486347827313,319.3,6.1,10.3
0.297,0.302,U8,MN8014,18.223301620986764,4.419234878685166,WPG,SSPG,0.125,0.35,6,-0.8146218941227463,300.5,5.9,10.4
0.297,0.302,U8,MN8014,17.922108968675808,4.501873485867259,WPG,SSPG,0.125,0.35,4,-1.024329336056903,331.5,5.6,10.0
0.297,0.302,U8,MN8014,17.60603262043515,4.384091018306487,WPG,SSPG,0.125,0.35,2,-0.9006690040783916,325.1,5.6,10.3
0.297,0.302,U8,MN8014,17.542025056963343,4.47048695011114,WPG,SSPG,0.125,0.35,2,-0.9868756028590369,365.0,5.7,10.3
0.297,0.302,U8,MN8014,17.533230266053625,4.387038496103021,WPG,SSPG,0.125,0.35,1,-1.0287901915661202,337.6,5.6,10.5
0.297,0.302,U8,MN8014,18.82542336398226,4.971454223677025,WPG,SSPG,0.125,0.35,7,-0.7355078218307174,351.6,5.6,10.6
0.297,0.302,U8,MN8014,18.033249363106265,4.4396982499976785,WPG,SSPG,0.125,0.35,5,-1.011075974377217,381.3,5.1,10.0
0.297,0.302,U8,MN8014,18.556314031284447,4.471839055929444,WPG,SSPG,0.125,0.35,6,-0.886947873614151,371.4,5.2,10.2
0.297,0.302,U8,MN8014,18.292977387770236,4.569447404730904,WPG,SSPG,0.125,0.35,1,-0.869669296775605,361.5,5.9,10.5
0.297,0.302,U8,MN8014,17.81689662889619,4.388785847738164,WPG,SSPG,0.125,0.35,7,-0.8744025399689939,351.5,5.9,10.4
0.297,0.302,U8,MN8014,18.282272269716813,4.633845409409113,WPG,SSPG,0.125,0.35,5,-0.8912987652577744,385.0,6.0,11.0
0.297,0.302,U8,MN8014,18.610972621040116,4.556208179602327,WPG,SSPG,0.125,0.35,3,-0.8921562186067522,349.6,6.3,11.2
0.297,0.302,U8,MN8014,19.105484990492467,5.134033422462205,WPG,SSPG,0.125,0.35,2,-0.8287456995977642,356.5,6.5,11.8
0.297,0.302,U8,MN8014,18.825211770767627,4.788244932972493,WPG,SSPG,0.125,0.35,4,-0.8895397248152221,343.1,6.1,11.1
0.297,0.302,U8,MN8014,19.448192815875405,4.7891953272362295,WPG,SSPG,0.125,0.35,0,-0.9487867455055294,344.7,6.5,11.4
0.297,0.302,U8,MN8014,18.605675109359904,4.487397121903994,WPG,SSPG,0.125,0.35,4,-0.8495769977850518,352.8,6.5,11.4
0.297,0.302,U8,MN8014,19.100342363597537,4.566243589230946,WPG,SSPG,0.125,0.35,4,-0.7443377984242652,344.0,6.3,11.3
0.297,0.302,U8,MN8014,19.38931339078151,4.629487575960587,WPG,SSPG,0.125,0.35,3,-0.8278325827470905,367.4,6.3,10.8
0.297,0.302,U8,MN8014,18.553951301473642,4.4698700993378715,WPG,SSPG,0.125,0.35,6,-0.8426931511485964,389.6,6.0,10.6
0.297,0.302,U8,MN8014,18.89628208132039,4.512159531761866,WPG,SSPG,0.125,0.35,4,-0.8075155456068561,384.9,6.2,10.8
0.297,0.302,U8,MN8014,18.739041245541046,4.819602214478086,WPG,SSPG,0.125,0.35,7,-0.9395524078048094,402.6,6.4,11.1
0.297,0.302,U8,MN8014,19.1253776455926,4.793354818670504,WPG,SSPG,0.125,0.35,7,-0.8279009514370248,392.9,6.7,10.9
0.297,0.302,U8,MN8014,19.335243263935144,4.809715406755436,WPG,SSPG,0.125,0.35,6,-0.9469608571712307,356.5,6.3,11.2
0.297,0.302,U8,MN8014,19.603142543260304,4.783871737743194,WPG,SSPG,0.125,0.35,5,-0.8990214562278336,383.5,6.4,11.6
0.297,0.302,U8,MN8014,18.564187007055438,4.549634602693346,WPG,SSPG,0.125,0.35,1,-0.8961012321846606,378.0,6.2,11.0
0.297,0.302,U8,MN8014,19.439737240368235,4.897540861161288,WPG,CPG,0.125,0.35,6,-0.9092849307715838,372.2,6.6,11.1
0.297,0.302,U8,MN8014,19.225545997840367,4.934177412906081,WPG,CPG,0.125,0.35,4,-0.7962850722369925,382.0,6.5,11.0
0.297,0.302,U8,MN8014,19.38141862583216,4.7665958645984094,WPG,SSPG,0.125,0.35,6,-0.9580185950683191,373.7,6.4,10.8
0.297,0.302,U8,MN8014,19.70103375472101,4.807942628120781,WPG,SSPG,0.125,0.35,6,-0.8991261956374466,374.2,6.4,10.5
0.297,0.302,U8,MN8014,20.00780258662226,4.814548124982366,WPG,SSPG,0.125,0.35,7,-0.8937097168974955,359.2,6.5,10.5
0.297,0.302,U8,MN8014,19.635669862705385,4.7651665997475945,WPG,SSPG,0.125,0.35,7,-0.9096574394021868,364.1,6.4,10.8
0.297,0.302,U8,MN8014,20.0226644160945,4.799176726543816,WPG,SSPG,0.125,0.35,2,-0.9044119992049424,359.6,6.4,10.8
0.297,0.302,U8,MN8014,20.02016666597494,4.969118356460227,WPG,SSPG,0.125,0.35,2,-0.829489049142417,356.7,6.5,10.7
0.297,0.302,U8,MN8014,20.135671567930906,5.0844098457966425,WPG,SSPG,0.125,0.35,5,-0.8390975921295301,354.0,6.7,11.0
0.297,0.302,U8,MN8014,20.024006374530412,4.820283653254804,WPG,SSPG,0.125,0.35,1,-0.9320394486264707,369.7,6.5,10.8
0.297,0.302,U8,MN8014,19.954796420299665,4.776192152042839,WPG,SSPG,0.125,0.35,0,-0.9365231606295126,361.4,6.4,10.7
0.297,0.302,U8,MN8014,20.016283753521357,5.010603599296067,WPG,SSPG,0.125,0.35,7,-0.8774319676257409,371.5,6.6,11.1
0.297,0.302,U8,MN8014,19.4465057813279,4.818486255741464,WPG,SSPG,0.125,0.35,3,-0.9374303250243194,364.2,6.5,11.1
0.297,0.302,U8,MN8014,19.74831152094593,4.956835814551118,WPG,SSPG,0.125,0.35,3,-0.8541686836483979,363.5,6.5,11.0
0.297,0.302,U8,MN8014,19.439481334882174,4.869745439481948,WPG,CPG,0.125,0.35,1,-0.9559516826081893,372.2,6.6,11.1
0.297,0.302,U8,MN8014,19.645970235480316,4.975834577299138,WPG,SSPG,0.125,0.35,7,-0.8231363590027456,374.5,6.6,11.0
0.297,0.302,U8,MN8014,19.41792665455489,4.833198023577194,WPG,SSPG,0.125,0.35,0,-0.9276562140241484,365.0,6.5,11.0
0.297,0.302,U8,MN8014,19.42319651299356,4.870895153978154,WPG,CPG,0.125,0.35,6,-0.8608460425240878,368.6,6.5,10.9
0.297,0.302,U8,MN8014,19.23523440644102,4.832231844245859,WPG,SSPG,0.125,0.35,1,-0.9313859402582079,365.2,6.5,11.0
0.297,0.302,U8,MN8014,19.39561818576181,4.784335135487574,WPG,SSPG,0.125,0.35,2,-0.9412936440818385,368.2,6.5,11.1
0.297,0.302,U8,MN8014,19.420559782683306,4.818708645747628,WPG,SSPG,0.125,0.35,2,-0.9543187286766646,370.9,6.5,11.1
0.297,0.302,U8,MN8014,19.421235549001906,4.812779671579554,WPG,SSPG,0.125,0.35,6,-0.9688331844518974,368.0,6.5,11.1
0.297,0.302,U8,MN8014,19.154322727073513,4.765393657027028,WPG,SSPG,0.125,0.35,3,-0.9220972564001073,375.2,6.4,10.9
0.297,0.302,U8,MN8014,19.420402289168603,4.802149200589987,WPG,SSPG,0.125,0.35,0,-0.9565426377709798,371.0,6.4,10.9
0.297,0.302,U8,MN8014,19.30834596673823,4.7992576751057126,WPG,SSPG,0.125,0.35,0,-0.9556441468704282,369.2,6.4,10.9
0.297,0.302,U8,MN8014,19.441542579628432,4.860055120252451,WPG,CPG,0.125,0.35,1,-0.8952504791908531,369.0,6.5,10.9
0.297,0.302,U8,MN8014,19.22131076278881,4.832125535925963,WPG,SSPG,0.125,0.35,2,-0.9837641618614761,374.5,6.4,10.9
0.297,0.302,U8,MN8014,19.364621298870922,4.918636019651196,WPG,CPG,0.125,0.35,6,-0.9131848050617872,369.7,6.5,10.9
0.297,0.302,U8,MN8014,19.306684048184025,4.815148735570599,WPG,SSPG,0.125,0.35,4,-0.9550883466804798,368.0,6.5,10.9
0.297,0.302,U8,MN8014,19.304604688197834,4.787088557713509,WPG,SSPG,0.125,0.35,5,-0.9751049889377281,368.3,6.4,11.0
0.297,0.302,U8,MN8014,19.266223942453028,4.777680564005982,WPG,SSPG,0.125,0.35,1,-0.9651403053927687,372.0,6.4,10.8
0.297,0.302,U8,MN8014,19.373530612035843,4.7659221824333535,WPG,SSPG,0.125,0.35,2,-0.9659922258360663,370.9,6.4,10.9
0.297,0.302,U8,MN8014,19.436261410609973,4.755577212983052,WPG,SSPG,0.125,0.35,2,-0.9658968529725218,371.6,6.4,10.9
0.297,0.302,U8,MN8014,19.298951502381556,4.787114881108115,WPG,SSPG,0.125,0.35,0,-0.9547471239005247,372.8,6.4,10.9
0.297,0.302,U8,MN8014,19.322185188083843,4.813302890090114,WPG,SSPG,0.125,0.35,2,-0.9478319470701404,372.1,6.4,10.9
0.297,0.302,U8,MN8014,19.31461367221702,4.789176992974301,WPG,SSPG,0.125,0.35,6,-0.9601623293476766,370.9,6.5,11.0
0.297,0.302,U8,MN8014,19.26798181809745,4.793364164318678,WPG,SSPG,0.125,0.35,2,-0.963052349358211,374.2,6.4,10.9
0.297,0.302,U8,MN8014,19.3888425477069,4.792570274363918,WPG,SSPG,0.125,0.35,1,-0.9661240078587063,372.8,6.4,10.9
0.297,0.302,U8,MN8014,19.438423946328555,4.811524919678784,WPG,SSPG,0.125,0.35,7,-0.9581320453136914,372.0,6.4,10.8
0.297,0.302,U8,MN8014,19.385751460917817,4.802582077728131,WPG,SSPG,0.125,0.35,1,-1.023746581048428,368.0,6.4,10.8
0.297,0.302,U8,MN8014,19.366491063185684,4.791093933061511,WPG,SSPG,0.125,0.35,5,-1.0291360207605234,370.2,6.4,10.8
0.297,0.302,U8,MN8014,19.29541896537641,4.760392412182175,WPG,SSPG,0.125,0.35,0,-0.970150220761905,370.4,6.4,10.8
0.297,0.302,U8,MN8014,19.421177702317326,4.773728461067311,WPG,SSPG,0.125,0.35,2,-0.9725559825500465,367.3,6.4,10.8
0.297,0.302,U8,MN8014,19.37968090956975,4.778466341119412,WPG,SSPG,0.125,0.35,4,-0.9692813823997604,368.3,6.3,10.7
0.297,0.302,U8,MN8014,19.39194111370096,4.7899125258537545,WPG,SSPG,0.125,0.35,6,-0.9703849490149601,368.6,6.3,10.7
0.297,0.302,U8,MN8014,19.264098734445845,4.780372788696454,WPG,SSPG,0.125,0.35,5,-0.9600025115773789,369.7,6.4,10.8
0.297,0.302,U8,MN8014,19.29028258827088,4.774946309712198,WPG,SSPG,0.125,0.35,0,-0.9772931031382743,364.8,6.3,10.8
0.297,0.302,U8,MN8014,19.420940427834672,4.8153525740876795,WPG,SSPG,0.125,0.35,6,-0.9619657285420349,361.6,6.4,10.8
0.297,0.302,U8,MN8014,19.277251389581952,4.79157272712015,WPG,SSPG,0.125,0.35,2,-0.9603926962696736,363.8,6.4,10.7
0.297,0.302,U8,MN8014,19.250252142117525,4.771627100849122,WPG,SSPG,0.125,0.35,0,-0.9534175054023066,361.5,6.3,10.7
0.297,0.302,U8,MN8014,19.265229474482716,4.787432199244175,WPG,SSPG,0.125,0.35,5,-0.9388518425074519,363.7,6.3,10.7
0.297,0.302,U8,MN8014,19.320686611443833,4.785028420924463,WPG,SSPG,0.125,0.35,6,-0.9678536360551995,364.9,6.3,10.8
0.297,0.302,U8,MN8014,19.346681879217602,4.810996143657224,WPG,SSPG,0.125,0.35,7,-0.9606715432158524,363.5,6.4,10.7
0.297,0.302,U8,MN8014,19.345812173345344,4.801037709083728,WPG,SSPG,0.125,0.35,2,-0.9438376169463112,363.4,6.3,10.7
0.297,0.302,U8,MN8014,19.295260350101206,4.816494318873912,WPG,SSPG,0.125,0.35,6,-0.9604566510169512,365.4,6.3,10.7
0.297,0.302,U8,MN8014,19.26818296673291,4.803386831424365,WPG,SSPG,0.125,0.35,2,-1.0159847188700972,364.4,6.3,10.7
0.297,0.302,U8,MN8014,19.268693134307856,4.795360890995723,WPG,SSPG,0.125,0.35,1,-0.9573092653224649,365.9,6.3,10.7
0.297,0.302,U8,MN8014,19.358180422523105,4.820590283472758,WPG,SSPG,0.125,0.35,2,-0.9684643875115917,361.2,6.3,10.7
0.297,0.302,U8,MN8014,19.333614650119408,4.81187895628169,WPG,SSPG,0.125,0.35,7,-0.9424835001914325,364.8,6.3,10.7
0.297,0.302,U8,MN8014,19.303122275415518,4.813245164727987,WPG,SSPG,0.125,0.35,6,-0.9633568800447723,363.6,6.3,10.7
0.297,0.302,U8,MN8014,19.309762408892137,4.799215032762029,WPG,SSPG,0.125,0.35,4,-0.954653564559452,363.6,6.3,10.7
0.297,0.302,U8,MN8014,19.322604050632556,4.815356495242358,WPG,SSPG,0.125,0.35,1,-0.9429801318141511,362.7,6.3,10.7
0.297,0.302,U8,MN8014,19.317399987447534,4.810391799868156,WPG,SSPG,0.125,0.35,2,-1.026257161179748,364.2,6.3,10.7
0.297,0.302,U8,MN8014,19.328615042298605,4.808998360181512,WPG,SSPG,0.125,0.35,2,-1.0212004399732972,364.8,6.3,10.7
0.297,0.302,U8,MN8014,19.352646156767847,4.81610969205923,WPG,SSPG,0.125,0.35,3,-0.9859997806667273,364.9,6.3,10.7
0.297,0.302,U8,MN8014,19.3202949998292,4.809985080043846,WPG,SSPG,0.125,0.35,6,-1.0250776652209215,364.4,6.3,10.7
0.297,0.302,U8,MN8014,19.301860049553262,4.799154325589888,WPG,SSPG,0.125,0.35,2,-0.9615628888646448,365.4,6.3,10.7
0.297,0.302,U8,MN8014,19.339148209985005,4.809479082923587,WPG,SSPG,0.125,0.35,5,-0.9705196447759636,365.2,6.3,10.7
0.297,0.302,U8,MN8014,19.34621280540749,4.808477762601006,WPG,SSPG,0.125,0.35,3,-0.96762586840895,364.1,6.3,10.7
0.297,0.302,U8,MN8014,19.359557622720885,4.8156704957189005,WPG,SSPG,0.125,0.35,4,-0.9816953240919624,363.7,6.3,10.7
0.297,0.302,U8,MN8014,19.342847427829653,4.807655566473135,WPG,SSPG,0.125,0.35,2,-0.972292709593578,364.4,6.3,10.7
0.297,0.302,U8,MN8014,19.359733265670396,4.817024463045373,WPG,SSPG,0.125,0.35,0,-0.9789050823869783,363.5,6.3,10.7
0.297,0.302,U8,MN8014,19.35553513959275,4.816610362643212,WPG,SSPG,0.125,0.35,1,-0.9823381378532083,363.0,6.3,10.7
0.297,0.302,U8,MN8014,19.34943019936088,4.819456059916019,WPG,SSPG,0.125,0.35,4,-1.0179720727908794,363.1,6.3,10.7
0.297,0.302,U8,MN8014,19.36634468724251,4.831799687828945,WPG,SSPG,0.125,0.35,2,-0.9741017987496239,362.0,6.3,10.7
0.297,0.302,U8,MN8014,19.343425835345066,4.820339966017777,WPG,SSPG,0.125,0.35,4,-1.020285585121183,362.8,6.3,10.7
0.297,0.302,U8,MN8014,19.36117830834492,4.826803964786038,WPG,SSPG,0.125,0.35,5,-0.9910978184143904,362.1,6.3,10.7
0.297,0.302,U8,MN8014,19.351365021995505,4.816667032086307,WPG,SSPG,0.125,0.35,0,-0.9855089316266028,363.4,6.3,10.7
0.297,0.302,U8,MN8014,19.354502008679336,4.829053386228795,WPG,SSPG,0.125,0.35,7,-0.9903691751575519,361.4,6.3,10.7
0.297,0.302,U8,MN8014,19.355160848178585,4.827888499330971,WPG,SSPG,0.125,0.35,1,-0.992866300082504,363.0,6.3,10.7
0.297,0.302,U8,MN8014,19.352741491772825,4.826704979786461,WPG,SSPG,0.125,0.35,0,-0.997801008396042,362.5,6.3,10.7
0.297,0.302,U8,MN8014,19.351870645993024,4.827080920376336,WPG,SSPG,0.125,0.35,1,-0.9974730000665186,362.3,6.3,10.7
0.297,0.302,U8,MN8014,19.356369541910915,4.829850049219624,WPG,SSPG,0.125,0.35,4,-0.9867897390481009,362.8,6.3,10.7
0.297,0.302,U8,MN8014,19.356914361655228,4.828128092792252,WPG,SSPG,0.125,0.35,5,-0.9909289188201544,363.2,6.3,10.7
0.297,0.302,U8,MN8014,19.353060132414154,4.82739617759674,WPG,SSPG,0.125,0.35,3,-0.9957309280472142,363.4,6.3,10.7
0.297,0.302,U8,MN8014,19.35379916495011,4.827201251894916,WPG,SSPG,0.125,0.35,0,-0.9956752013420651,363.7,6.3,10.7
0.297,0.302,U8,MN8014,19.355125280537642,4.827583840466744,WPG,SSPG,0.125,0.35,6,-0.9936760584532749,362.8,6.3,10.7
0.297,0.302,U8,MN8014,19.360290592330067,4.827859761434754,WPG,SSPG,0.125,0.35,2,-0.9890610091045762,363.0,6.3,10.7
0.297,0.302,U8,MN8014,19.35252750932446,4.827776575395273,WPG,SSPG,0.125,0.35,1,-0.9951479640376579,363.0,6.3,10.7
0.297,0.302,U8,MN8014,19.35737624340362,4.826850514635078,WPG,SSPG,0.125,0.35,6,-0.9938602590717132,362.9,6.3,10.7
0.297,0.302,U8,MN8014,19.357801418007412,4.825492667645252,WPG,SSPG,0.125,0.35,0,-0.9971135284592396,363.1,6.3,10.7
0.297,0.302,U8,MN8014,19.355910646810955,4.827267035744076,WPG,SSPG,0.125,0.35,7,-0.9938973820422881,363.2,6.3,10.7
0.297,0.302,U8,MN8014,19.35752548798551,4.827151203617998,WPG,SSPG,0.125,0.35,0,-0.9929716154312658,362.9,6.3,10.7
0.297,0.302,U8,MN8014,19.358080319309067,4.826302992307879,WPG,SSPG,0.125,0.35,2,-0.9947460296026644,363.2,6.3,10.7
0.297,0.302,U8,MN8014,19.356937745121428,4.82581949738894,WPG,SSPG,0.125,0.35,5,-0.9969084332090503,363.2,6.3,10.7
0.297,0.302,U8,MN8014,19.35660084207654,4.82584159237701,WPG,SSPG,0.125,0.35,0,-0.997111980745526,363.4,6.3,10.7
0.297,0.302,U8,MN8014,19.35615584856382,4.8259343610591525,WPG,SSPG,0.125,0.35,5,-0.9972098918781143,363.0,6.3,10.7
0.297,0.302,U8,MN8014,19.357560973969257,4.825879764789063,WPG,SSPG,0.125,0.35,4,-0.9962624564507507,362.9,6.3,10.7
0.297,0.302,U8,MN8014,19.359594219974824,4.826521466876082,WPG,SSPG,0.125,0.35,0,-0.9930241725383127,362.8,6.3,10.7
0.297,0.302,U8,MN8014,19.35674840058953,4.825740950238852,WPG,SSPG,0.125,0.35,0,-0.9972677791463713,362.7,6.3,10.7
0.297,0.302,U8,MN8014,19.357934296881925,4.827630855955937,WPG,SSPG,0.125,0.35,3,-0.9914322332331835,362.9,6.3,10.7
0.297,0.302,U8,MN8014,19.35517938165134,4.8267087329244305,WPG,SSPG,0.125,0.35,5,-0.9959079785065335,362.8,6.3,10.7
0.297,0.302,U8,MN8014,19.352211702752157,4.826990292107845,WPG,SSPG,0.125,0.35,4,-0.9974502970695038,362.9,6.3,10.7
0.297,0.302,U8,MN8014,19.35225481723994,4.827463374950377,WPG,SSPG,0.125,0.35,1,-0.9961704394722748,362.5,6.3,10.7
0.297,0.302,U8,MN8014,19.35290415202184,4.826894640810258,WPG,SSPG,0.125,0.35,5,-0.9971693256513312,363.0,6.3,10.7
0.297,0.302,U8,MN8014,19.350477111177966,4.827467727970706,WPG,SSPG,0.125,0.35,3,-0.9975221867307553,362.7,6.3,10.7
0.297,0.302,U8,MN8014,19.355491831110122,4.826804729668881,WPG,SSPG,0.125,0.35,4,-0.9954167475753781,363.1,6.3,10.7
0.297,0.302,U8,MN8014,19.355849957011348,4.826802785320905,WPG,SSPG,0.125,0.35,5,-0.9951478510848144,363.2,6.3,10.7
0.297,0.302,U8,MN8014,19.35468123228756,4.826109776811291,WPG,SSPG,0.125,0.35,3,-0.9978896910755939,363.6,6.3,10.7
0.297,0.302,U8,MN8014,19.352169006241972,4.826953829256945,WPG,SSPG,0.125,0.35,6,-0.9975803503553653,363.0,6.3,10.7
0.297,0.302,U8,MN8014,19.352334981586335,4.8272165310767825,WPG,SSPG,0.125,0.35,4,-0.9967566978633826,363.0,6.3,10.7
0.297,0.302,U8,MN8014,19.352809545630816,4.827293562590832,WPG,SSPG,0.125,0.35,2,-0.99619054918095,362.9,6.3,10.7
0.297,0.302,U8,MN8014,19.355385260144676,4.826212517042685,WPG,SSPG,0.125,0.35,0,-0.9970641658889754,363.4,6.3,10.7
0.297,0.302,U8,MN8014,19.357334176613076,4.826125979943028,WPG,SSPG,0.125,0.35,1,-0.9957847915765452,363.1,6.3,10.7
0.297,0.302,U8,MN8014,19.35473609190415,4.82620858090847,WPG,SSPG,0.125,0.35,2,-0.9975803117860362,362.7,6.3,10.7
0.297,0.302,U8,MN8014,19.35031632899802,4.827094072520366,WPG,SSPG,0.125,0.35,7,-0.9986430831856925,362.6,6.3,10.7
0.297,0.302,U8,MN8014,19.35438006005358,4.8265720180940646,WPG,SSPG,0.125,0.35,4,-0.9968852803142649,362.6,6.3,10.7
0.297,0.302,U8,MN8014,19.351309236720486,4.8284416850641225,WPG,SSPG,0.125,0.35,7,-0.9943541345787175,363.0,6.3,10.7
0.297,0.302,U8,MN8014,19.356396837601878,4.8274693274248115,WPG,SSPG,0.125,0.35,0,-0.9930082354886025,362.8,6.3,10.7
0.297,0.302,U8,MN8014,19.35517067090811,4.826189045589767,WPG,SSPG,0.125,0.35,3,-0.9972940119968818,363.1,6.3,10.7
0.297,0.302,U8,MN8014,19.35092616116523,4.827059873710012,WPG,SSPG,0.125,0.35,3,-0.9982606639200231,362.6,6.3,10.7
0.297,0.302,U8,MN8014,19.35476776251536,4.826261489346065,WPG,SSPG,0.125,0.35,0,-0.9974134684707163,363.1,6.3,10.7
0.297,0.302,U8,MN8014,19.36072238022058,4.825002426477754,WPG,SSPG,0.125,0.35,0,-0.9961476944165586,363.3,6.3,10.7
0.297,0.302,U8,MN8014,19.359175811537057,4.8259308930437985,WPG,SSPG,0.125,0.35,3,-0.994879897381697,363.4,6.3,10.7
0.297,0.302,U8,MN8014,19.357767744011852,4.825539721117955,WPG,SSPG,0.125,0.35,3,-0.99701282189592,363.9,6.3,10.7
0.297,0.302,U8,MN8014,19.361313610532864,4.825145015282104,WPG,SSPG,0.125,0.35,4,-0.9953048725528113,363.5,6.3,10.7
0.297,0.302,U8,MN8014,19.353269948058234,4.82683080149057,WPG,SSPG,0.125,0.35,0,-0.9970562077181739,363.6,6.3,10.7
0.297,0.302,U8,MN8014,19.35782037783723,4.8256215888606775,WPG,SSPG,0.125,0.35,7,-0.9967512126605484,364.1,6.3,10.7
0.297,0.302,U8,MN8014,19.353564488459455,4.826466109097376,WPG,SSPG,0.125,0.35,3,-0.9978014200374243,363.8,6.3,10.7
0.297,0.302,U8,MN8014,19.35574369396685,4.82601573386794,WPG,SSPG,0.125,0.35,0,-0.9973127490618072,364.1,6.3,10.7
0.297,0.302,U8,MN8014,19.353903973067155,4.8271036440495365,WPG,SSPG,0.125,0.35,2,-0.9958501673756004,363.9,6.3,10.7
0.297,0.302,U8,MN8014,19.353534394257593,4.826932099190435,WPG,SSPG,0.125,0.35,7,-0.9965843758628203,363.9,6.3,10.7
0.297,0.302,U8,MN8014,19.35263704716142,4.8266675490264594,WPG,SSPG,0.125,0.35,7,-0.9979826419972007,363.6,6.3,10.7
0.297,0.302,U8,MN8014,19.353142138452945,4.826540906670693,WPG,SSPG,0.125,0.35,2,-0.9979295021650341,363.9,6.3,10.7
0.297,0.302,U8,MN8014,19.351654990248207,4.826706170936052,WPG,SSPG,0.125,0.35,5,-0.9986448409123199,363.8,6.3,10.7
0.297,0.302,U8,MN8014,19.35037032075116,4.827219468347714,WPG,SSPG,0.125,0.35,2,-0.9982648331696691,363.7,6.3,10.7
0.297,0.302,U8,MN8014,19.350680490540604,4.827165152890135,WPG,SSPG,0.125,0.35,3,-0.9981695455627388,364.2,6.3,10.7
0.297,0.302,U8,MN8014,19.355361073574407,4.826256699839288,WPG,SSPG,0.125,0.35,4,-0.9969648802171065,364.0,6.3,10.7
0.297,0.302,U8,MN8014,19.351580231939337,4.826743594258874,WPG,SSPG,0.125,0.35,4,-0.9986021116162025,364.4,6.3,10.7
0.297,0.302,U8,MN8014,19.352945019955634,4.826743038230749,WPG,SSPG,0.125,0.35,4,-0.9975412343680592,364.1,6.3,10.7
0.297,0.302,U8,MN8014,19.351060888306847,4.82690004930132,WPG,SSPG,0.125,0.35,1,-0.9985853275931422,364.5,6.3,10.7
0.297,0.302,U8,MN8014,19.350347882299733,4.827243732034347,WPG,SSPG,0.125,0.35,3,-0.9982173712922258,364.3,6.3,10.7
0.297,0.302,U8,MN8014,19.352789656589977,4.826607609363998,WPG,SSPG,0.125,0.35,7,-0.9980248524079958,364.4,6.3,10.7
0.297,0.302,U8,MN8014,19.35249282988829,4.826619730880348,WPG,SSPG,0.125,0.35,4,-0.9982237056563807,364.2,6.3,10.7
0.297,0.302,U8,MN8014,19.351543606778595,4.826855146753864,WPG,SSPG,0.125,0.35,0,-0.9983299843327504,364.6,6.3,10.7
0.297,0.302,U8,MN8014,19.35111533473205,4.82680803361735,WPG,SSPG,0.125,0.35,2,-0.9987912877048899,364.3,6.3,10.7
0.297,0.302,U8,MN8014,19.35046878072594,4.826930053197911,WPG,SSPG,0.125,0.35,7,-0.99896666031775,364.3,6.3,10.7
0.297,0.302,U8,MN8014,19.350183333850126,4.827051213471475,WPG,SSPG,0.125,0.35,6,-0.9988621959728867,364.4,6.3,10.7
0.297,0.302,U8,MN8014,19.35034343733901,4.827025831401432,WPG,SSPG,0.125,0.35,0,-0.9988057742070655,364.3,6.3,10.7
0.297,0.302,U8,MN8014,19.350283194177667,4.827018136522512,WPG,SSPG,0.125,0.35,2,-0.9988735469231393,364.2,6.3,10.7
0.297,0.302,U8,MN8014,19.350311937425133,4.82698111619454,WPG,SSPG,0.125,0.35,5,-0.9989511215211149,364.3,6.3,10.7
0.297,0.302,U8,MN8014,19.350244709507372,4.827032290519346,WPG,SSPG,0.125,0.35,6,-0.998865373635347,364.1,6.3,10.7
0.297,0.302,U8,MN8014,19.350472727508542,4.8270023336713725,WPG,SSPG,0.125,0.35,0,-0.9987683006705836,364.3,6.3,10.7
0.297,0.302,U8,MN8014,19.350427124610235,4.826924922160025,WPG,SSPG,0.125,0.35,4,-0.999013125340463,364.3,6.3,10.7
0.297,0.302,U8,MN8014,19.350831729009926,4.826840720473541,WPG,SSPG,0.125,0.35,7,-0.9989246366070521,364.3,6.3,10.7
0.297,0.302,U8,MN8014,19.350177210278147,4.826994160782709,WPG,SSPG,0.125,0.35,3,-0.9990211223640024,364.4,6.3,10.7
0.297,0.302,U8,MN8014,19.350610387377976,4.826924451764584,WPG,SSPG,0.125,0.35,4,-0.9988711322192643,364.4,6.3,10.7
0.297,0.302,U8,MN8014,19.350248946967145,4.826953836044046,WPG,SSPG,0.125,0.35,5,-0.9990741906731131,364.4,6.3,10.7
0.297,0.302,U8,MN8014,19.35009863161534,4.8270016859447376,WPG,SSPG,0.125,0.35,5,-0.9990621820934482,364.3,6.3,10.7
0.297,0.302,U8,MN8014,19.35020278480569,4.82701299322119,WPG,SSPG,0.125,0.35,0,-0.9989502199180667,364.3,6.3,10.7
0.297,0.302,U8,MN8014,19.350327995926243,4.826932000026652,WPG,SSPG,0.125,0.35,6,-0.9990715020862009,364.2,6.3,10.7
0.297,0.302,U8,MN8014,19.350289403560442,4.826936792675114,WPG,SSPG,0.125,0.35,6,-0.9990887129945865,364.2,6.3,10.7
0.297,0.302,U8,MN8014,19.350376494124735,4.82693089616754,WPG,SSPG,0.125,0.35,2,-0.9990365502764025,364.2,6.3,10.7
0.297,0.302,U8,MN8014,19.350164703156196,4.826980989677897,WPG,SSPG,0.125,0.35,5,-0.9990665460430037,364.1,6.3,10.7
0.297,0.302,U8,MN8014,19.350532113604192,4.826924815842676,WPG,SSPG,0.125,0.35,0,-0.9989313197329253,364.2,6.3,10.7
0.297,0.302,U8,MN8014,19.35052175068811,4.826923253972003,WPG,SSPG,0.125,0.35,2,-0.998943646372112,364.3,6.3,10.7
0.297,0.302,U8,MN8014,19.35043472259958,4.826946584444453,WPG,SSPG,0.125,0.35,5,-0.9989485575608157,364.2,6.3,10.7
0.297,0.302,U8,MN8014,19.350409790126697,4.826921171743503,WPG,SSPG,0.125,0.35,0,-0.9990368424895131,364.2,6.3,10.7
0.297,0.302,U8,MN8014,19.35024098056075,4.82694832355509,WPG,SSPG,0.125,0.35,1,-0.9990953570652792,364.2,6.3,10.7
0.297,0.302,U8,MN8014,19.350184453420926,4.8269595316833245,WPG,SSPG,0.125,0.35,7,-0.999109215744344,364.2,6.3,10.7
0.297,0.302,U8,MN8014,19.350303259468202,4.826937901397246,WPG,SSPG,0.125,0.35,4,-0.9990748673203207,364.2,6.3,10.7
0.297,0.302,U8,MN8014,19.350141758865185,4.826970134703762,WPG,SSPG,0.125,0.35,1,-0.999113890652886,364.2,6.3,10.7
0.297,0.302,U8,MN8014,19.3501467421327,4.826966140318932,WPG,SSPG,0.125,0.35,7,-0.9991208145681405,364.2,6.3,10.7
0.297,0.302,U8,MN8014,19.350047496885402,4.826984440008912,WPG,SSPG,0.125,0.35,4,-0.9991488775537452,364.2,6.3,10.7
0.297,0.302,U8,MN8014,19.35004981522288,4.826988369972578,WPG,SSPG,0.125,0.35,0,-0.9991364153030204,364.3,6.3,10.7
0.297,0.302,U8,MN8014,19.35009177886485,4.826978901554334,WPG,SSPG,0.125,0.35,4,-0.9991292395025262,364.2,6.3,10.7
0.297,0.302,U8,MN8014,19.350041457699753,4.826990927670672,WPG,SSPG,0.125,0.35,5,-0.9991360239045566,364.2,6.3,10.7
0.297,0.302,U8,MN8014,19.350035332038505,4.82699957431413,WPG,SSPG,0.125,0.35,7,-0.9991173940636635,364.2,6.3,10.7
0.297,0.302,U8,MN8014,19.350019799126024,4.827003399625133,WPG,SSPG,0.125,0.35,1,-0.9991191823042129,364.3,6.3,10.7
0.297,0.302,U8,MN8014,19.350052603081515,4.827002412504093,WPG,SSPG,0.125,0.35,5,-0.9990962024797945,364.3,6.3,10.7
0.297,0.302,U8,MN8014,19.350090705163105,4.826978763841127,WPG,SSPG,0.125,0.35,7,-0.9991304526408875,364.3,6.3,10.7
0.297,0.302,U8,MN8014,19.350047327259816,4.8269970329052825,WPG,SSPG,0.125,0.35,4,-0.9991148954593374,364.2,6.3,10.7
0.297,0.302,U8,MN8014,19.350110144296828,4.8269745085421585,WPG,SSPG,0.125,0.35,3,-0.9991267739224767,364.3,6.3,10.7
0.297,0.302,U8,MN8014,19.350221396555177,4.826951547439933,WPG,SSPG,0.125,0.35,7,-0.9991019447698726,364.3,6.3,10.7
0.297,0.302,U8,MN8014,19.350068834023162,4.8269903506337215,WPG,SSPG,0.125,0.35,5,-0.9991161726979279,364.3,6.3,10.7
0.297,0.302,U8,MN8014,19.350197258179783,4.826964226130846,WPG,SSPG,0.125,0.35,0,-0.9990864806091206,364.3,6.3,10.7
0.297,0.302,U8,MN8014,19.350055030761744,4.826998636880973,WPG,SSPG,0.125,0.35,2,-0.9991045271916175,364.3,6.3,10.7
0.297,0.302,U8,MN8014,19.35006224193325,4.826990710923036,WPG,SSPG,0.125,0.35,5,-0.9991203529836667,364.3,6.3,10.7
0.297,0.302,U8,MN8014,19.35001472865011,4.827001781959653,WPG,SSPG,0.125,0.35,2,-0.9991275290438555,364.3,6.3,10.7
0.297,0.302,U8,MN8014,19.35005570578359,4.826983264618282,WPG,SSPG,0.125,0.35,2,-0.9991456399494982,364.3,6.3,10.7
0.297,0.302,U8,MN8014,19.350009980739916,4.826998211992451,WPG,SSPG,0.125,0.35,6,-0.999140912958449,364.3,6.3,10.7
0.297,0.302,U8,MN8014,19.350003397501823,4.8270005302531285,WPG,SSPG,0.125,0.35,5,-0.9991397824071004,364.3,6.3,10.7
0.297,0.302,U8,MN8014,19.350072537899173,4.826983362788781,WPG,SSPG,0.125,0.35,1,-0.9991322051385083,364.3,6.3,10.7
0.297,0.302,U8,MN8014,19.35001909873789,4.826990515827781,WPG,SSPG,0.125,0.35,0,-0.9991546319167846,364.3,6.3,10.7
0.297,0.302,U8,MN8014,19.350052741475015,4.826983672250226,WPG,SSPG,0.125,0.35,2,-0.9991468546364501,364.3,6.3,10.7
0.297,0.302,U8,MN8014,19.35003335817852,4.826987300045507,WPG,SSPG,0.125,0.35,0,-0.9991521895426274,364.3,6.3,10.7
0.297,0.302,U8,MN8014,19.350022867254776,4.826990995367432,WPG,SSPG,0.125,0.35,3,-0.9991503841166818,364.3,6.3,10.7
0.297,0.302,U8,MN8014,19.3500070344616,4.826996400857824,WPG,SSPG,0.125,0.35,5,-0.9991481244490981,364.3,6.3,10.7
0.297,0.302,U8,MN8014,19.350022567436717,4.82699023060241,WPG,SSPG,0.125,0.35,4,-0.9991526909543946,364.3,6.3,10.7
0.297,0.302,U8,MN8014,19.350006821092165,4.8269933026864695,WPG,SSPG,0.125,0.35,0,-0.9991566859988623,364.3,6.3,10.7
0.297,0.302,U8,MN8014,19.350042209343925,4.826985880171772,WPG,SSPG,0.125,0.35,2,-0.9991491119735283,364.3,6.3,10.7
0.297,0.302,U8,MN8014,19.35003233659296,4.826987502417694,WPG,SSPG,0.125,0.35,4,-0.9991524404395342,364.3,6.3,10.7
0.297,0.302,U8,MN8014,19.350036058734272,4.826988236678721,WPG,SSPG,0.125,0.35,3,-0.9991475386346114,364.3,6.3,10.7
0.297,0.302,U8,MN8014,19.35003893047732,4.82698626562484,WPG,SSPG,0.125,0.35,6,-0.9991506328585267,364.3,6.3,10.7
0.297,0.302,U8,MN8014,19.35003995972428,4.826985940312868,WPG,SSPG,0.125,0.35,2,-0.999150709110717,364.3,6.3,10.7
0.297,0.302,U8,MN8014,19.350039220477758,4.8269854515311215,WPG,SSPG,0.125,0.35,4,-0.9991526120476273,364.3,6.3,10.7
0.297,0.302,U8,MN8014,19.35000627679459,4.826993728365563,WPG,SSPG,0.125,0.35,4,-0.9991559583706593,364.3,6.3,10.7
0.297,0.302,U8,MN8014,19.35001743429886,4.826990360573873,WPG,SSPG,0.125,0.35,2,-0.9991563548730422,364.3,6.3,10.7
0.297,0.302,U8,MN8014,19.350005798324837,4.826995044636641,WPG,SSPG,0.125,0.35,7,-0.9991527661050252,364.3,6.3,10.7
0.297,0.302,U8,MN8014,19.350006387390145,4.826994476658757,WPG,SSPG,0.125,0.35,3,-0.9991538442324881,364.3,6.3,10.7
0.297,0.302,U8,MN8014,19.35001400724071,4.826991117951947,WPG,SSPG,0.125,0.35,5,-0.9991569838239265,364.3,6.3,10.7
0.297,0.302,U8,MN8014,19.350011903585074,4.826991685050604,WPG,SSPG,0.125,0.35,6,-0.9991570929737073,364.3,6.3,10.7
0.297,0.302,U8,MN8014,19.350018409717347,4.826989758252021,WPG,SSPG,0.125,0.35,5,-0.9991572239148709,364.3,6.3,10.7
0.297,0.302,U8,MN8014,19.35001760958524,4.826989961643479,WPG,SSPG,0.125,0.35,6,-0.9991572987767121,364.3,6.3,10.7
0.297,0.302,U8,MN8014,19.35000778814866,4.826992350267645,WPG,SSPG,0.125,0.35,7,-0.999158510240747,364.3,6.3,10.7
0.297,0.302,U8,MN8014,19.350008522835594,4.826991883698748,WPG,SSPG,0.125,0.35,5,-0.999159199756976,364.4,6.3,10.7
0.297,0.302,U8,MN8014,19.350019674752584,4.826989487751087,WPG,SSPG,0.125,0.35,4,-0.9991569671673872,364.3,6.3,10.7
0.297,0.302,U8,MN8014,19.350011446802984,4.826990934294013,WPG,SSPG,0.125,0.35,0,-0.9991594848130596,364.3,6.3,10.7
0.297,0.302,U8,MN8014,19.350007489543646,4.826992648640894,WPG,SSPG,0.125,0.35,7,-0.999157935329043,364.4,6.3,10.7
0.297,0.302,U8,MN8014,19.350011560081896,4.826990822202958,WPG,SSPG,0.125,0.35,4,-0.9991596999404688,364.3,6.3,10.7
0.297,0.302,U8,MN8014,19.350008910390336,4.826991266624261,WPG,SSPG,0.125,0.35,3,-0.9991605687464968,364.3,6.3,10.7
0.297,0.302,U8,MN8014,19.350004430715646,4.82699205746248,WPG,SSPG,0.125,0.35,4,-0.9991619305863146,364.3,6.3,10.7
0.297,0.302,U8,MN8014,19.350007840694392,4.826992015559623,WPG,SSPG,0.125,0.35,4,-0.9991593761393052,364.3,6.3,10.7
0.297,0.302,U8,MN8014,19.350002517458186,4.826993030176785,WPG,SSPG,0.125,0.35,0,-0.9991607915603069,364.3,6.3,10.7
0.297,0.302,U8,MN8014,19.35000221169658,4.826993265797616,WPG,SSPG,0.125,0.35,0,-0.9991603922860843,364.3,6.3,10.7
0.297,0.302,U8,MN8014,19.35000230106759,4.826993078528043,WPG,SSPG,0.125,0.35,3,-0.9991608298382904,364.3,6.3,10.7
0.297,0.302,U8,MN8014,19.35000299460178,4.826992857507175,WPG,SSPG,0.125,0.35,4,-0.9991608861569112,364.3,6.3,10.7
0.297,0.302,U8,MN8014,19.350000585890704,4.826993540903632,WPG,SSPG,0.125,0.35,5,-0.9991609188126969,364.3,6.3,10.7
0.297,0.302,U8,MN8014,19.350006284634322,4.8269919941563755,WPG,SSPG,0.125,0.35,1,-0.9991606516109339,364.3,6.3,10.7
0.297,0.302,U8,MN8014,19.35000520066824,4.826992102923285,WPG,SSPG,0.125,0.35,0,-0.9991612049679333,364.4,6.3,10.7
0.297,0.302,U8,MN8014,19.35000153926947,4.826992899007781,WPG,SSPG,0.125,0.35,1,-0.9991619123552873,364.4,6.3,10.7
0.297,0.302,U8,MN8014,19.350006743127732,4.826991627729272,WPG,SSPG,0.125,0.35,5,-0.9991612858730008,364.4,6.3,10.7
0.297,0.302,U8,MN8014,19.350008979803114,4.826991169060372,WPG,SSPG,0.125,0.35,6,-0.9991607788298982,364.3,6.3,10.7
0.297,0.302,U8,MN8014,19.35000228524208,4.8269924916910885,WPG,SSPG,0.125,0.35,4,-0.9991624324999417,364.4,6.3,10.7
0.297,0.302,U8,MN8014,19.35000350515954,4.826992295442972,WPG,SSPG,0.125,0.35,1,-0.9991620098404201,364.4,6.3,10.7
0.297,0.302,U8,MN8014,19.35000038275003,4.826992971258051,WPG,SSPG,0.125,0.35,3,-0.9991626214352376,364.4,6.3,10.7
0.297,0.302,U8,MN8014,19.349991545482315,4.826995137893988,WPG,SSPG,0.125,0.35,6,-0.9306794984385736,364.4,6.3,10.7
0.297,0.302,U8,MN8014,19.350002663094536,4.826992798674416,WPG,SSPG,0.125,0.35,3,-0.9991613049605199,364.4,6.3,10.7
0.297,0.302,U8,MN8014,19.350002049462788,4.826992714975849,WPG,SSPG,0.125,0.35,2,-0.9991620118879112,364.4,6.3,10.7
0.297,0.302,U8,MN8014,19.35000004005169,4.826992863287086,WPG,SSPG,0.125,0.35,4,-0.9991631821636204,364.4,6.3,10.7
0.297,0.302,U8,MN8014,19.350005257324078,4.826991743393951,WPG,SSPG,0.125,0.35,0,-0.9991621349468307,364.4,6.3,10.7
0.297,0.302,U8,MN8014,19.35000040914023,4.826992882899684,WPG,SSPG,0.125,0.35,7,-0.9991628402336357,364.4,6.3,10.7
0.297,0.302,U8,MN8014,19.3500015682924,4.826992623311967,WPG,SSPG,0.125,0.35,4,-0.9991626367660498,364.4,6.3,10.7
0.297,0.302,U8,MN8014,19.35000367291057,4.826992118414964,WPG,SSPG,0.125,0.35,3,-0.9991623583277054,364.4,6.3,10.7
0.297,0.302,U8,MN8014,19.35000506276748,4.826991822666822,WPG,SSPG,0.125,0.35,0,-0.9991620723447436,364.4,6.3,10.7
0.297,0.302,U8,MN8014,19.350001877366864,4.8269927390440746,WPG,SSPG,0.125,0.35,2,-0.9991620813144095,364.4,6.3,10.7
0.297,0.302,U8,MN8014,19.350000444574754,4.826992863317206,WPG,SSPG,0.125,0.35,7,-0.99916286557667,364.4,6.3,10.7
0.297,0.302,U8,MN8014,19.35000443082997,4.8269919869196,WPG,SSPG,0.125,0.35,5,-0.999162121665206,364.4,6.3,10.7
0.297,0.302,U8,MN8014,19.35000111374643,4.82699265184615,WPG,SSPG,0.125,0.35,5,-0.9991629150838328,364.4,6.3,10.7
0.297,0.302,U8,MN8014,19.350001195826245,4.8269925694492315,WPG,SSPG,0.125,0.35,5,-0.9991630741561384,364.4,6.3,10.7
0.297,0.302,U8,MN8014,19.35000248802034,4.82699237307381,WPG,SSPG,0.125,0.35,4,-0.999162595290823,364.4,6.3,10.7
0.297,0.302,U8,MN8014,19.35000092611875,4.826992718859212,WPG,SSPG,0.125,0.35,1,-0.9991628802839969,364.4,6.3,10.7
0.297,0.302,U8,MN8014,19.350001757480307,4.826992469915716,WPG,SSPG,0.125,0.35,3,-0.999162904440265,364.4,6.3,10.7
0.297,0.302,U8,MN8014,19.35000004922671,4.826992796891296,WPG,SSPG,0.125,0.35,7,-0.9991633549152326,364.4,6.3,10.7
0.297,0.302,U8,MN8014,19.350001305743348,4.82699271062894,WPG,SSPG,0.125,0.35,7,-0.9991626055634679,364.4,6.3,10.7
0.297,0.302,U8,MN8014,19.35000051257314,4.826992740472567,WPG,SSPG,0.125,0.35,7,-0.9991631452777678,364.4,6.3,10.7
0.297,0.302,U8,MN8014,19.350001123966443,4.826992568792506,WPG,SSPG,0.125,0.35,6,-0.9991631321602661,364.4,6.3,10.7
0.297,0.302,U8,MN8014,19.350002454957973,4.82699232115329,WPG,SSPG,0.125,0.35,6,-0.9991627618623458,364.4,6.3,10.7
0.297,0.302,U8,MN8014,19.35000269524539,4.826992254998992,WPG,SSPG,0.125,0.35,1,-0.9991627531330405,364.4,6.3,10.7
0.297,0.302,U8,MN8014,19.350002213783974,4.82699238544394,WPG,SSPG,0.125,0.35,1,-0.9991627763355808,364.4,6.3,10.7
0.297,0.302,U8,MN8014,19.350001232267438,4.826992602680385,WPG,SSPG,0.125,0.35,0,-0.9991629555885613,364.4,6.3,10.7
0.297,0.302,U8,MN8014,19.35000162534016,4.826992530141619,WPG,SSPG,0.125,0.35,5,-0.9991628446189278,364.4,6.3,10.7
0.297,0.302,U8,MN8014,19.350001204395923,4.826992582560258,WPG,SSPG,0.125,0.35,4,-0.9991630319204994,364.4,6.3,10.7
0.297,0.302,U8,MN8014,19.35000116908082,4.826992684354126,WPG,SSPG,0.125,0.35,2,-0.9991627836938601,364.4,6.3,10.7
0.297,0.302,U8,MN8014,19.35000099362932,4.826992666829739,WPG,SSPG,0.125,0.35,7,-0.9991629684605918,364.4,6.3,10.7
0.297,0.302,U8,MN8014,19.35000115007483,4.826992568714258,WPG,SSPG,0.125,0.35,0,-0.9991631119446058,364.4,6.3,10.7
0.297,0.302,U8,MN8014,19.35000116206644,4.826992640613556,WPG,SSPG,0.125,0.35,4,-0.9991629077173432,364.4,6.3,10.7
0.297,0.302,U8,MN8014,19.350001407074775,4.826992557694226,WPG,SSPG,0.125,0.35,6,-0.9991629407270466,364.4,6.3,10.7
0.297,0.302,U8,MN8014,19.3500006945218,4.826992694527808,WPG,SSPG,0.125,0.35,3,-0.9991631274267352,364.4,6.3,10.7
0.297,0.302,U8,MN8014,19.350000266232122,4.8269927959101455,WPG,SSPG,0.125,0.35,4,-0.9991631877853724,364.4,6.3,10.7
0.297,0.302,U8,MN8014,19.350000379448748,4.826992767611768,WPG,SSPG,0.125,0.35,3,-0.9991631758903559,364.4,6.3,10.7
0.297,0.302,U8,MN8014,19.3500002387376,4.826992758895753,WPG,SSPG,0.125,0.35,0,-0.9991633096053913,364.4,6.3,10.7
0.297,0.302,U8,MN8014,19.3500006325225,4.826992690126206,WPG,SSPG,0.125,0.35,4,-0.999163187864287,364.4,6.3,10.7
0.297,0.302,U8,MN8014,19.350001113244375,4.826992543680877,WPG,SSPG,0.125,0.35,7,-0.9991632086013347,364.4,6.3,10.7
0.297,0.302,U8,MN8014,19.350000286130026,4.826992744603756,WPG,SSPG,0.125,0.35,0,-0.9991633112556517,364.4,6.3,10.7
0.297,0.302,U8,MN8014,19.350000914372863,4.826992595743441,WPG,SSPG,0.125,0.35,1,-0.9991632231139942,364.4,6.3,10.7
0.297,0.302,U8,MN8014,19.350000132920847,4.826992794174348,WPG,SSPG,0.125,0.35,4,-0.9991632967943804,364.4,6.3,10.7
0.297,0.302,U8,MN8014,19.35000060164565,4.826992657830225,WPG,SSPG,0.125,0.35,5,-0.9991632995441311,364.4,6.3,10.7
0.297,0.302,U8,MN8014,19.3500007359684,4.826992656333437,WPG,SSPG,0.125,0.35,1,-0.9991631985037266,364.4,6.3,10.7
0.297,0.302,U8,MN8014,19.350000296621012,4.826992740211353,WPG,SSPG,0.125,0.35,6,-0.9991633149505788,364.4,6.3,10.7
0.297,0.302,U8,MN8014,19.350000128795184,4.826992785681053,WPG,SSPG,0.125,0.35,0,-0.9991633230388945,364.4,6.3,10.7
0.297,0.302,U8,MN8014,19.35000026287008,4.826992741537771,WPG,SSPG,0.125,0.35,7,-0.9991633377633349,364.4,6.3,10.7
0.297,0.302,U8,MN8014,19.350000619626805,4.826992652279908,WPG,SSPG,0.125,0.35,1,-0.9991633005166243,364.4,6.3,10.7
0.297,0.302,U8,MN8014,19.350000294238416,4.826992729424081,WPG,SSPG,0.125,0.35,3,-0.9991633460478955,364.4,6.3,10.7
0.297,0.302,U8,MN8014,19.350000184309593,4.826992728654629,WPG,SSPG,0.125,0.35,4,-0.9991634341435844,364.4,6.3,10.7
0.297,0.302,U8,MN8014,19.350000493064382,4.826992683911061,WPG,SSPG,0.125,0.35,0,-0.9991633138218479,364.4,6.3,10.7
0.297,0.302,U8,MN8014,19.35000026872714,4.826992715619119,WPG,SSPG,0.125,0.35,3,-0.9991634034195886,364.4,6.3,10.7
0.297,0.302,U8,MN8014,19.350000072943455,4.826992771937386,WPG,SSPG,0.125,0.35,0,-0.999163403983367,364.4,6.3,10.7
0.297,0.302,U8,MN8014,19.350000208446268,4.826992718793679,WPG,SSPG,0.125,0.35,2,-0.9991634419814908,364.4,6.3,10.7
0.297,0.302,U8,MN8014,19.35000002730537,4.82699275002773,WPG,SSPG,0.125,0.35,1,-0.999163499066201,364.4,6.3,10.7
0.297,0.302,U8,MN8014,19.350000254338404,4.826992730063401,WPG,SSPG,0.125,0.35,4,-0.9991633755339357,364.4,6.3,10.7
0.297,0.302,U8,MN8014,19.350000126603973,4.826992740210871,WPG,SSPG,0.125,0.35,4,-0.9991634479764322,364.4,6.3,10.7
0.297,0.302,U8,MN8014,19.35000012047287,4.826992752981918,WPG,SSPG,0.125,0.35,2,-0.9991634181643025,364.4,6.3,10.7
0.297,0.302,U8,MN8014,19.350000100629494,4.826992749320708,WPG,SSPG,0.125,0.35,2,-0.9991634436118826,364.4,6.3,10.7
0.297,0.302,U8,MN8014,19.350000289588948,4.826992703009467,WPG,SSPG,0.125,0.35,6,-0.9991634212687757,364.4,6.3,10.7
0.297,0.302,U8,MN8014,19.350000132764613,4.826992729640158,WPG,SSPG,0.125,0.35,3,-0.9991634718025679,364.4,6.3,10.7
0.297,0.302,U8,MN8014,19.350000057384985,4.826992748479108,WPG,SSPG,0.125,0.35,3,-0.999163479727919,364.4,6.3,10.7
0.297,0.302,U8,MN8014,19.350000006119473,4.826992764047789,WPG,SSPG,0.125,0.35,4,-0.9991634776483469,364.4,6.3,10.7
0.297,0.302,U8,MN8014,19.350000151193516,4.826992728561931,WPG,SSPG,0.125,0.35,1,-0.9991634603054127,364.4,6.3,10.7
0.297,0.302,U8,MN8014,19.3500000650606,4.826992753071378,WPG,SSPG,0.125,0.35,1,-0.9991634612776537,364.4,6.3,10.7
0.297,0.302,U8,MN8014,19.350000095222583,4.826992739021915,WPG,SSPG,0.125,0.35,0,-0.9991634757519581,364.4,6.3,10.7
0.297,0.302,U8,MN8014,19.350000080133036,4.8269927404779205,WPG,SSPG,0.125,0.35,1,-0.9991634836125183,364.4,6.3,10.7
0.297,0.302,U8,MN8014,19.350000032397674,4.826992748612504,WPG,SSPG,0.125,0.35,3,-0.9991634989170777,364.4,6.3,10.7
0.297,0.302,U8,MN8014,19.350000017862435,4.826992756224553,WPG,SSPG,0.125,0.35,1,-0.9991634896612158,364.4,6.3,10.7
0.297,0.302,U8,MN8014,19.350000087010763,4.826992739810365,WPG,SSPG,0.125,0.35,2,-0.9991634800402256,364.4,6.3,10.7
0.297,0.302,U8,MN8014,19.350000035966183,4.826992751377177,WPG,SSPG,0.125,0.35,0,-0.9991634886327763,364.4,6.3,10.7
0.297,0.302,U8,MN8014,19.350000098571556,4.8269927395304935,WPG,SSPG,0.125,0.35,5,-0.9991634717533806,364.4,6.3,10.7
0.297,0.302,U8,MN8014,19.35000005789835,4.8269927489885704,WPG,SSPG,0.125,0.35,3,-0.9991634779457854,364.4,6.3,10.7
0.297,0.302,U8,MN8014,19.350000006107194,4.826992759464215,WPG,SSPG,0.125,0.35,5,-0.999163490079324,364.4,6.3,10.7
0.297,0.302,U8,MN8014,19.350000067763503,4.826992743929945,WPG,SSPG,0.125,0.35,5,-0.9991634839357477,364.4,6.3,10.7
0.297,0.302,U8,MN8014,19.350000033564783,4.826992748189542,WPG,SSPG,0.125,0.35,0,-0.9991634991500451,364.4,6.3,10.7
0.297,0.302,U8,MN8014,19.350000040583474,4.826992748732645,WPG,SSPG,0.125,0.35,6,-0.999163492186792,364.4,6.3,10.7
0.297,0.302,U8,MN8014,19.35000000223987,4.826992756507587,WPG,SSPG,0.125,0.35,0,-0.9991635011175184,364.4,6.3,10.7
0.297,0.302,U8,MN8014,19.35000003118151,4.826992750578569,WPG,SSPG,0.125,0.35,2,-0.9991634945405554,364.4,6.3,10.7
0.297,0.302,U8,MN8014,19.35000002432767,4.8269927500408345,WPG,SSPG,0.125,0.35,0,-0.9991635013604938,364.4,6.3,10.7
0.297,0.302,U8,MN8014,19.3500000719634,4.826992740569665,WPG,SSPG,0.125,0.35,4,-0.9991634897559543,364.4,6.3,10.7
0.297,0.302,U8,MN8014,19.35000002993452,4.826992751894999,WPG,SSPG,0.125,0.35,2,-0.9991634919488224,364.4,6.3,10.7
0.297,0.302,U8,MN8014,19.350000030568665,4.826992748628299,WPG,SSPG,0.125,0.35,0,-0.9991635003053201,364.4,6.3,10.7
0.297,0.302,U8,MN8014,19.350000021732864,4.826992751285766,WPG,SSPG,0.125,0.35,1,-0.9991635000168877,364.4,6.3,10.7
0.297,0.302,U8,MN8014,19.350000020640216,4.82699275142896,WPG,SSPG,0.125,0.35,6,-0.9991635004837587,364.4,6.3,10.7
0.297,0.302,U8,MN8014,19.350000004030036,4.826992754935861,WPG,SSPG,0.125,0.35,7,-0.9991635039762823,364.4,6.3,10.7
0.297,0.302,U8,MN8014,19.350000036510835,4.826992747410255,WPG,SSPG,0.125,0.35,5,-0.9991634989568805,364.4,6.3,10.7
0.297,0.302,U8,MN8014,19.35000002684032,4.826992749720714,WPG,SSPG,0.125,0.35,0,-0.9991635002619752,364.4,6.3,10.7
0.297,0.302,U8,MN8014,19.350000018539276,4.826992751933054,WPG,SSPG,0.125,0.35,1,-0.999163500761501,364.4,6.3,10.7
0.297,0.302,U8,MN8014,19.35000002847774,4.826992750143588,WPG,SSPG,0.125,0.35,1,-0.9991634978349371,364.4,6.3,10.7
0.297,0.302,U8,MN8014,19.350000022532036,4.826992750474055,WPG,SSPG,0.125,0.35,4,-0.9991635015913776,364.4,6.3,10.7
0.297,0.302,U8,MN8014,19.35000000741029,4.826992755206459,WPG,SSPG,0.125,0.35,7,-0.9991635005981383,364.4,6.3,10.7
0.297,0.302,U8,MN8014,19.350000028199155,4.826992749840564,WPG,SSPG,0.125,0.35,2,-0.9991634988741023,364.4,6.3,10.7
0.297,0.302,U8,MN8014,19.35000002608607,4.826992750301999,WPG,SSPG,0.125,0.35,5,-0.9991634992768681,364.4,6.3,10.7
0.297,0.302,U8,MN8014,19.350000023160554,4.826992750624555,WPG,SSPG,0.125,0.35,2,-0.9991635006917416,364.4,6.3,10.7
0.297,0.302,U8,MN8014,19.35000000304586,4.826992754556551,WPG,SSPG,0.125,0.35,6,-0.999163505774316,364.4,6.3,10.7
0.297,0.302,U8,MN8014,19.35000000350933,4.826992754095551,WPG,SSPG,0.125,0.35,2,-0.9991635066608993,364.4,6.3,10.7
0.297,0.302,U8,MN8014,19.350000001019904,4.826992754793741,WPG,SSPG,0.125,0.35,0,-0.999163506716565,364.4,6.3,10.7
0.297,0.302,U8,MN8014,19.35000000759293,4.826992753923588,WPG,SSPG,0.125,0.35,0,-0.9991635039319586,364.4,6.3,10.7
0.297,0.302,U8,MN8014,19.35000000438017,4.826992754008976,WPG,SSPG,0.125,0.35,4,-0.9991635062141526,364.4,6.3,10.7
0.297,0.302,U8,MN8014,19.35000000793105,4.826992753421067,WPG,SSPG,0.125,0.35,3,-0.9991635050291006,364.4,6.3,10.7
0.297,0.302,U8,MN8014,19.350000004991422,4.826992754231331,WPG,SSPG,0.125,0.35,2,-0.9991635051334047,364.4,6.3,10.7
0.297,0.302,U8,MN8014,19.350000003627187,4.82699275466647,WPG,SSPG,0.125,0.35,4,-0.9991635050214871,364.4,6.3,10.7
0.297,0.302,U8,MN8014,19.350000003562684,4.826992754684119,WPG,SSPG,0.125,0.35,1,-0.9991635050240628,364.4,6.3,10.7
0.297,0.302,U8,MN8014,19.350000002422057,4.8269927544336,WPG,SSPG,0.125,0.35,0,-0.999163506595595,364.4,6.3,10.7
0.297,0.302,U8,MN8014,19.35000000166074,4.826992754281236,WPG,SSPG,0.125,0.35,0,-0.9991635076040577,364.4,6.3,10.7
0.297,0.302,U8,MN8014,19.350000001995923,4.826992754213929,WPG,SSPG,0.125,0.35,5,-0.9991635075243135,364.4,6.3,10.7
0.297,0.302,U8,MN8014,19.35000000166992,4.826992754610512,WPG,SSPG,0.125,0.35,6,-0.9991635067046118,364.4,6.3,10.7
0.297,0.302,U8,MN8014,19.350000005527946,4.826992754003038,WPG,SSPG,0.125,0.35,7,-0.9991635053322732,364.4,6.3,10.7
0.297,0.302,U8,MN8014,19.3500000031444,4.826992753931145,WPG,SSPG,0.125,0.35,0,-0.9991635073919554,364.4,6.3,10.7
0.297,0.302,U8,MN8014,19.35000000192047,4.826992754483649,WPG,SSPG,0.125,0.35,7,-0.999163506852442,364.4,6.3,10.7
0.297,0.302,U8,MN8014,19.35000000028058,4.826992754635782,WPG,SSPG,0.125,0.35,7,-0.9991635077231695,364.4,6.3,10.7
0.297,0.302,U8,MN8014,19.350000001561156,4.82699275437188,WPG,SSPG,0.125,0.35,6,-0.999163507436359,364.4,6.3,10.7
0.297,0.302,U8,MN8014,19.350000000468675,4.826992754701071,WPG,SSPG,0.125,0.35,4,-0.9991635073989169,364.4,6.3,10.7
0.297,0.302,U8,MN8014,19.350000000977605,4.826992754325906,WPG,SSPG,0.125,0.35,2,-0.9991635080176966,364.4,6.3,10.7
0.297,0.302,U8,MN8014,19.350000007183105,4.826992754331394,WPG,SSPG,0.125,0.35,5,-0.9991635031473542,364.4,6.3,10.7
0.297,0.302,U8,MN8014,19.350000001171754,4.826992755050034,WPG,SSPG,0.125,0.35,5,-0.9991635059031854,364.4,6.3,10.7
0.297,0.302,U8,MN8014,19.350000002312484,4.82699275439065,WPG,SSPG,0.125,0.35,4,-0.9991635067976841,364.4,6.3,10.7
0.297,0.302,U8,MN8014,19.350000005458263,4.826992753840413,WPG,SSPG,0.125,0.35,6,-0.9991635058274664,364.4,6.3,10.7
0.297,0.302,U8,MN8014,19.350000003013594,4.826992754130663,WPG,SSPG,0.125,0.35,2,-0.9991635069536944,364.4,6.3,10.7
0.297,0.302,U8,MN8014,19.350000001930603,4.8269927547717275,WPG,SSPG,0.125,0.35,6,-0.9991635060638018,364.4,6.3,10.7
0.297,0.302,U8,MN8014,19.350000003291207,4.826992754159962,WPG,SSPG,0.125,0.35,3,-0.9991635066570339,364.4,6.3,10.7
0.297,0.302,U8,MN8014,19.350000000472548,4.826992754909681,WPG,SSPG,0.125,0.35,3,-0.9991635068307012,364.4,6.3,10.7
0.297,0.302,U8,MN8014,19.350000001752118,4.826992754419824,WPG,SSPG,0.125,0.35,7,-0.9991635071569966,364.4,6.3,10.7
0.297,0.302,U8,MN8014,19.350000003554445,4.826992754463164,WPG,SSPG,0.125,0.35,2,-0.9991635056293138,364.4,6.3,10.7
0.297,0.302,U8,MN8014,19.35000000052233,4.826992754594947,WPG,SSPG,0.125,0.35,7,-0.9991635076446261,364.4,6.3,10.7
0.297,0.302,U8,MN8014,19.350000001653775,4.826992754329477,WPG,SSPG,0.125,0.35,4,-0.9991635074788494,364.4,6.3,10.7
0.297,0.302,U8,MN8014,19.35000000258467,4.82699275488828,WPG,SSPG,0.125,0.35,0,-0.9991635052362238,364.4,6.3,10.7
0.297,0.302,U8,MN8014,19.35000000062401,4.826992754816582,WPG,SSPG,0.125,0.35,5,-0.9991635069644307,364.4,6.3,10.7
0.297,0.302,U8,MN8014,19.350000000734102,4.826992754434205,WPG,SSPG,0.125,0.35,7,-0.9991635079145755,364.4,6.3,10.7
0.297,0.302,U8,MN8014,19.35000000061411,4.82699275449266,WPG,SSPG,0.125,0.35,5,-0.9991635078500707,364.4,6.3,10.7
0.297,0.302,U8,MN8014,19.350000000372532,4.826992754508563,WPG,SSPG,0.125,0.35,7,-0.9991635079959487,364.4,6.3,10.7
0.297,0.302,U8,MN8014,19.350000000048542,4.826992754603722,WPG,SSPG,0.125,0.35,4,-0.9991635079915717,364.4,6.3,10.7
0.297,0.302,U8,MN8014,19.350000000115866,4.826992754499456,WPG,SSPG,0.125,0.35,2,-0.9991635082214287,364.4,6.3,10.7
0.297,0.302,U8,MN8014,19.350000002929235,4.826992754137077,WPG,SSPG,0.125,0.35,0,-0.9991635070021978,364.4,6.3,10.7
0.297,0.302,U8,MN8014,19.350000001580455,4.826992754280231,WPG,SSPG,0.125,0.35,6,-0.999163507669623,364.4,6.3,10.7
0.297,0.302,U8,MN8014,19.350000003658145,4.826992753994569,WPG,SSPG,0.125,0.35,6,-0.9991635068181051,364.4,6.3,10.7
0.297,0.302,U8,MN8014,19.350000001205643,4.826992754419465,WPG,SSPG,0.125,0.35,1,-0.9991635075855534,364.4,6.3,10.7
0.297,0.302,U8,MN8014,19.350000001027425,4.8269927543712035,WPG,SSPG,0.125,0.35,2,-0.9991635078557639,364.4,6.3,10.7
0.297,0.302,U8,MN8014,19.350000002228178,4.8269927541105,WPG,SSPG,0.125,0.35,5,-0.9991635076228267,364.4,6.3,10.7
0.297,0.302,U8,MN8014,19.350000003111926,4.82699275412643,WPG,SSPG,0.125,0.35,3,-0.9991635068881504,364.4,6.3,10.7
0.297,0.302,U8,MN8014,19.35000000010016,4.826992754509199,WPG,SSPG,0.125,0.35,4,-0.9991635082073156,364.4,6.3,10.7
0.297,0.302,U8,MN8014,19.350000000649942,4.826992754879684,WPG,SSPG,0.125,0.35,4,-0.9991635067731366,364.4,6.3,10.7
0.297,0.302,U8,MN8014,19.350000000428253,4.826992754723833,WPG,SSPG,0.125,0.35,2,-0.999163507368932,364.4,6.3,10.7
0.297,0.302,U8,MN8014,19.35000000224877,4.826992754390126,WPG,SSPG,0.125,0.35,2,-0.9991635068489284,364.4,6.3,10.7
0.297,0.302,U8,MN8014,19.35000000118273,4.82699275450933,WPG,SSPG,0.125,0.35,0,-0.9991635073599809,364.4,6.3,10.7
0.297,0.302,U8,MN8014,19.35000000041269,4.826992754714682,WPG,SSPG,0.125,0.35,1,-0.9991635074059051,364.4,6.3,10.7
0.297,0.302,U8,MN8014,19.350000000218444,4.826992754646241,WPG,SSPG,0.125,0.35,1,-0.9991635077434378,364.4,6.3,10.7
0.297,0.302,U8,MN8014,19.350000001326464,4.8269927543699565,WPG,SSPG,0.125,0.35,3,-0.9991635076252621,364.4,6.3,10.7
0.297,0.302,U8,MN8014,19.35000000132393,4.826992754386812,WPG,SSPG,0.125,0.35,0,-0.9991635075815228,364.4,6.3,10.7
0.297,0.302,U8,MN8014,19.350000000170382,4.826992754632669,WPG,SSPG,0.125,0.35,5,-0.9991635078177552,364.4,6.3,10.7
0.297,0.302,U8,MN8014,19.350000001031958,4.826992754376009,WPG,SSPG,0.125,0.35,4,-0.9991635078391834,364.4,6.3,10.7
0.297,0.302,U8,MN8014,19.350000002074456,4.82699275411673,WPG,SSPG,0.125,0.35,3,-0.9991635077262035,364.4,6.3,10.7
0.297,0.302,U8,MN8014,19.35000000051558,4.826992754478324,WPG,SSPG,0.125,0.35,3,-0.9991635079659851,364.4,6.3,10.7
0.297,0.302,U8,MN8014,19.350000000537573,4.826992754442768,WPG,SSPG,0.125,0.35,1,-0.9991635080451591,364.4,6.3,10.7
0.297,0.302,U8,MN8014,19.35000000218771,4.826992754133543,WPG,SSPG,0.125,0.35,0,-0.9991635075919874,364.4,6.3,10.7
0.297,0.302,U8,MN8014,19.35000000252841,4.826992754048449,WPG,SSPG,0.125,0.35,7,-0.9991635075560907,364.4,6.3,10.7
0.297,0.302,U8,MN8014,19.350000001453594,4.826992754191661,WPG,SSPG,0.125,0.35,7,-0.9991635080089996,364.4,6.3,10.7
0.297,0.302,U8,MN8014,19.3500000020204,4.826992754174468,WPG,SSPG,0.125,0.35,4,-0.9991635076119554,364.4,6.3,10.7
0.297,0.302,U8,MN8014,19.350000000586032,4.826992754503408,WPG,SSPG,0.125,0.35,3,-0.9991635078428978,364.4,6.3,10.7
0.297,0.302,U8,MN8014,19.350000000081963,4.8269927544639435,WPG,SSPG,0.125,0.35,1,-0.9991635083442603,364.4,6.3,10.7
0.297,0.302,U8,MN8014,19.350000001152612,4.826992754389671,WPG,SSPG,0.125,0.35,2,-0.9991635077078147,364.4,6.3,10.7
0.297,0.302,U8,MN8014,19.350000001310704,4.8269927542793845,WPG,SSPG,0.125,0.35,1,-0.9991635078829972,364.4,6.3,10.7
0.297,0.302,U8,MN8014,19.350000000843053,4.826992754307753,WPG,SSPG,0.125,0.35,6,-0.9991635081720105,364.4,6.3,10.7
0.297,0.302,U8,MN8014,19.350000000037088,4.826992754467248,WPG,SSPG,0.125,0.35,1,-0.9991635083703443,364.4,6.3,10.7
0.297,0.302,U8,MN8014,19.350000000711944,4.8269927543540385,WPG,SSPG,0.125,0.35,2,-0.9991635081491914,364.4,6.3,10.7
0.297,0.302,U8,MN8014,19.35000000000677,4.826992754502215,WPG,SSPG,0.125,0.35,0,-0.9991635082992971,364.4,6.3,10.7
0.297,0.302,U8,MN8014,19.350000000489366,4.826992754511944,WPG,SSPG,0.125,0.35,6,-0.9991635078954708,364.4,6.3,10.7
0.297,0.302,U8,MN8014,19.350000000170706,4.826992754605442,WPG,SSPG,0.125,0.35,0,-0.9991635078913514,364.4,6.3,10.7
0.297,0.302,U8,MN8014,19.350000000071333,4.826992754561031,WPG,SSPG,0.125,0.35,5,-0.9991635080893939,364.4,6.3,10.7
0.297,0.302,U8,MN8014,19.350000000826107,4.826992754453474,WPG,SSPG,0.125,0.35,4,-0.9991635077904082,364.4,6.3,10.7
0.297,0.302,U8,MN8014,19.350000000148434,4.826992754551091,WPG,SSPG,0.125,0.35,5,-0.99916350805616,364.4,6.3,10.7
0.297,0.302,U8,MN8014,19.350000000407608,4.826992754538326,WPG,SSPG,0.125,0.35,6,-0.9991635078879426,364.4,6.3,10.7
0.297,0.302,U8,MN8014,19.350000000607324,4.826992754435588,WPG,SSPG,0.125,0.35,7,-0.999163508010037,364.4,6.3,10.7
0.297,0.302,U8,MN8014,19.350000000760875,4.8269927544937605,WPG,SSPG,0.125,0.35,3,-0.9991635077323036,364.4,6.3,10.7
0.297,0.302,U8,MN8014,19.35000000032847,4.826992754541671,WPG,SSPG,0.125,0.35,2,-0.9991635079406347,364.4,6.3,10.7
0.297,0.302,U8,MN8014,19.350000000048848,4.826992754618618,WPG,SSPG,0.125,0.35,1,-0.999163507950934,364.4,6.3,10.7
0.297,0.302,U8,MN8014,19.350000000150942,4.8269927545846265,WPG,SSPG,0.125,0.35,3,-0.9991635079631074,364.4,6.3,10.7
0.297,0.302,U8,MN8014,19.35000000053492,4.8269927544797415,WPG,SSPG,0.125,0.35,2,-0.9991635079469638,364.4,6.3,10.7
0.297,0.302,U8,MN8014,19.350000000172873,4.826992754541473,WPG,SSPG,0.125,0.35,1,-0.9991635080630399,364.4,6.3,10.7
0.297,0.302,U8,MN8014,19.35000000036254,4.826992754497498,WPG,SSPG,0.125,0.35,5,-0.9991635080337513,364.4,6.3,10.7
0.297,0.302,U8,MN8014,19.35000000043783,4.826992754423257,WPG,SSPG,0.125,0.35,4,-0.9991635081759984,364.4,6.3,10.7
0.297,0.302,U8,MN8014,19.35000000020197,4.826992754509934,WPG,SSPG,0.125,0.35,2,-0.9991635081257364,364.4,6.3,10.7
0.297,0.302,U8,MN8014,19.350000000272665,4.826992754495412,WPG,SSPG,0.125,0.35,5,-0.9991635081097812,364.4,6.3,10.7
0.297,0.302,U8,MN8014,19.35000000026704,4.8269927544918,WPG,SSPG,0.125,0.35,4,-0.9991635081239352,364.4,6.3,10.7
0.297,0.302,U8,MN8014,19.350000000286578,4.82699275446016,WPG,SSPG,0.125,0.35,4,-0.9991635081944974,364.4,6.3,10.7
0.297,0.302,U8,MN8014,19.350000000039042,4.826992754483595,WPG,SSPG,0.125,0.35,1,-0.9991635083245995,364.4,6.3,10.7
0.297,0.302,U8,MN8014,19.350000000264814,4.826992754434165,WPG,SSPG,0.125,0.35,0,-0.9991635082819386,364.4,6.3,10.7
0.297,0.302,U8,MN8014,19.350000000013086,4.826992754491708,WPG,SSPG,0.125,0.35,0,-0.9991635083229387,364.4,6.3,10.7
0.297,0.302,U8,MN8014,19.35000000000712,4.826992754505742,WPG,SSPG,0.125,0.35,3,-0.999163508289536,364.4,6.3,10.7
0.297,0.302,U8,MN8014,19.350000000284734,4.826992754430189,WPG,SSPG,0.125,0.35,4,-0.9991635082768653,364.4,6.3,10.7
0.297,0.302,U8,MN8014,19.350000000452994,4.826992754385905,WPG,SSPG,0.125,0.35,0,-0.9991635082654415,364.4,6.3,10.7
0.297,0.302,U8,MN8014,19.3500000002473,4.826992754437372,WPG,SSPG,0.125,0.35,6,-0.9991635082868733,364.4,6.3,10.7
0.297,0.302,U8,MN8014,19.35000000042762,4.826992754392567,WPG,SSPG,0.125,0.35,6,-0.9991635082672108,364.4,6.3,10.7
0.297,0.302,U8,MN8014,19.350000000391177,4.826992754401777,WPG,SSPG,0.125,0.35,2,-0.9991635082708363,364.4,6.3,10.7
0.297,0.302,U8,MN8014,19.35000000018315,4.826992754439129,WPG,SSPG,0.125,0.35,3,-0.9991635083323036,364.4,6.3,10.7
0.297,0.302,U8,MN8014,19.350000000050294,4.826992754486733,WPG,SSPG,0.125,0.35,6,-0.9991635083072321,364.4,6.3,10.7
0.297,0.302,U8,MN8014,19.35000000014474,4.8269927544430224,WPG,SSPG,0.125,0.35,6,-0.9991635083518311,364.4,6.3,10.7
0.297,0.302,U8,MN8014,19.35000000012455,4.826992754450831,WPG,SSPG,0.125,0.35,1,-0.9991635083463954,364.4,6.3,10.7
0.297,0.302,U8,MN8014,19.350000000144316,4.826992754451317,WPG,SSPG,0.125,0.35,2,-0.9991635083296337,364.4,6.3,10.7
0.297,0.302,U8,MN8014,19.350000000083764,4.8269927544698685,WPG,SSPG,0.125,0.35,0,-0.9991635083266832,364.4,6.3,10.7
0.297,0.302,U8,MN8014,19.350000000167704,4.826992754446972,WPG,SSPG,0.125,0.35,5,-0.9991635083230985,364.4,6.3,10.7
0.297,0.302,U8,MN8014,19.350000000174763,4.826992754437857,WPG,SSPG,0.125,0.35,6,-0.9991635083423489,364.4,6.3,10.7
0.297,0.302,U8,MN8014,19.350000000186245,4.826992754436036,WPG,SSPG,0.125,0.35,1,-0.9991635083382349,364.4,6.3,10.7
0.297,0.302,U8,MN8014,19.35000000018642,4.826992754435263,WPG,SSPG,0.125,0.35,2,-0.9991635083401587,364.4,6.3,10.7
0.297,0.302,U8,MN8014,19.350000000113003,4.826992754453948,WPG,SSPG,0.125,0.35,3,-0.9991635083470332,364.4,6.3,10.7
0.297,0.302,U8,MN8014,19.35000000000637,4.826992754486257,WPG,SSPG,0.125,0.35,6,-0.9991635083428818,364.4,6.3,10.7
0.297,0.302,U8,MN8014,19.35000000004613,4.826992754471536,WPG,SSPG,0.125,0.35,1,-0.999163508351808,364.4,6.3,10.7
0.297,0.302,U8,MN8014,19.350000000028476,4.826992754468729,WPG,SSPG,0.125,0.35,5,-0.9991635083731527,364.4,6.3,10.7
0.297,0.302,U8,MN8014,19.350000000002264,4.826992754483503,WPG,SSPG,0.125,0.35,4,-0.9991635083536217,364.4,6.3,10.7
0.297,0.302,U8,MN8014,19.350000000043256,4.826992754469076,WPG,SSPG,0.125,0.35,5,-0.9991635083606418,364.4,6.3,10.7
0.297,0.302,U8,MN8014,19.3500000000259,4.8269927544703,WPG,SSPG,0.125,0.35,7,-0.9991635083709145,364.4,6.3,10.7
0.297,0.302,U8,MN8014,19.35000000010109,4.82699275445453,WPG,SSPG,0.125,0.35,5,-0.9991635083548172,364.4,6.3,10.7
0.297,0.302,U8,MN8014,19.350000000065183,4.82699275446456,WPG,SSPG,0.125,0.35,3,-0.9991635083555863,364.4,6.3,10.7
0.297,0.302,U8,MN8014,19.350000000178767,4.82699275443717,WPG,SSPG,0.125,0.35,4,-0.9991635083411143,364.4,6.3,10.7
0.297,0.302,U8,MN8014,19.35000000005266,4.826992754460537,WPG,SSPG,0.125,0.35,7,-0.9991635083763359,364.4,6.3,10.7
0.297,0.302,U8,MN8014,19.350000000027443,4.826992754468385,WPG,SSPG,0.125,0.35,7,-0.9991635083748598,364.4,6.3,10.7
0.297,0.302,U8,MN8014,19.350000000005807,4.826992754473639,WPG,SSPG,0.125,0.35,4,-0.9991635083775545,364.4,6.3,10.7
0.297,0.302,U8,MN8014,19.350000000020778,4.8269927544675575,WPG,SSPG,0.125,0.35,7,-0.9991635083823684,364.4,6.3,10.7
0.297,0.302,U8,MN8014,19.350000000042385,4.826992754464522,WPG,SSPG,0.125,0.35,3,-0.9991635083735826,364.4,6.3,10.7
0.297,0.302,U8,MN8014,19.350000000067666,4.826992754456747,WPG,SSPG,0.125,0.35,5,-0.9991635083749415,364.4,6.3,10.7
0.297,0.302,U8,MN8014,19.350000000014095,4.826992754468126,WPG,SSPG,0.125,0.35,1,-0.9991635083859212,364.4,6.3,10.7
0.297,0.302,U8,MN8014,19.350000000023883,4.8269927544668745,WPG,SSPG,0.125,0.35,6,-0.9991635083817432,364.4,6.3,10.7
0.297,0.302,U8,MN8014,19.350000000071553,4.82699275445589,WPG,SSPG,0.125,0.35,3,-0.9991635083742079,364.4,6.3,10.7
0.297,0.302,U8,MN8014,19.350000000006823,4.826992754468643,WPG,SSPG,0.125,0.35,6,-0.999163508390307,364.4,6.3,10.7
0.297,0.302,U8,MN8014,19.350000000055708,4.826992754459734,WPG,SSPG,0.125,0.35,7,-0.9991635083761388,364.4,6.3,10.7
0.297,0.302,U8,MN8014,19.3500000000158,4.826992754467855,WPG,SSPG,0.125,0.35,3,-0.9991635083853208,364.4,6.3,10.7
0.297,0.302,U8,MN8014,19.350000000006222,4.826992754472553,WPG,SSPG,0.125,0.35,7,-0.9991635083801196,364.4,6.3,10.7
0.297,0.302,U8,MN8014,19.350000000004343,4.82699275447046,WPG,SSPG,0.125,0.35,6,-0.9991635083873636,364.4,6.3,10.7
0.297,0.302,U8,MN8014,19.350000000002915,4.826992754469349,WPG,SSPG,0.125,0.35,5,-0.999163508391451,364.4,6.3,10.7
0.297,0.302,U8,MN8014,19.35000000001822,4.826992754468308,WPG,SSPG,0.125,0.35,3,-0.9991635083823098,364.4,6.3,10.7
0.297,0.302,U8,MN8014,19.35000000003423,4.826992754463756,WPG,SSPG,0.125,0.35,7,-0.9991635083821464,364.4,6.3,10.7
0.297,0.302,U8,MN8014,19.350000000017367,4.826992754466595,WPG,SSPG,0.125,0.35,6,-0.9991635083875003,364.4,6.3,10.7
0.297,0.302,U8,MN8014,19.35000000000701,4.8269927544700435,WPG,SSPG,0.125,0.35,6,-0.9991635083863741,364.4,6.3,10.7
0.297,0.302,U8,MN8014,19.35000000001426,4.826992754467799,WPG,SSPG,0.125,0.35,4,-0.9991635083867596,364.4,6.3,10.7
0.297,0.302,U8,MN8014,19.35000000000644,4.826992754469102,WPG,SSPG,0.125,0.35,5,-0.9991635083893549,364.4,6.3,10.7
0.297,0.302,U8,MN8014,19.350000000015417,4.826992754467015,WPG,SSPG,0.125,0.35,4,-0.9991635083879018,364.4,6.3,10.7
0.297,0.302,U8,MN8014,19.350000000001735,4.826992754469642,WPG,SSPG,0.125,0.35,1,-0.9991635083916126,364.4,6.3,10.7
0.297,0.302,U8,MN8014,19.35000000001417,4.82699275446746,WPG,SSPG,0.125,0.35,6,-0.999163508387733,364.4,6.3,10.7
0.297,0.302,U8,MN8014,19.350000000005927,4.826992754470334,WPG,SSPG,0.125,0.35,7,-0.9991635083863972,364.4,6.3,10.7
0.297,0.302,U8,MN8014,19.350000000014887,4.826992754468176,WPG,SSPG,0.125,0.35,5,-0.9991635083851929,364.4,6.3,10.7
0.297,0.302,U8,MN8014,19.350000000018426,4.826992754467091,WPG,SSPG,0.125,0.35,6,-0.9991635083853527,364.4,6.3,10.7
0.297,0.302,U8,MN8014,19.350000000011136,4.826992754468049,WPG,SSPG,0.125,0.35,6,-0.999163508388536,364.4,6.3,10.7
0.297,0.302,U8,MN8014,19.350000000002183,4.826992754470029,WPG,SSPG,0.125,0.35,1,-0.9991635083901915,364.4,6.3,10.7
0.297,0.302,U8,MN8014,19.35000000001086,4.826992754467591,WPG,SSPG,0.125,0.35,6,-0.9991635083898647,364.4,6.3,10.7
0.297,0.302,U8,MN8014,19.35000000000901,4.826992754467962,WPG,SSPG,0.125,0.35,7,-0.9991635083903834,364.4,6.3,10.7
0.297,0.302,U8,MN8014,19.350000000004098,4.826992754469142,WPG,SSPG,0.125,0.35,6,-0.9991635083910388,364.4,6.3,10.7
0.297,0.302,U8,MN8014,19.350000000003746,4.826992754469336,WPG,SSPG,0.125,0.35,7,-0.9991635083907582,364.4,6.3,10.7
0.297,0.302,U8,MN8014,19.35000000000625,4.826992754468724,WPG,SSPG,0.125,0.35,6,-0.999163508390474,364.4,6.3,10.7
0.297,0.302,U8,MN8014,19.350000000010816,4.8269927544679625,WPG,SSPG,0.125,0.35,1,-0.9991635083889356,364.4,6.3,10.7
0.297,0.302,U8,MN8014,19.3500000000109,4.826992754468255,WPG,SSPG,0.125,0.35,6,-0.9991635083881949,364.4,6.3,10.7
0.297,0.302,U8,MN8014,19.350000000002787,4.826992754469569,WPG,SSPG,0.125,0.35,1,-0.999163508391046,364.4,6.3,10.7
0.297,0.302,U8,MN8014,19.350000000000332,4.826992754470599,WPG,SSPG,0.125,0.35,6,-0.9991635083900992,364.4,6.3,10.7
0.297,0.302,U8,MN8014,19.350000000002076,4.826992754469387,WPG,SSPG,0.125,0.35,5,-0.9991635083918418,364.4,6.3,10.7
0.297,0.302,U8,MN8014,19.35000000000357,4.826992754469185,WPG,SSPG,0.125,0.35,1,-0.9991635083912502,364.4,6.3,10.7
0.297,0.302,U8,MN8014,19.350000000006943,4.826992754468571,WPG,SSPG,0.125,0.35,0,-0.9991635083903869,364.4,6.3,10.7
0.297,0.302,U8,MN8014,19.350000000003227,4.826992754469267,WPG,SSPG,0.125,0.35,5,-0.9991635083913817,364.4,6.3,10.7
0.297,0.302,U8,MN8014,19.35000000001321,4.826992754467294,WPG,SSPG,0.125,0.35,6,-0.9991635083889907,364.4,6.3,10.7
0.297,0.302,U8,MN8014,19.35000000000861,4.826992754468451,WPG,SSPG,0.125,0.35,1,-0.999163508389417,364.4,6.3,10.7
0.297,0.302,U8,MN8014,19.35000000000141,4.826992754469486,WPG,SSPG,0.125,0.35,3,-0.999163508392332,364.4,6.3,10.7
0.297,0.302,U8,MN8014,19.35000000000064,4.826992754469657,WPG,SSPG,0.125,0.35,4,-0.9991635083923978,364.4,6.3,10.7
0.297,0.302,U8,MN8014,19.35000000000292,4.826992754469377,WPG,SSPG,0.125,0.35,7,-0.9991635083913621,364.4,6.3,10.7
0.297,0.302,U8,MN8014,19.350000000003266,4.826992754469213,WPG,SSPG,0.125,0.35,1,-0.9991635083915096,364.4,6.3,10.7
0.297,0.302,U8,MN8014,19.350000000003327,4.8269927544693125,WPG,SSPG,0.125,0.35,7,-0.9991635083912165,364.4,6.3,10.7
0.297,0.302,U8,MN8014,19.35000000000364,4.82699275446922,WPG,SSPG,0.125,0.35,0,-0.9991635083911188,364.4,6.3,10.7
0.297,0.302,U8,MN8014,19.350000000000072,4.826992754470001,WPG,SSPG,0.125,0.35,0,-0.9991635083917867,364.4,6.3,10.7
0.297,0.302,U8,MN8014,19.3500000000028,4.826992754469418,WPG,SSPG,0.125,0.35,7,-0.9991635083914154,364.4,6.3,10.7
0.297,0.302,U8,MN8014,19.350000000005046,4.8269927544689,WPG,SSPG,0.125,0.35,7,-0.9991635083910406,364.4,6.3,10.7
0.297,0.302,U8,MN8014,19.35000000000168,4.826992754469556,WPG,SSPG,0.125,0.35,5,-0.9991635083919252,364.4,6.3,10.7
0.297,0.302,U8,MN8014,19.35000000000311,4.826992754469613,WPG,SSPG,0.125,0.35,6,-0.9991635083906711,364.4,6.3,10.7
0.297,0.302,U8,MN8014,19.350000000000264,4.826992754470218,WPG,SSPG,0.125,0.35,7,-0.9991635083911365,364.4,6.3,10.7
0.297,0.302,U8,MN8014,19.350000000000506,4.826992754469889,WPG,SSPG,0.125,0.35,4,-0.9991635083917974,364.4,6.3,10.7
0.297,0.302,U8,MN8014,19.350000000000296,4.826992754469913,WPG,SSPG,0.125,0.35,0,-0.9991635083919359,364.4,6.3,10.7
0.297,0.302,U8,MN8014,19.350000000001344,4.826992754469538,WPG,SSPG,0.125,0.35,7,-0.9991635083921597,364.4,6.3,10.7
0.297,0.302,U8,MN8014,19.350000000000243,4.8269927544697016,WPG,SSPG,0.125,0.35,0,-0.9991635083925008,364.4,6.3,10.7
0.297,0.302,U8,MN8014,19.35000000000169,4.826992754469689,WPG,SSPG,0.125,0.35,6,-0.999163508391554,364.4,6.3,10.7
0.297,0.302,U8,MN8014,19.350000000002474,4.826992754469438,WPG,SSPG,0.125,0.35,5,-0.9991635083915966,364.4,6.3,10.7
0.297,0.302,U8,MN8014,19.350000000001934,4.82699275446946,WPG,SSPG,0.125,0.35,5,-0.9991635083917689,364.4,6.3,10.7
0.297,0.302,U8,MN8014,19.350000000000318,4.826992754469707,WPG,SSPG,0.125,0.35,5,-0.9991635083924422,364.4,6.3,10.7
0.297,0.302,U8,MN8014,19.35000000000142,4.826992754469515,WPG,SSPG,0.125,0.35,4,-0.9991635083922628,364.4,6.3,10.7
0.297,0.302,U8,MN8014,19.350000000000712,4.8269927544696065,WPG,SSPG,0.125,0.35,2,-0.9991635083924582,364.4,6.3,10.7
0.297,0.302,U8,MN8014,19.350000000001295,4.826992754469503,WPG,SSPG,0.125,0.35,3,-0.9991635083923178,364.4,6.3,10.7
0.297,0.302,U8,MN8014,19.350000000000765,4.826992754469622,WPG,SSPG,0.125,0.35,6,-0.9991635083923516,364.4,6.3,10.7
0.297,0.302,U8,MN8014,19.350000000000236,4.826992754469712,WPG,SSPG,0.125,0.35,0,-0.9991635083925363,364.4,6.3,10.7
0.297,0.302,U8,MN8014,19.350000000000016,4.826992754469894,WPG,SSPG,0.125,0.35,2,-0.9991635083921899,364.4,6.3,10.7
0.297,0.302,U8,MN8014,19.350000000000563,4.82699275446971,WPG,SSPG,0.125,0.35,6,-0.9991635083923178,364.4,6.3,10.7
0.297,0.302,U8,MN8014,19.3500000000005,4.826992754469686,WPG,SSPG,0.125,0.35,2,-0.9991635083924049,364.4,6.3,10.7
0.297,0.302,U8,MN8014,19.350000000000506,4.826992754469694,WPG,SSPG,0.125,0.35,5,-0.9991635083923782,364.4,6.3,10.7
Time taken (seconds)
2026-03-19 02:00:42
