Thigh_left_length,Calf_left_length,Thigh_right_length,Calf_right_length,Hip left motor,Hip right motor,Hip left ratio,Hip right ratio,Gearbox left,Gearbox right,Efficiency left,Efficiency right,Torso distance,ik_height,Best X velocity,Average energy,Max height,Max distance,Unique id,Cost,ac1,ac2,ac3
0.25025516633412326,0.2737813059828765,0.2485281223029306,0.1928055807357493,MN8014,VT8020,7.608550657008344,4.463102590733637,CPG,CPG,0.952,0.958,0.10789378548371922,0.30125185863856896,21.933453310634178,20.209105470183957,0.19221317359318485,0.9143348958502898,421ddd48,-1.3485444266423077,417.3,5.9,29.2
0.25025516633412326,0.2737813059828765,0.2485281223029306,0.1928055807357493,MN8014,VT8020,7.608550657008344,4.463102590733637,CPG,CPG,0.952,0.958,0.10789378548371922,0.30125185863856896,25.58644358973909,20.209105470183957,0.19221317359318485,0.9143348958502898,421ddd48,-1.3485444266423077,417.3,5.9,29.2
0.25025516633412326,0.2737813059828765,0.2485281223029306,0.1928055807357493,MN8014,VT8020,7.608550657008344,4.463102590733637,CPG,CPG,0.952,0.958,0.10789378548371922,0.30125185863856896,27.129112775125062,20.209105470183957,0.19221317359318485,0.9143348958502898,421ddd48,-1.3485444266423077,417.3,5.9,29.2
0.25025516633412326,0.2737813059828765,0.2485281223029306,0.1928055807357493,MN8014,VT8020,7.608550657008344,4.463102590733637,CPG,CPG,0.952,0.958,0.10789378548371922,0.30125185863856896,26.716350350095468,20.209105470183957,0.19221317359318485,0.9143348958502898,421ddd48,-1.3485444266423077,417.3,5.9,29.2
0.25025516633412326,0.2737813059828765,0.2485281223029306,0.1928055807357493,MN8014,VT8020,7.608550657008344,4.463102590733637,CPG,CPG,0.952,0.958,0.10789378548371922,0.30125185863856896,27.335636924183344,20.209105470183957,0.19221317359318485,0.9143348958502898,421ddd48,-1.3485444266423077,417.3,5.9,29.2
0.2237845373324051,0.236208642315455,0.2384496464868404,0.273044361302456,U12,MN8014,7.559982977148625,15.444392590685124,CPG,WPG,0.963,0.879,0.0989283436648648,0.4178045071318998,10.72421498286149,52.52563542126258,0.49965403587923923,0.5900012922144502,d4b24523,16.50326511255369,527.1,4.2,32.3
0.2237845373324051,0.236208642315455,0.2384496464868404,0.273044361302456,U12,MN8014,7.559982977148625,15.444392590685124,CPG,WPG,0.963,0.879,0.0989283436648648,0.4178045071318998,10.957367640087305,52.52563542126258,0.49965403587923923,0.5900012922144502,d4b24523,16.50326511255369,527.1,4.2,32.3
0.2237845373324051,0.236208642315455,0.2384496464868404,0.273044361302456,U12,MN8014,7.559982977148625,15.444392590685124,CPG,WPG,0.963,0.879,0.0989283436648648,0.4178045071318998,14.028359948188168,52.52563542126258,0.49965403587923923,0.5900012922144502,d4b24523,16.50326511255369,527.1,4.2,32.3
0.2237845373324051,0.236208642315455,0.2384496464868404,0.273044361302456,U12,MN8014,7.559982977148625,15.444392590685124,CPG,WPG,0.963,0.879,0.0989283436648648,0.4178045071318998,16.087403087536078,52.52563542126258,0.49965403587923923,0.5900012922144502,d4b24523,16.50326511255369,527.1,4.2,32.3
0.2237845373324051,0.236208642315455,0.2384496464868404,0.273044361302456,U12,MN8014,7.559982977148625,15.444392590685124,CPG,WPG,0.963,0.879,0.0989283436648648,0.4178045071318998,16.223349110637734,52.52563542126258,0.49965403587923923,0.5900012922144502,d4b24523,16.50326511255369,527.1,4.2,32.3
0.2620694320521899,0.21670410134966372,0.2359963115259347,0.27302808589689387,U12,MN8014,5.429624971976533,5.370115939544543,SSPG,SSPG,0.945,0.945,0.11857359581774304,0.3064443787815402,15.707169137224227,31.200531530056374,0.4614193351953517,0.7735426084959593,f7513bf4,5.064556658070057,509.9,6.0,32.8
0.2620694320521899,0.21670410134966372,0.2359963115259347,0.27302808589689387,U12,MN8014,5.429624971976533,5.370115939544543,SSPG,SSPG,0.945,0.945,0.11857359581774304,0.3064443787815402,17.340663686037757,31.200531530056374,0.4614193351953517,0.7735426084959593,f7513bf4,5.064556658070057,509.9,6.0,32.8
0.2620694320521899,0.21670410134966372,0.2359963115259347,0.27302808589689387,U12,MN8014,5.429624971976533,5.370115939544543,SSPG,SSPG,0.945,0.945,0.11857359581774304,0.3064443787815402,17.437871089197706,31.200531530056374,0.4614193351953517,0.7735426084959593,f7513bf4,5.064556658070057,509.9,6.0,32.8
0.2620694320521899,0.21670410134966372,0.2359963115259347,0.27302808589689387,U12,MN8014,5.429624971976533,5.370115939544543,SSPG,SSPG,0.945,0.945,0.11857359581774304,0.3064443787815402,17.65411283591814,31.200531530056374,0.4614193351953517,0.7735426084959593,f7513bf4,5.064556658070057,509.9,6.0,32.8
0.2620694320521899,0.21670410134966372,0.2359963115259347,0.27302808589689387,U12,MN8014,5.429624971976533,5.370115939544543,SSPG,SSPG,0.945,0.945,0.11857359581774304,0.3064443787815402,17.636167665858746,31.200531530056374,0.4614193351953517,0.7735426084959593,f7513bf4,5.064556658070057,509.9,6.0,32.8
0.28123064586897784,0.24388291604946666,0.24044529815701193,0.2520147870224655,MN8014,VT8020,12.768951426672798,8.11645175021664,WPG,CPG,0.912,0.959,0.10355443940675607,0.35808852774051575,27.149293140707528,38.29220718343602,0.52323773642803,1.2122115785899168,51a00c54,3.2718014805047755,540.4,6.4,30.9
0.28123064586897784,0.24388291604946666,0.24044529815701193,0.2520147870224655,MN8014,VT8020,12.768951426672798,8.11645175021664,WPG,CPG,0.912,0.959,0.10355443940675607,0.35808852774051575,22.51739994564169,38.29220718343602,0.52323773642803,1.2122115785899168,51a00c54,3.2718014805047755,540.4,6.4,30.9
0.28123064586897784,0.24388291604946666,0.24044529815701193,0.2520147870224655,MN8014,VT8020,12.768951426672798,8.11645175021664,WPG,CPG,0.912,0.959,0.10355443940675607,0.35808852774051575,26.70187367945467,38.29220718343602,0.52323773642803,1.2122115785899168,51a00c54,3.2718014805047755,540.4,6.4,30.9
0.28123064586897784,0.24388291604946666,0.24044529815701193,0.2520147870224655,MN8014,VT8020,12.768951426672798,8.11645175021664,WPG,CPG,0.912,0.959,0.10355443940675607,0.35808852774051575,27.43673607855899,38.29220718343602,0.52323773642803,1.2122115785899168,51a00c54,3.2718014805047755,540.4,6.4,30.9
0.28123064586897784,0.24388291604946666,0.24044529815701193,0.2520147870224655,MN8014,VT8020,12.768951426672798,8.11645175021664,WPG,CPG,0.912,0.959,0.10355443940675607,0.35808852774051575,27.564956942093033,38.29220718343602,0.52323773642803,1.2122115785899168,51a00c54,3.2718014805047755,540.4,6.4,30.9
0.2380328013315573,0.24513158725044654,0.29177061506314206,0.25693846660052305,MN8014,VT8020,6.075410784918208,8.794906592377789,SSPG,CPG,0.952,0.948,0.10745738422843015,0.37330767595391806,3.5085995370577687,24.161187170633813,0.3927293438826754,0.2229304952684303,47b11eb7,8.134100808072457,477.7,4.3,34.6
0.2380328013315573,0.24513158725044654,0.29177061506314206,0.25693846660052305,MN8014,VT8020,6.075410784918208,8.794906592377789,SSPG,CPG,0.952,0.948,0.10745738422843015,0.37330767595391806,4.941906007348384,24.161187170633813,0.3927293438826754,0.2229304952684303,47b11eb7,8.134100808072457,477.7,4.3,34.6
0.2380328013315573,0.24513158725044654,0.29177061506314206,0.25693846660052305,MN8014,VT8020,6.075410784918208,8.794906592377789,SSPG,CPG,0.952,0.948,0.10745738422843015,0.37330767595391806,3.6117900536004726,24.161187170633813,0.3927293438826754,0.2229304952684303,47b11eb7,8.134100808072457,477.7,4.3,34.6
0.2380328013315573,0.24513158725044654,0.29177061506314206,0.25693846660052305,MN8014,VT8020,6.075410784918208,8.794906592377789,SSPG,CPG,0.952,0.948,0.10745738422843015,0.37330767595391806,4.5770367862506465,24.161187170633813,0.3927293438826754,0.2229304952684303,47b11eb7,8.134100808072457,477.7,4.3,34.6
0.2380328013315573,0.24513158725044654,0.29177061506314206,0.25693846660052305,MN8014,VT8020,6.075410784918208,8.794906592377789,SSPG,CPG,0.952,0.948,0.10745738422843015,0.37330767595391806,5.110978961263964,24.161187170633813,0.3927293438826754,0.2229304952684303,47b11eb7,8.134100808072457,477.7,4.3,34.6
0.25882454973770086,0.24338257151051917,0.2986157977063919,0.244958099232496,U12,MN8014,11.050610390663632,8.152664291306266,CPG,CPG,0.941,0.942,0.1010961152789641,0.3974753464905007,18.105223016170818,66.69804699570882,0.721980777727858,1.3391757185143915,8cb6afdc,14.34837263075069,436.7,4.8,28.6
0.25882454973770086,0.24338257151051917,0.2986157977063919,0.244958099232496,U12,MN8014,11.050610390663632,8.152664291306266,CPG,CPG,0.941,0.942,0.1010961152789641,0.3974753464905007,25.92954581191101,66.69804699570882,0.721980777727858,1.3391757185143915,8cb6afdc,14.34837263075069,436.7,4.8,28.6
0.25882454973770086,0.24338257151051917,0.2986157977063919,0.244958099232496,U12,MN8014,11.050610390663632,8.152664291306266,CPG,CPG,0.941,0.942,0.1010961152789641,0.3974753464905007,25.380740119417396,66.69804699570882,0.721980777727858,1.3391757185143915,8cb6afdc,14.34837263075069,436.7,4.8,28.6
0.25882454973770086,0.24338257151051917,0.2986157977063919,0.244958099232496,U12,MN8014,11.050610390663632,8.152664291306266,CPG,CPG,0.941,0.942,0.1010961152789641,0.3974753464905007,25.99602936514332,66.69804699570882,0.721980777727858,1.3391757185143915,8cb6afdc,14.34837263075069,436.7,4.8,28.6
0.25882454973770086,0.24338257151051917,0.2986157977063919,0.244958099232496,U12,MN8014,11.050610390663632,8.152664291306266,CPG,CPG,0.941,0.942,0.1010961152789641,0.3974753464905007,26.267496307282656,66.69804699570882,0.721980777727858,1.3391757185143915,8cb6afdc,14.34837263075069,436.7,4.8,28.6
0.2511828848643808,0.24273375448331724,0.25006577736465996,0.24788136671322386,U12,MN8014,9.707065341994163,11.395667198684208,WPG,WPG,0.94,0.903,0.10793065520376124,0.331052486734482,16.813275846013052,62.36067341485002,0.9324024402140171,0.9412787837461364,d17816a0,16.896373924577276,568.8,6.3,29.7
0.2511828848643808,0.24273375448331724,0.25006577736465996,0.24788136671322386,U12,MN8014,9.707065341994163,11.395667198684208,WPG,WPG,0.94,0.903,0.10793065520376124,0.331052486734482,16.477707850188253,62.36067341485002,0.9324024402140171,0.9412787837461364,d17816a0,16.896373924577276,568.8,6.3,29.7
0.2511828848643808,0.24273375448331724,0.25006577736465996,0.24788136671322386,U12,MN8014,9.707065341994163,11.395667198684208,WPG,WPG,0.94,0.903,0.10793065520376124,0.331052486734482,16.81449317192461,62.36067341485002,0.9324024402140171,0.9412787837461364,d17816a0,16.896373924577276,568.8,6.3,29.7
0.2511828848643808,0.24273375448331724,0.25006577736465996,0.24788136671322386,U12,MN8014,9.707065341994163,11.395667198684208,WPG,WPG,0.94,0.903,0.10793065520376124,0.331052486734482,16.894360719341837,62.36067341485002,0.9324024402140171,0.9412787837461364,d17816a0,16.896373924577276,568.8,6.3,29.7
0.2511828848643808,0.24273375448331724,0.25006577736465996,0.24788136671322386,U12,MN8014,9.707065341994163,11.395667198684208,WPG,WPG,0.94,0.903,0.10793065520376124,0.331052486734482,16.92884314607119,62.36067341485002,0.9324024402140171,0.9412787837461364,d17816a0,16.896373924577276,568.8,6.3,29.7
0.23996488905611002,0.2484169666877592,0.2361433665708056,0.23813180763924663,U12,MN8014,12.802815273126571,14.437720267652368,WPG,WPG,0.926,0.915,0.10788250070370556,0.3366368432737296,19.709962639672334,91.29723478336737,1.2759249472529701,1.2234046682208954,4c91ff51,26.46865102060761,566.2,3.2,32.5
0.23996488905611002,0.2484169666877592,0.2361433665708056,0.23813180763924663,U12,MN8014,12.802815273126571,14.437720267652368,WPG,WPG,0.926,0.915,0.10788250070370556,0.3366368432737296,17.660689839434642,91.29723478336737,1.2759249472529701,1.2234046682208954,4c91ff51,26.46865102060761,566.2,3.2,32.5
0.23996488905611002,0.2484169666877592,0.2361433665708056,0.23813180763924663,U12,MN8014,12.802815273126571,14.437720267652368,WPG,WPG,0.926,0.915,0.10788250070370556,0.3366368432737296,19.940044196883377,91.29723478336737,1.2759249472529701,1.2234046682208954,4c91ff51,26.46865102060761,566.2,3.2,32.5
0.23996488905611002,0.2484169666877592,0.2361433665708056,0.23813180763924663,U12,MN8014,12.802815273126571,14.437720267652368,WPG,WPG,0.926,0.915,0.10788250070370556,0.3366368432737296,19.83728788127612,91.29723478336737,1.2759249472529701,1.2234046682208954,4c91ff51,26.46865102060761,566.2,3.2,32.5
0.23996488905611002,0.2484169666877592,0.2361433665708056,0.23813180763924663,U12,MN8014,12.802815273126571,14.437720267652368,WPG,WPG,0.926,0.915,0.10788250070370556,0.3366368432737296,19.99879607118806,91.29723478336737,1.2759249472529701,1.2234046682208954,4c91ff51,26.46865102060761,566.2,3.2,32.5
0.30077852927197346,0.2456964174949575,0.25130868818474666,0.21559400149595123,MN8014,VT8020,10.254536312214935,5.202043993700136,CPG,SSPG,0.954,0.96,0.12321955044461916,0.3258998456974283,29.244499807250985,22.96451733882473,0.12323697912641293,0.7947456994127503,293fbd08,1.2032357956600777,435.8,6.3,20.7
0.30077852927197346,0.2456964174949575,0.25130868818474666,0.21559400149595123,MN8014,VT8020,10.254536312214935,5.202043993700136,CPG,SSPG,0.954,0.96,0.12321955044461916,0.3258998456974283,25.131030873030934,22.96451733882473,0.12323697912641293,0.7947456994127503,293fbd08,1.2032357956600777,435.8,6.3,20.7
0.30077852927197346,0.2456964174949575,0.25130868818474666,0.21559400149595123,MN8014,VT8020,10.254536312214935,5.202043993700136,CPG,SSPG,0.954,0.96,0.12321955044461916,0.3258998456974283,29.16339372384928,22.96451733882473,0.12323697912641293,0.7947456994127503,293fbd08,1.2032357956600777,435.8,6.3,20.7
0.30077852927197346,0.2456964174949575,0.25130868818474666,0.21559400149595123,MN8014,VT8020,10.254536312214935,5.202043993700136,CPG,SSPG,0.954,0.96,0.12321955044461916,0.3258998456974283,29.382151309208428,22.96451733882473,0.12323697912641293,0.7947456994127503,293fbd08,1.2032357956600777,435.8,6.3,20.7
0.30077852927197346,0.2456964174949575,0.25130868818474666,0.21559400149595123,MN8014,VT8020,10.254536312214935,5.202043993700136,CPG,SSPG,0.954,0.96,0.12321955044461916,0.3258998456974283,28.696174876721273,22.96451733882473,0.12323697912641293,0.7947456994127503,293fbd08,1.2032357956600777,435.8,6.3,20.7
0.2799517099940865,0.2476626461677675,0.2332140017306879,0.20450214138354303,MN8014,VT8020,10.994355162021417,5.079710915155885,CPG,CPG,0.951,0.955,0.10787586110908162,0.31228284725466193,34.098555763178574,27.146010766489965,0.18090662021893264,1.0315650805659777,c773eadc,0.390715834916632,497.2,3.9,30.5
0.2799517099940865,0.2476626461677675,0.2332140017306879,0.20450214138354303,MN8014,VT8020,10.994355162021417,5.079710915155885,CPG,CPG,0.951,0.955,0.10787586110908162,0.31228284725466193,33.956188539304684,27.146010766489965,0.18090662021893264,1.0315650805659777,c773eadc,0.390715834916632,497.2,3.9,30.5
0.2799517099940865,0.2476626461677675,0.2332140017306879,0.20450214138354303,MN8014,VT8020,10.994355162021417,5.079710915155885,CPG,CPG,0.951,0.955,0.10787586110908162,0.31228284725466193,34.265986185559306,27.146010766489965,0.18090662021893264,1.0315650805659777,c773eadc,0.390715834916632,497.2,3.9,30.5
0.2799517099940865,0.2476626461677675,0.2332140017306879,0.20450214138354303,MN8014,VT8020,10.994355162021417,5.079710915155885,CPG,CPG,0.951,0.955,0.10787586110908162,0.31228284725466193,33.901380155126716,27.146010766489965,0.18090662021893264,1.0315650805659777,c773eadc,0.390715834916632,497.2,3.9,30.5
0.2799517099940865,0.2476626461677675,0.2332140017306879,0.20450214138354303,MN8014,VT8020,10.994355162021417,5.079710915155885,CPG,CPG,0.951,0.955,0.10787586110908162,0.31228284725466193,33.36107225276771,27.146010766489965,0.18090662021893264,1.0315650805659777,c773eadc,0.390715834916632,497.2,3.9,30.5
0.26688358383428945,0.2675076874982938,0.237030105538159,0.2155113998680913,MN8014,MN8014,13.146651599929733,4.176105657195778,WPG,SSPG,0.911,0.954,0.10929094352875156,0.30008592541603696,43.25446211613394,35.14799332427766,0.2543094741914025,1.3950151441988161,a8535a34,-0.15905255234457627,350.4,5.8,29.4
0.26688358383428945,0.2675076874982938,0.237030105538159,0.2155113998680913,MN8014,MN8014,13.146651599929733,4.176105657195778,WPG,SSPG,0.911,0.954,0.10929094352875156,0.30008592541603696,42.61122390560082,35.14799332427766,0.2543094741914025,1.3950151441988161,a8535a34,-0.15905255234457627,350.4,5.8,29.4
0.26688358383428945,0.2675076874982938,0.237030105538159,0.2155113998680913,MN8014,MN8014,13.146651599929733,4.176105657195778,WPG,SSPG,0.911,0.954,0.10929094352875156,0.30008592541603696,42.95186345658779,35.14799332427766,0.2543094741914025,1.3950151441988161,a8535a34,-0.15905255234457627,350.4,5.8,29.4
0.26688358383428945,0.2675076874982938,0.237030105538159,0.2155113998680913,MN8014,MN8014,13.146651599929733,4.176105657195778,WPG,SSPG,0.911,0.954,0.10929094352875156,0.30008592541603696,42.62519286491248,35.14799332427766,0.2543094741914025,1.3950151441988161,a8535a34,-0.15905255234457627,350.4,5.8,29.4
0.26688358383428945,0.2675076874982938,0.237030105538159,0.2155113998680913,MN8014,MN8014,13.146651599929733,4.176105657195778,WPG,SSPG,0.911,0.954,0.10929094352875156,0.30008592541603696,41.93748279367597,35.14799332427766,0.2543094741914025,1.3950151441988161,a8535a34,-0.15905255234457627,350.4,5.8,29.4
0.27608656637269746,0.24458853999823438,0.28009279945346277,0.1829784366887163,U12,VT8020,17.258379777672964,16.301601489974928,WPG,WPG,0.899,0.884,0.10367426662602272,0.34101051212674943,46.083068969313196,80.3400325782171,0.698095141929372,2.198950153235994,c632e059,10.721372618172381,474.6,6.0,31.7
0.27608656637269746,0.24458853999823438,0.28009279945346277,0.1829784366887163,U12,VT8020,17.258379777672964,16.301601489974928,WPG,WPG,0.899,0.884,0.10367426662602272,0.34101051212674943,45.36208961946057,80.3400325782171,0.698095141929372,2.198950153235994,c632e059,10.721372618172381,474.6,6.0,31.7
0.27608656637269746,0.24458853999823438,0.28009279945346277,0.1829784366887163,U12,VT8020,17.258379777672964,16.301601489974928,WPG,WPG,0.899,0.884,0.10367426662602272,0.34101051212674943,44.975644291251406,80.3400325782171,0.698095141929372,2.198950153235994,c632e059,10.721372618172381,474.6,6.0,31.7
0.27608656637269746,0.24458853999823438,0.28009279945346277,0.1829784366887163,U12,VT8020,17.258379777672964,16.301601489974928,WPG,WPG,0.899,0.884,0.10367426662602272,0.34101051212674943,44.956571487501364,80.3400325782171,0.698095141929372,2.198950153235994,c632e059,10.721372618172381,474.6,6.0,31.7
0.27608656637269746,0.24458853999823438,0.28009279945346277,0.1829784366887163,U12,VT8020,17.258379777672964,16.301601489974928,WPG,WPG,0.899,0.884,0.10367426662602272,0.34101051212674943,44.61255326099509,80.3400325782171,0.698095141929372,2.198950153235994,c632e059,10.721372618172381,474.6,6.0,31.7
0.29191543078560467,0.2520284305497655,0.21275762991908473,0.24423663984310207,U12,MN8014,8.30471754249353,4.060729997000178,CPG,SSPG,0.962,0.964,0.10698341285159321,0.33249058434134715,18.79746750214122,34.745310160402305,0.2811803171958286,1.3532254504845225,351d7eb0,0.13181142515035837,457.2,5.6,33.2
0.29191543078560467,0.2520284305497655,0.21275762991908473,0.24423663984310207,U12,MN8014,8.30471754249353,4.060729997000178,CPG,SSPG,0.962,0.964,0.10698341285159321,0.33249058434134715,19.142343755354965,34.745310160402305,0.2811803171958286,1.3532254504845225,351d7eb0,0.13181142515035837,457.2,5.6,33.2
0.29191543078560467,0.2520284305497655,0.21275762991908473,0.24423663984310207,U12,MN8014,8.30471754249353,4.060729997000178,CPG,SSPG,0.962,0.964,0.10698341285159321,0.33249058434134715,29.66781619581019,34.745310160402305,0.2811803171958286,1.3532254504845225,351d7eb0,0.13181142515035837,457.2,5.6,33.2
0.29191543078560467,0.2520284305497655,0.21275762991908473,0.24423663984310207,U12,MN8014,8.30471754249353,4.060729997000178,CPG,SSPG,0.962,0.964,0.10698341285159321,0.33249058434134715,37.64992351640786,34.745310160402305,0.2811803171958286,1.3532254504845225,351d7eb0,0.13181142515035837,457.2,5.6,33.2
0.29191543078560467,0.2520284305497655,0.21275762991908473,0.24423663984310207,U12,MN8014,8.30471754249353,4.060729997000178,CPG,SSPG,0.962,0.964,0.10698341285159321,0.33249058434134715,38.369707080405846,34.745310160402305,0.2811803171958286,1.3532254504845225,351d7eb0,0.13181142515035837,457.2,5.6,33.2
0.27645695249953994,0.2506897008735552,0.2519577690192868,0.231322556089954,MN8014,MN8014,12.260584020337271,8.647683656316723,WPG,CPG,0.903,0.948,0.12108739112519595,0.32262826220417173,18.929904545441556,39.959226802006,0.6688730460489581,0.9193381538623223,ca02e28b,7.285472469624628,446.1,4.6,26.5
0.27645695249953994,0.2506897008735552,0.2519577690192868,0.231322556089954,MN8014,MN8014,12.260584020337271,8.647683656316723,WPG,CPG,0.903,0.948,0.12108739112519595,0.32262826220417173,18.884847471385388,39.959226802006,0.6688730460489581,0.9193381538623223,ca02e28b,7.285472469624628,446.1,4.6,26.5
0.27645695249953994,0.2506897008735552,0.2519577690192868,0.231322556089954,MN8014,MN8014,12.260584020337271,8.647683656316723,WPG,CPG,0.903,0.948,0.12108739112519595,0.32262826220417173,18.538294027900605,39.959226802006,0.6688730460489581,0.9193381538623223,ca02e28b,7.285472469624628,446.1,4.6,26.5
0.27645695249953994,0.2506897008735552,0.2519577690192868,0.231322556089954,MN8014,MN8014,12.260584020337271,8.647683656316723,WPG,CPG,0.903,0.948,0.12108739112519595,0.32262826220417173,18.59569006456124,39.959226802006,0.6688730460489581,0.9193381538623223,ca02e28b,7.285472469624628,446.1,4.6,26.5
0.27645695249953994,0.2506897008735552,0.2519577690192868,0.231322556089954,MN8014,MN8014,12.260584020337271,8.647683656316723,WPG,CPG,0.903,0.948,0.12108739112519595,0.32262826220417173,13.616867528426933,39.959226802006,0.6688730460489581,0.9193381538623223,ca02e28b,7.285472469624628,446.1,4.6,26.5
0.24912261927666998,0.28496996740880287,0.26933075029252246,0.21502061540683476,MN8014,VT8020,20.531026123527322,16.813515983405157,WPG,WPG,0.853,0.897,0.101497926557086,0.36406765580731454,21.35023993358332,71.44646448734682,0.9100713024010125,1.2817818087186057,06fd7a9e,17.08048811678421,368.4,4.0,26.9
0.24912261927666998,0.28496996740880287,0.26933075029252246,0.21502061540683476,MN8014,VT8020,20.531026123527322,16.813515983405157,WPG,WPG,0.853,0.897,0.101497926557086,0.36406765580731454,12.171790676389165,71.44646448734682,0.9100713024010125,1.2817818087186057,06fd7a9e,17.08048811678421,368.4,4.0,26.9
0.24912261927666998,0.28496996740880287,0.26933075029252246,0.21502061540683476,MN8014,VT8020,20.531026123527322,16.813515983405157,WPG,WPG,0.853,0.897,0.101497926557086,0.36406765580731454,22.916672282406353,71.44646448734682,0.9100713024010125,1.2817818087186057,06fd7a9e,17.08048811678421,368.4,4.0,26.9
0.24912261927666998,0.28496996740880287,0.26933075029252246,0.21502061540683476,MN8014,VT8020,20.531026123527322,16.813515983405157,WPG,WPG,0.853,0.897,0.101497926557086,0.36406765580731454,22.7150806258083,71.44646448734682,0.9100713024010125,1.2817818087186057,06fd7a9e,17.08048811678421,368.4,4.0,26.9
0.24912261927666998,0.28496996740880287,0.26933075029252246,0.21502061540683476,MN8014,VT8020,20.531026123527322,16.813515983405157,WPG,WPG,0.853,0.897,0.101497926557086,0.36406765580731454,22.98692734494477,71.44646448734682,0.9100713024010125,1.2817818087186057,06fd7a9e,17.08048811678421,368.4,4.0,26.9
0.2356990862160277,0.25301889720560816,0.2622691897070632,0.24204715888544076,MN8014,MN8014,10.514889203427977,5.6312674872621225,CPG,SSPG,0.944,0.962,0.1055248660196364,0.3574250537460716,12.718118678599518,39.324009745706974,0.5965427992219308,1.236051498362606,3f141286,3.4587875064498785,525.0,6.3,33.5
0.2356990862160277,0.25301889720560816,0.2622691897070632,0.24204715888544076,MN8014,MN8014,10.514889203427977,5.6312674872621225,CPG,SSPG,0.944,0.962,0.1055248660196364,0.3574250537460716,16.212066681640078,39.324009745706974,0.5965427992219308,1.236051498362606,3f141286,3.4587875064498785,525.0,6.3,33.5
0.2356990862160277,0.25301889720560816,0.2622691897070632,0.24204715888544076,MN8014,MN8014,10.514889203427977,5.6312674872621225,CPG,SSPG,0.944,0.962,0.1055248660196364,0.3574250537460716,24.80004852396003,39.324009745706974,0.5965427992219308,1.236051498362606,3f141286,3.4587875064498785,525.0,6.3,33.5
0.2356990862160277,0.25301889720560816,0.2622691897070632,0.24204715888544076,MN8014,MN8014,10.514889203427977,5.6312674872621225,CPG,SSPG,0.944,0.962,0.1055248660196364,0.3574250537460716,21.14871866079356,39.324009745706974,0.5965427992219308,1.236051498362606,3f141286,3.4587875064498785,525.0,6.3,33.5
0.2356990862160277,0.25301889720560816,0.2622691897070632,0.24204715888544076,MN8014,MN8014,10.514889203427977,5.6312674872621225,CPG,SSPG,0.944,0.962,0.1055248660196364,0.3574250537460716,24.176571987186374,39.324009745706974,0.5965427992219308,1.236051498362606,3f141286,3.4587875064498785,525.0,6.3,33.5
0.25859789637112446,0.2793406228796741,0.2247295577461122,0.1823683917293637,U12,MN8014,7.992728040126512,4.7449012346056465,CPG,CPG,0.938,0.967,0.1084456861829015,0.30218331769761103,37.29250198857875,34.77612307122326,0.309435538199186,1.381314094409854,182df9e1,-0.16922370605213466,510.2,5.5,29.6
0.25859789637112446,0.2793406228796741,0.2247295577461122,0.1823683917293637,U12,MN8014,7.992728040126512,4.7449012346056465,CPG,CPG,0.938,0.967,0.1084456861829015,0.30218331769761103,38.36423204963434,34.77612307122326,0.309435538199186,1.381314094409854,182df9e1,-0.16922370605213466,510.2,5.5,29.6
0.25859789637112446,0.2793406228796741,0.2247295577461122,0.1823683917293637,U12,MN8014,7.992728040126512,4.7449012346056465,CPG,CPG,0.938,0.967,0.1084456861829015,0.30218331769761103,38.19729577615346,34.77612307122326,0.309435538199186,1.381314094409854,182df9e1,-0.16922370605213466,510.2,5.5,29.6
0.25859789637112446,0.2793406228796741,0.2247295577461122,0.1823683917293637,U12,MN8014,7.992728040126512,4.7449012346056465,CPG,CPG,0.938,0.967,0.1084456861829015,0.30218331769761103,37.93468889875155,34.77612307122326,0.309435538199186,1.381314094409854,182df9e1,-0.16922370605213466,510.2,5.5,29.6
0.25859789637112446,0.2793406228796741,0.2247295577461122,0.1823683917293637,U12,MN8014,7.992728040126512,4.7449012346056465,CPG,CPG,0.938,0.967,0.1084456861829015,0.30218331769761103,38.03655005606448,34.77612307122326,0.309435538199186,1.381314094409854,182df9e1,-0.16922370605213466,510.2,5.5,29.6
0.2759474276640278,0.2713756644858584,0.2206782817905004,0.2553275240004368,MN8014,MN8014,8.528499700123255,4.100452711717658,CPG,SSPG,0.956,0.964,0.13259645721462632,0.3009999356693449,25.308931246306162,22.94778855518184,0.2897693141218289,0.9970235869308504,d9370ecd,-1.069637209345517,513.6,4.3,35.0
0.2759474276640278,0.2713756644858584,0.2206782817905004,0.2553275240004368,MN8014,MN8014,8.528499700123255,4.100452711717658,CPG,SSPG,0.956,0.964,0.13259645721462632,0.3009999356693449,27.588750395893925,22.94778855518184,0.2897693141218289,0.9970235869308504,d9370ecd,-1.069637209345517,513.6,4.3,35.0
0.2759474276640278,0.2713756644858584,0.2206782817905004,0.2553275240004368,MN8014,MN8014,8.528499700123255,4.100452711717658,CPG,SSPG,0.956,0.964,0.13259645721462632,0.3009999356693449,27.324656099361047,22.94778855518184,0.2897693141218289,0.9970235869308504,d9370ecd,-1.069637209345517,513.6,4.3,35.0
0.2759474276640278,0.2713756644858584,0.2206782817905004,0.2553275240004368,MN8014,MN8014,8.528499700123255,4.100452711717658,CPG,SSPG,0.956,0.964,0.13259645721462632,0.3009999356693449,27.433463566493348,22.94778855518184,0.2897693141218289,0.9970235869308504,d9370ecd,-1.069637209345517,513.6,4.3,35.0
0.2759474276640278,0.2713756644858584,0.2206782817905004,0.2553275240004368,MN8014,MN8014,8.528499700123255,4.100452711717658,CPG,SSPG,0.956,0.964,0.13259645721462632,0.3009999356693449,27.053313356828074,22.94778855518184,0.2897693141218289,0.9970235869308504,d9370ecd,-1.069637209345517,513.6,4.3,35.0
0.2679581371045096,0.2501309324545838,0.2547387785205588,0.23024753255764224,U12,MN8014,11.145097579229398,4.005189152242003,CPG,SSPG,0.941,0.962,0.09994536215857625,0.3211139807362758,46.90484068367404,44.694599288640305,0.2711876737211079,1.8325781947410182,a59f7406,-0.8592520940976733,321.5,4.9,29.8
0.2679581371045096,0.2501309324545838,0.2547387785205588,0.23024753255764224,U12,MN8014,11.145097579229398,4.005189152242003,CPG,SSPG,0.941,0.962,0.09994536215857625,0.3211139807362758,46.826259709376544,44.694599288640305,0.2711876737211079,1.8325781947410182,a59f7406,-0.8592520940976733,321.5,4.9,29.8
0.2679581371045096,0.2501309324545838,0.2547387785205588,0.23024753255764224,U12,MN8014,11.145097579229398,4.005189152242003,CPG,SSPG,0.941,0.962,0.09994536215857625,0.3211139807362758,41.932701878938325,44.694599288640305,0.2711876737211079,1.8325781947410182,a59f7406,-0.8592520940976733,321.5,4.9,29.8
0.2679581371045096,0.2501309324545838,0.2547387785205588,0.23024753255764224,U12,MN8014,11.145097579229398,4.005189152242003,CPG,SSPG,0.941,0.962,0.09994536215857625,0.3211139807362758,47.0913416155507,44.694599288640305,0.2711876737211079,1.8325781947410182,a59f7406,-0.8592520940976733,321.5,4.9,29.8
0.2679581371045096,0.2501309324545838,0.2547387785205588,0.23024753255764224,U12,MN8014,11.145097579229398,4.005189152242003,CPG,SSPG,0.941,0.962,0.09994536215857625,0.3211139807362758,46.97507167224866,44.694599288640305,0.2711876737211079,1.8325781947410182,a59f7406,-0.8592520940976733,321.5,4.9,29.8
0.2715459630861108,0.2624144648540707,0.211933753509074,0.22494918949446896,U12,VT8020,12.304446678226046,8.715134138709182,WPG,CPG,0.903,0.953,0.11611112830608854,0.3114498847607508,47.27599823485902,58.7191391529098,0.4931336511052015,1.9708627212901209,b23fbebc,3.762758748830951,597.1,5.6,24.4
0.2715459630861108,0.2624144648540707,0.211933753509074,0.22494918949446896,U12,VT8020,12.304446678226046,8.715134138709182,WPG,CPG,0.903,0.953,0.11611112830608854,0.3114498847607508,47.1551801768265,58.7191391529098,0.4931336511052015,1.9708627212901209,b23fbebc,3.762758748830951,597.1,5.6,24.4
0.2715459630861108,0.2624144648540707,0.211933753509074,0.22494918949446896,U12,VT8020,12.304446678226046,8.715134138709182,WPG,CPG,0.903,0.953,0.11611112830608854,0.3114498847607508,46.99780768187913,58.7191391529098,0.4931336511052015,1.9708627212901209,b23fbebc,3.762758748830951,597.1,5.6,24.4
0.2715459630861108,0.2624144648540707,0.211933753509074,0.22494918949446896,U12,VT8020,12.304446678226046,8.715134138709182,WPG,CPG,0.903,0.953,0.11611112830608854,0.3114498847607508,46.60853976340531,58.7191391529098,0.4931336511052015,1.9708627212901209,b23fbebc,3.762758748830951,597.1,5.6,24.4
0.2715459630861108,0.2624144648540707,0.211933753509074,0.22494918949446896,U12,VT8020,12.304446678226046,8.715134138709182,WPG,CPG,0.903,0.953,0.11611112830608854,0.3114498847607508,46.15417520188292,58.7191391529098,0.4931336511052015,1.9708627212901209,b23fbebc,3.762758748830951,597.1,5.6,24.4
0.2972063370384362,0.2531484554638115,0.22526332344846672,0.20978125714814547,MN8014,VT8020,4.0002471939652295,6.610329922135422,SSPG,CPG,0.962,0.946,0.09751867256264565,0.3000587364381004,7.067804213971088,22.201319754225867,0.2884787931016552,0.3284656211385966,42279b23,6.089765735107099,324.6,5.9,28.5
0.2972063370384362,0.2531484554638115,0.22526332344846672,0.20978125714814547,MN8014,VT8020,4.0002471939652295,6.610329922135422,SSPG,CPG,0.962,0.946,0.09751867256264565,0.3000587364381004,7.159965016262247,22.201319754225867,0.2884787931016552,0.3284656211385966,42279b23,6.089765735107099,324.6,5.9,28.5
0.2972063370384362,0.2531484554638115,0.22526332344846672,0.20978125714814547,MN8014,VT8020,4.0002471939652295,6.610329922135422,SSPG,CPG,0.962,0.946,0.09751867256264565,0.3000587364381004,7.130245623335941,22.201319754225867,0.2884787931016552,0.3284656211385966,42279b23,6.089765735107099,324.6,5.9,28.5
0.2972063370384362,0.2531484554638115,0.22526332344846672,0.20978125714814547,MN8014,VT8020,4.0002471939652295,6.610329922135422,SSPG,CPG,0.962,0.946,0.09751867256264565,0.3000587364381004,7.081100076090936,22.201319754225867,0.2884787931016552,0.3284656211385966,42279b23,6.089765735107099,324.6,5.9,28.5
0.2972063370384362,0.2531484554638115,0.22526332344846672,0.20978125714814547,MN8014,VT8020,4.0002471939652295,6.610329922135422,SSPG,CPG,0.962,0.946,0.09751867256264565,0.3000587364381004,7.1028952655642135,22.201319754225867,0.2884787931016552,0.3284656211385966,42279b23,6.089765735107099,324.6,5.9,28.5
0.276955294251541,0.2603517345991827,0.22832332613819617,0.2182009505972688,MN8014,VT8020,11.038476143565518,10.431004495810942,CPG,CPG,0.951,0.953,0.12737883802515648,0.3234303418660417,17.80051531348608,42.077833085272644,0.5625664651708439,0.8738511336107345,a47655c0,8.727113861079733,443.6,4.8,29.5
0.276955294251541,0.2603517345991827,0.22832332613819617,0.2182009505972688,MN8014,VT8020,11.038476143565518,10.431004495810942,CPG,CPG,0.951,0.953,0.12737883802515648,0.3234303418660417,16.424961483446136,42.077833085272644,0.5625664651708439,0.8738511336107345,a47655c0,8.727113861079733,443.6,4.8,29.5
0.276955294251541,0.2603517345991827,0.22832332613819617,0.2182009505972688,MN8014,VT8020,11.038476143565518,10.431004495810942,CPG,CPG,0.951,0.953,0.12737883802515648,0.3234303418660417,17.94756217703736,42.077833085272644,0.5625664651708439,0.8738511336107345,a47655c0,8.727113861079733,443.6,4.8,29.5
0.276955294251541,0.2603517345991827,0.22832332613819617,0.2182009505972688,MN8014,VT8020,11.038476143565518,10.431004495810942,CPG,CPG,0.951,0.953,0.12737883802515648,0.3234303418660417,17.872908300131847,42.077833085272644,0.5625664651708439,0.8738511336107345,a47655c0,8.727113861079733,443.6,4.8,29.5
0.276955294251541,0.2603517345991827,0.22832332613819617,0.2182009505972688,MN8014,VT8020,11.038476143565518,10.431004495810942,CPG,CPG,0.951,0.953,0.12737883802515648,0.3234303418660417,18.416040965863264,42.077833085272644,0.5625664651708439,0.8738511336107345,a47655c0,8.727113861079733,443.6,4.8,29.5
0.2761506056716765,0.23651549956254725,0.2336698278385465,0.22935100996034002,MN8014,VT8020,4.1781374709344865,5.920048951116225,SSPG,SSPG,0.954,0.952,0.1011181769168028,0.3224960410499813,2.2257004813560535,20.42112214285599,0.3157970688465147,0.1245107973205812,12b82a5c,7.590772812866124,361.0,5.7,30.4
0.2761506056716765,0.23651549956254725,0.2336698278385465,0.22935100996034002,MN8014,VT8020,4.1781374709344865,5.920048951116225,SSPG,SSPG,0.954,0.952,0.1011181769168028,0.3224960410499813,2.309726696438805,20.42112214285599,0.3157970688465147,0.1245107973205812,12b82a5c,7.590772812866124,361.0,5.7,30.4
0.2761506056716765,0.23651549956254725,0.2336698278385465,0.22935100996034002,MN8014,VT8020,4.1781374709344865,5.920048951116225,SSPG,SSPG,0.954,0.952,0.1011181769168028,0.3224960410499813,2.3874197592854833,20.42112214285599,0.3157970688465147,0.1245107973205812,12b82a5c,7.590772812866124,361.0,5.7,30.4
0.2761506056716765,0.23651549956254725,0.2336698278385465,0.22935100996034002,MN8014,VT8020,4.1781374709344865,5.920048951116225,SSPG,SSPG,0.954,0.952,0.1011181769168028,0.3224960410499813,2.445463820432881,20.42112214285599,0.3157970688465147,0.1245107973205812,12b82a5c,7.590772812866124,361.0,5.7,30.4
0.2761506056716765,0.23651549956254725,0.2336698278385465,0.22935100996034002,MN8014,VT8020,4.1781374709344865,5.920048951116225,SSPG,SSPG,0.954,0.952,0.1011181769168028,0.3224960410499813,2.4709891091186678,20.42112214285599,0.3157970688465147,0.1245107973205812,12b82a5c,7.590772812866124,361.0,5.7,30.4
0.32652232404067727,0.22112232052025504,0.23546587133796876,0.2133008439339641,MN8014,VT8020,11.655779132378363,4.001295032786385,CPG,CPG,0.939,0.963,0.10223141221942442,0.37174265129394335,10.307701296949766,23.989202593800233,0.1462145672492392,1.2145715815257574,111c767c,-3.047952571816383,389.8,5.9,24.2
0.32652232404067727,0.22112232052025504,0.23546587133796876,0.2133008439339641,MN8014,VT8020,11.655779132378363,4.001295032786385,CPG,CPG,0.939,0.963,0.10223141221942442,0.37174265129394335,17.475258281522706,23.989202593800233,0.1462145672492392,1.2145715815257574,111c767c,-3.047952571816383,389.8,5.9,24.2
0.32652232404067727,0.22112232052025504,0.23546587133796876,0.2133008439339641,MN8014,VT8020,11.655779132378363,4.001295032786385,CPG,CPG,0.939,0.963,0.10223141221942442,0.37174265129394335,36.567172070659666,23.989202593800233,0.1462145672492392,1.2145715815257574,111c767c,-3.047952571816383,389.8,5.9,24.2
0.32652232404067727,0.22112232052025504,0.23546587133796876,0.2133008439339641,MN8014,VT8020,11.655779132378363,4.001295032786385,CPG,CPG,0.939,0.963,0.10223141221942442,0.37174265129394335,37.0976212136513,23.989202593800233,0.1462145672492392,1.2145715815257574,111c767c,-3.047952571816383,389.8,5.9,24.2
0.32652232404067727,0.22112232052025504,0.23546587133796876,0.2133008439339641,MN8014,VT8020,11.655779132378363,4.001295032786385,CPG,CPG,0.939,0.963,0.10223141221942442,0.37174265129394335,37.41394273413492,23.989202593800233,0.1462145672492392,1.2145715815257574,111c767c,-3.047952571816383,389.8,5.9,24.2
0.30433847366128486,0.2647456164530487,0.23802484821767128,0.20283219454553875,VT8020,VT8020,4.112760869139022,4.817859171191387,CPG,SSPG,0.964,0.958,0.09935364616690529,0.3849124438080185,0.8930722871034412,8.968661026564313,0.14505516040827204,0.027931504874760964,afaf7fd9,3.633377997090974,451.0,5.8,24.4
0.30433847366128486,0.2647456164530487,0.23802484821767128,0.20283219454553875,VT8020,VT8020,4.112760869139022,4.817859171191387,CPG,SSPG,0.964,0.958,0.09935364616690529,0.3849124438080185,0.9210593473137838,8.968661026564313,0.14505516040827204,0.027931504874760964,afaf7fd9,3.633377997090974,451.0,5.8,24.4
0.30433847366128486,0.2647456164530487,0.23802484821767128,0.20283219454553875,VT8020,VT8020,4.112760869139022,4.817859171191387,CPG,SSPG,0.964,0.958,0.09935364616690529,0.3849124438080185,0.8153532934928691,8.968661026564313,0.14505516040827204,0.027931504874760964,afaf7fd9,3.633377997090974,451.0,5.8,24.4
0.30433847366128486,0.2647456164530487,0.23802484821767128,0.20283219454553875,VT8020,VT8020,4.112760869139022,4.817859171191387,CPG,SSPG,0.964,0.958,0.09935364616690529,0.3849124438080185,0.7638252320897488,8.968661026564313,0.14505516040827204,0.027931504874760964,afaf7fd9,3.633377997090974,451.0,5.8,24.4
0.30433847366128486,0.2647456164530487,0.23802484821767128,0.20283219454553875,VT8020,VT8020,4.112760869139022,4.817859171191387,CPG,SSPG,0.964,0.958,0.09935364616690529,0.3849124438080185,0.8859002633220112,8.968661026564313,0.14505516040827204,0.027931504874760964,afaf7fd9,3.633377997090974,451.0,5.8,24.4
0.29188029536064614,0.2654994135822129,0.2333546867574551,0.20491485692992434,MN8014,MN8014,22.256066734297807,4.026468053070646,WPG,SSPG,0.847,0.962,0.1115200157569344,0.31605280605686065,43.30138134718325,35.34626769642434,0.1790859970218124,1.233204985781606,f2f6b328,1.7404619456727168,289.3,5.7,32.9
0.29188029536064614,0.2654994135822129,0.2333546867574551,0.20491485692992434,MN8014,MN8014,22.256066734297807,4.026468053070646,WPG,SSPG,0.847,0.962,0.1115200157569344,0.31605280605686065,43.76263065226988,35.34626769642434,0.1790859970218124,1.233204985781606,f2f6b328,1.7404619456727168,289.3,5.7,32.9
0.29188029536064614,0.2654994135822129,0.2333546867574551,0.20491485692992434,MN8014,MN8014,22.256066734297807,4.026468053070646,WPG,SSPG,0.847,0.962,0.1115200157569344,0.31605280605686065,32.340462836515215,35.34626769642434,0.1790859970218124,1.233204985781606,f2f6b328,1.7404619456727168,289.3,5.7,32.9
0.29188029536064614,0.2654994135822129,0.2333546867574551,0.20491485692992434,MN8014,MN8014,22.256066734297807,4.026468053070646,WPG,SSPG,0.847,0.962,0.1115200157569344,0.31605280605686065,28.559325746961733,35.34626769642434,0.1790859970218124,1.233204985781606,f2f6b328,1.7404619456727168,289.3,5.7,32.9
0.29188029536064614,0.2654994135822129,0.2333546867574551,0.20491485692992434,MN8014,MN8014,22.256066734297807,4.026468053070646,WPG,SSPG,0.847,0.962,0.1115200157569344,0.31605280605686065,41.35137390321568,35.34626769642434,0.1790859970218124,1.233204985781606,f2f6b328,1.7404619456727168,289.3,5.7,32.9
0.3081140181481634,0.2710139645513294,0.2339678522705318,0.24227659277351765,MN8014,VT8020,10.843773326144744,5.875352242345096,CPG,SSPG,0.945,0.952,0.11799300853592136,0.3326826690177681,31.411413957152412,27.360391954518168,0.24685637860393536,1.0802676242979543,f5dbdc91,-0.06042493214909683,372.3,5.7,31.2
0.3081140181481634,0.2710139645513294,0.2339678522705318,0.24227659277351765,MN8014,VT8020,10.843773326144744,5.875352242345096,CPG,SSPG,0.945,0.952,0.11799300853592136,0.3326826690177681,31.99024836668225,27.360391954518168,0.24685637860393536,1.0802676242979543,f5dbdc91,-0.06042493214909683,372.3,5.7,31.2
0.3081140181481634,0.2710139645513294,0.2339678522705318,0.24227659277351765,MN8014,VT8020,10.843773326144744,5.875352242345096,CPG,SSPG,0.945,0.952,0.11799300853592136,0.3326826690177681,30.949465622466047,27.360391954518168,0.24685637860393536,1.0802676242979543,f5dbdc91,-0.06042493214909683,372.3,5.7,31.2
0.3081140181481634,0.2710139645513294,0.2339678522705318,0.24227659277351765,MN8014,VT8020,10.843773326144744,5.875352242345096,CPG,SSPG,0.945,0.952,0.11799300853592136,0.3326826690177681,29.519263659756906,27.360391954518168,0.24685637860393536,1.0802676242979543,f5dbdc91,-0.06042493214909683,372.3,5.7,31.2
0.3081140181481634,0.2710139645513294,0.2339678522705318,0.24227659277351765,MN8014,VT8020,10.843773326144744,5.875352242345096,CPG,SSPG,0.945,0.952,0.11799300853592136,0.3326826690177681,26.920069975185413,27.360391954518168,0.24685637860393536,1.0802676242979543,f5dbdc91,-0.06042493214909683,372.3,5.7,31.2
0.3110702873949466,0.2383206765739232,0.23630270064102132,0.25295747623497405,MN8014,MN8014,8.098697142769378,4.005574415358754,CPG,SSPG,0.959,0.962,0.09105635828602861,0.36336962816013196,22.47941689900124,19.499559289830408,0.29213450045834033,0.8533144859253127,0920e26c,-0.9773161548381246,364.9,5.8,29.2
0.3110702873949466,0.2383206765739232,0.23630270064102132,0.25295747623497405,MN8014,MN8014,8.098697142769378,4.005574415358754,CPG,SSPG,0.959,0.962,0.09105635828602861,0.36336962816013196,18.43574569285856,19.499559289830408,0.29213450045834033,0.8533144859253127,0920e26c,-0.9773161548381246,364.9,5.8,29.2
0.3110702873949466,0.2383206765739232,0.23630270064102132,0.25295747623497405,MN8014,MN8014,8.098697142769378,4.005574415358754,CPG,SSPG,0.959,0.962,0.09105635828602861,0.36336962816013196,15.606458590927051,19.499559289830408,0.29213450045834033,0.8533144859253127,0920e26c,-0.9773161548381246,364.9,5.8,29.2
0.3110702873949466,0.2383206765739232,0.23630270064102132,0.25295747623497405,MN8014,MN8014,8.098697142769378,4.005574415358754,CPG,SSPG,0.959,0.962,0.09105635828602861,0.36336962816013196,22.087375180198116,19.499559289830408,0.29213450045834033,0.8533144859253127,0920e26c,-0.9773161548381246,364.9,5.8,29.2
0.3110702873949466,0.2383206765739232,0.23630270064102132,0.25295747623497405,MN8014,MN8014,8.098697142769378,4.005574415358754,CPG,SSPG,0.959,0.962,0.09105635828602861,0.36336962816013196,22.18567942311067,19.499559289830408,0.29213450045834033,0.8533144859253127,0920e26c,-0.9773161548381246,364.9,5.8,29.2
0.33741444766541256,0.27075362290482663,0.21779390067073662,0.18605503221235606,MN8014,VT8020,8.978082218233034,8.53982547517393,CPG,CPG,0.939,0.956,0.09910848129805966,0.30957526171985383,14.300455178361155,24.13239364044802,0.3149881380932153,0.5323413775619075,a61bb01e,4.6560297731037625,292.8,6.2,30.5
0.33741444766541256,0.27075362290482663,0.21779390067073662,0.18605503221235606,MN8014,VT8020,8.978082218233034,8.53982547517393,CPG,CPG,0.939,0.956,0.09910848129805966,0.30957526171985383,12.681544919112717,24.13239364044802,0.3149881380932153,0.5323413775619075,a61bb01e,4.6560297731037625,292.8,6.2,30.5
0.33741444766541256,0.27075362290482663,0.21779390067073662,0.18605503221235606,MN8014,VT8020,8.978082218233034,8.53982547517393,CPG,CPG,0.939,0.956,0.09910848129805966,0.30957526171985383,10.290593705603959,24.13239364044802,0.3149881380932153,0.5323413775619075,a61bb01e,4.6560297731037625,292.8,6.2,30.5
0.33741444766541256,0.27075362290482663,0.21779390067073662,0.18605503221235606,MN8014,VT8020,8.978082218233034,8.53982547517393,CPG,CPG,0.939,0.956,0.09910848129805966,0.30957526171985383,11.603007640443264,24.13239364044802,0.3149881380932153,0.5323413775619075,a61bb01e,4.6560297731037625,292.8,6.2,30.5
0.33741444766541256,0.27075362290482663,0.21779390067073662,0.18605503221235606,MN8014,VT8020,8.978082218233034,8.53982547517393,CPG,CPG,0.939,0.956,0.09910848129805966,0.30957526171985383,13.84588691173575,24.13239364044802,0.3149881380932153,0.5323413775619075,a61bb01e,4.6560297731037625,292.8,6.2,30.5
0.31843292000595436,0.21307641965619054,0.240758633467819,0.24593905017079964,U12,VT8020,7.194272713435112,12.679070551183385,SSPG,WPG,0.96,0.902,0.11018651313324376,0.3230089160932448,6.86287258801166,46.36569356693395,0.6046227181885222,0.3531243437723485,150c3c1c,16.445912519200633,381.2,5.2,24.8
0.31843292000595436,0.21307641965619054,0.240758633467819,0.24593905017079964,U12,VT8020,7.194272713435112,12.679070551183385,SSPG,WPG,0.96,0.902,0.11018651313324376,0.3230089160932448,4.25932134212282,46.36569356693395,0.6046227181885222,0.3531243437723485,150c3c1c,16.445912519200633,381.2,5.2,24.8
0.31843292000595436,0.21307641965619054,0.240758633467819,0.24593905017079964,U12,VT8020,7.194272713435112,12.679070551183385,SSPG,WPG,0.96,0.902,0.11018651313324376,0.3230089160932448,5.737537372868386,46.36569356693395,0.6046227181885222,0.3531243437723485,150c3c1c,16.445912519200633,381.2,5.2,24.8
0.31843292000595436,0.21307641965619054,0.240758633467819,0.24593905017079964,U12,VT8020,7.194272713435112,12.679070551183385,SSPG,WPG,0.96,0.902,0.11018651313324376,0.3230089160932448,6.722452252292028,46.36569356693395,0.6046227181885222,0.3531243437723485,150c3c1c,16.445912519200633,381.2,5.2,24.8
0.31843292000595436,0.21307641965619054,0.240758633467819,0.24593905017079964,U12,VT8020,7.194272713435112,12.679070551183385,SSPG,WPG,0.96,0.902,0.11018651313324376,0.3230089160932448,6.926613544382364,46.36569356693395,0.6046227181885222,0.3531243437723485,150c3c1c,16.445912519200633,381.2,5.2,24.8
0.3069816306955947,0.2560361582565622,0.2487803963125242,0.20980779211753944,MN8014,MN8014,4.955989684715141,7.954062222983443,SSPG,CPG,0.959,0.951,0.1073263414749521,0.3615767252656352,6.064489419343585,25.62111327149026,0.35623915642162096,0.6615742494481023,caa81dec,3.863658245636967,444.6,4.9,22.8
0.3069816306955947,0.2560361582565622,0.2487803963125242,0.20980779211753944,MN8014,MN8014,4.955989684715141,7.954062222983443,SSPG,CPG,0.959,0.951,0.1073263414749521,0.3615767252656352,8.276518478577293,25.62111327149026,0.35623915642162096,0.6615742494481023,caa81dec,3.863658245636967,444.6,4.9,22.8
0.3069816306955947,0.2560361582565622,0.2487803963125242,0.20980779211753944,MN8014,MN8014,4.955989684715141,7.954062222983443,SSPG,CPG,0.959,0.951,0.1073263414749521,0.3615767252656352,14.45381560973629,25.62111327149026,0.35623915642162096,0.6615742494481023,caa81dec,3.863658245636967,444.6,4.9,22.8
0.3069816306955947,0.2560361582565622,0.2487803963125242,0.20980779211753944,MN8014,MN8014,4.955989684715141,7.954062222983443,SSPG,CPG,0.959,0.951,0.1073263414749521,0.3615767252656352,14.766953795492356,25.62111327149026,0.35623915642162096,0.6615742494481023,caa81dec,3.863658245636967,444.6,4.9,22.8
0.3069816306955947,0.2560361582565622,0.2487803963125242,0.20980779211753944,MN8014,MN8014,4.955989684715141,7.954062222983443,SSPG,CPG,0.959,0.951,0.1073263414749521,0.3615767252656352,14.798849735243905,25.62111327149026,0.35623915642162096,0.6615742494481023,caa81dec,3.863658245636967,444.6,4.9,22.8
0.2988890613375996,0.22131830361996843,0.2519044873691762,0.21263568159286272,U12,U12,5.810666067012204,4.516439709604585,SSPG,CPG,0.962,0.958,0.12077655111809497,0.30108561632844755,9.06904397631353,48.63823290960135,0.3148135202918184,1.0269223544546173,5ee8d3c8,9.899292110332874,457.5,6.1,30.4
0.2988890613375996,0.22131830361996843,0.2519044873691762,0.21263568159286272,U12,U12,5.810666067012204,4.516439709604585,SSPG,CPG,0.962,0.958,0.12077655111809497,0.30108561632844755,17.717402374174416,48.63823290960135,0.3148135202918184,1.0269223544546173,5ee8d3c8,9.899292110332874,457.5,6.1,30.4
0.2988890613375996,0.22131830361996843,0.2519044873691762,0.21263568159286272,U12,U12,5.810666067012204,4.516439709604585,SSPG,CPG,0.962,0.958,0.12077655111809497,0.30108561632844755,18.026687225777696,48.63823290960135,0.3148135202918184,1.0269223544546173,5ee8d3c8,9.899292110332874,457.5,6.1,30.4
0.2988890613375996,0.22131830361996843,0.2519044873691762,0.21263568159286272,U12,U12,5.810666067012204,4.516439709604585,SSPG,CPG,0.962,0.958,0.12077655111809497,0.30108561632844755,18.25327176750612,48.63823290960135,0.3148135202918184,1.0269223544546173,5ee8d3c8,9.899292110332874,457.5,6.1,30.4
0.2988890613375996,0.22131830361996843,0.2519044873691762,0.21263568159286272,U12,U12,5.810666067012204,4.516439709604585,SSPG,CPG,0.962,0.958,0.12077655111809497,0.30108561632844755,18.323780700319148,48.63823290960135,0.3148135202918184,1.0269223544546173,5ee8d3c8,9.899292110332874,457.5,6.1,30.4
0.3025890422142019,0.2537869579294053,0.21287358585264146,0.19226289863355983,VT8020,VT8020,7.723381093502217,4.002350009081656,CPG,CPG,0.947,0.963,0.09841134079047106,0.3524644643297064,14.377345551260067,10.95253214233688,0.14739594704528594,0.4426523489384577,13766144,-0.13859216548249975,379.7,6.0,25.8
0.3025890422142019,0.2537869579294053,0.21287358585264146,0.19226289863355983,VT8020,VT8020,7.723381093502217,4.002350009081656,CPG,CPG,0.947,0.963,0.09841134079047106,0.3524644643297064,14.230996663896804,10.95253214233688,0.14739594704528594,0.4426523489384577,13766144,-0.13859216548249975,379.7,6.0,25.8
0.3025890422142019,0.2537869579294053,0.21287358585264146,0.19226289863355983,VT8020,VT8020,7.723381093502217,4.002350009081656,CPG,CPG,0.947,0.963,0.09841134079047106,0.3524644643297064,14.102792408312776,10.95253214233688,0.14739594704528594,0.4426523489384577,13766144,-0.13859216548249975,379.7,6.0,25.8
0.3025890422142019,0.2537869579294053,0.21287358585264146,0.19226289863355983,VT8020,VT8020,7.723381093502217,4.002350009081656,CPG,CPG,0.947,0.963,0.09841134079047106,0.3524644643297064,14.130377174881033,10.95253214233688,0.14739594704528594,0.4426523489384577,13766144,-0.13859216548249975,379.7,6.0,25.8
0.3025890422142019,0.2537869579294053,0.21287358585264146,0.19226289863355983,VT8020,VT8020,7.723381093502217,4.002350009081656,CPG,CPG,0.947,0.963,0.09841134079047106,0.3524644643297064,12.499535582603217,10.95253214233688,0.14739594704528594,0.4426523489384577,13766144,-0.13859216548249975,379.7,6.0,25.8
0.34609323828717825,0.25850006402875136,0.23444566872947098,0.21635957167629946,MN8014,VT8020,5.96418508609108,6.198697713568237,SSPG,SSPG,0.952,0.964,0.10612288957126259,0.32969475773124995,8.138447133637603,19.404753033606386,0.27672111193966153,0.3338442432126404,a63ad1e9,4.799035810805237,366.5,6.0,27.7
0.34609323828717825,0.25850006402875136,0.23444566872947098,0.21635957167629946,MN8014,VT8020,5.96418508609108,6.198697713568237,SSPG,SSPG,0.952,0.964,0.10612288957126259,0.32969475773124995,8.10786351451489,19.404753033606386,0.27672111193966153,0.3338442432126404,a63ad1e9,4.799035810805237,366.5,6.0,27.7
0.34609323828717825,0.25850006402875136,0.23444566872947098,0.21635957167629946,MN8014,VT8020,5.96418508609108,6.198697713568237,SSPG,SSPG,0.952,0.964,0.10612288957126259,0.32969475773124995,7.98966229413804,19.404753033606386,0.27672111193966153,0.3338442432126404,a63ad1e9,4.799035810805237,366.5,6.0,27.7
0.34609323828717825,0.25850006402875136,0.23444566872947098,0.21635957167629946,MN8014,VT8020,5.96418508609108,6.198697713568237,SSPG,SSPG,0.952,0.964,0.10612288957126259,0.32969475773124995,7.1094266977586384,19.404753033606386,0.27672111193966153,0.3338442432126404,a63ad1e9,4.799035810805237,366.5,6.0,27.7
0.34609323828717825,0.25850006402875136,0.23444566872947098,0.21635957167629946,MN8014,VT8020,5.96418508609108,6.198697713568237,SSPG,SSPG,0.952,0.964,0.10612288957126259,0.32969475773124995,6.9844236844576315,19.404753033606386,0.27672111193966153,0.3338442432126404,a63ad1e9,4.799035810805237,366.5,6.0,27.7
0.32145908275616353,0.22229273787775322,0.23809407124477944,0.2156565512085039,MN8014,VT8020,13.121505619853075,10.0188462443462,WPG,CPG,0.911,0.941,0.10752753685027581,0.3476682843702015,25.346137513675703,36.61317745640334,0.4370256397503783,1.0289217939474633,dc587a73,4.585873988605881,404.1,4.6,21.3
0.32145908275616353,0.22229273787775322,0.23809407124477944,0.2156565512085039,MN8014,VT8020,13.121505619853075,10.0188462443462,WPG,CPG,0.911,0.941,0.10752753685027581,0.3476682843702015,18.04713250550337,36.61317745640334,0.4370256397503783,1.0289217939474633,dc587a73,4.585873988605881,404.1,4.6,21.3
0.32145908275616353,0.22229273787775322,0.23809407124477944,0.2156565512085039,MN8014,VT8020,13.121505619853075,10.0188462443462,WPG,CPG,0.911,0.941,0.10752753685027581,0.3476682843702015,22.756979292450502,36.61317745640334,0.4370256397503783,1.0289217939474633,dc587a73,4.585873988605881,404.1,4.6,21.3
0.32145908275616353,0.22229273787775322,0.23809407124477944,0.2156565512085039,MN8014,VT8020,13.121505619853075,10.0188462443462,WPG,CPG,0.911,0.941,0.10752753685027581,0.3476682843702015,22.63974481322111,36.61317745640334,0.4370256397503783,1.0289217939474633,dc587a73,4.585873988605881,404.1,4.6,21.3
0.32145908275616353,0.22229273787775322,0.23809407124477944,0.2156565512085039,MN8014,VT8020,13.121505619853075,10.0188462443462,WPG,CPG,0.911,0.941,0.10752753685027581,0.3476682843702015,22.360214275564346,36.61317745640334,0.4370256397503783,1.0289217939474633,dc587a73,4.585873988605881,404.1,4.6,21.3
0.30248431394381503,0.26896619397292276,0.23680780833517084,0.27052643077871524,VT8020,MN8014,10.920584663915404,4.172292368289887,WPG,SSPG,0.904,0.954,0.09187670655647495,0.3393235516276545,22.173553483108584,22.927515665031905,0.3182067306968242,0.8827437433010352,bb4b0fd9,0.2013769676424424,267.7,6.1,34.1
0.30248431394381503,0.26896619397292276,0.23680780833517084,0.27052643077871524,VT8020,MN8014,10.920584663915404,4.172292368289887,WPG,SSPG,0.904,0.954,0.09187670655647495,0.3393235516276545,22.440727398645404,22.927515665031905,0.3182067306968242,0.8827437433010352,bb4b0fd9,0.2013769676424424,267.7,6.1,34.1
0.30248431394381503,0.26896619397292276,0.23680780833517084,0.27052643077871524,VT8020,MN8014,10.920584663915404,4.172292368289887,WPG,SSPG,0.904,0.954,0.09187670655647495,0.3393235516276545,22.660062631217404,22.927515665031905,0.3182067306968242,0.8827437433010352,bb4b0fd9,0.2013769676424424,267.7,6.1,34.1
0.30248431394381503,0.26896619397292276,0.23680780833517084,0.27052643077871524,VT8020,MN8014,10.920584663915404,4.172292368289887,WPG,SSPG,0.904,0.954,0.09187670655647495,0.3393235516276545,12.380692495343668,22.927515665031905,0.3182067306968242,0.8827437433010352,bb4b0fd9,0.2013769676424424,267.7,6.1,34.1
0.30248431394381503,0.26896619397292276,0.23680780833517084,0.27052643077871524,VT8020,MN8014,10.920584663915404,4.172292368289887,WPG,SSPG,0.904,0.954,0.09187670655647495,0.3393235516276545,17.59958746566831,22.927515665031905,0.3182067306968242,0.8827437433010352,bb4b0fd9,0.2013769676424424,267.7,6.1,34.1
0.30545619234839994,0.25657701062843563,0.2462882409853852,0.21656914247138392,MN8014,MN8014,22.129131301185076,5.384483747839926,WPG,SSPG,0.869,0.945,0.1104556954487391,0.38001929976524984,17.418217009502612,26.668094287032382,0.3342895547325079,1.1970730171380461,0eec5281,-1.6732563056518721,240.1,6.5,34.6
0.30545619234839994,0.25657701062843563,0.2462882409853852,0.21656914247138392,MN8014,MN8014,22.129131301185076,5.384483747839926,WPG,SSPG,0.869,0.945,0.1104556954487391,0.38001929976524984,30.64768805973518,26.668094287032382,0.3342895547325079,1.1970730171380461,0eec5281,-1.6732563056518721,240.1,6.5,34.6
0.30545619234839994,0.25657701062843563,0.2462882409853852,0.21656914247138392,MN8014,MN8014,22.129131301185076,5.384483747839926,WPG,SSPG,0.869,0.945,0.1104556954487391,0.38001929976524984,28.120978034087436,26.668094287032382,0.3342895547325079,1.1970730171380461,0eec5281,-1.6732563056518721,240.1,6.5,34.6
0.30545619234839994,0.25657701062843563,0.2462882409853852,0.21656914247138392,MN8014,MN8014,22.129131301185076,5.384483747839926,WPG,SSPG,0.869,0.945,0.1104556954487391,0.38001929976524984,27.194324563040542,26.668094287032382,0.3342895547325079,1.1970730171380461,0eec5281,-1.6732563056518721,240.1,6.5,34.6
0.30545619234839994,0.25657701062843563,0.2462882409853852,0.21656914247138392,MN8014,MN8014,22.129131301185076,5.384483747839926,WPG,SSPG,0.869,0.945,0.1104556954487391,0.38001929976524984,25.535219879742126,26.668094287032382,0.3342895547325079,1.1970730171380461,0eec5281,-1.6732563056518721,240.1,6.5,34.6
0.3098879792526472,0.24237976281452595,0.22666719986883266,0.2073381199930273,U12,VT8020,6.008978795268869,4.042428269444343,SSPG,CPG,0.955,0.963,0.10031985130371299,0.36153597099229556,25.537153191852614,19.620728232885497,0.16130990261247474,1.3552889082543411,3496fa77,-6.546115349979003,536.0,5.6,34.6
0.3098879792526472,0.24237976281452595,0.22666719986883266,0.2073381199930273,U12,VT8020,6.008978795268869,4.042428269444343,SSPG,CPG,0.955,0.963,0.10031985130371299,0.36153597099229556,25.69843439894582,19.620728232885497,0.16130990261247474,1.3552889082543411,3496fa77,-6.546115349979003,536.0,5.6,34.6
0.3098879792526472,0.24237976281452595,0.22666719986883266,0.2073381199930273,U12,VT8020,6.008978795268869,4.042428269444343,SSPG,CPG,0.955,0.963,0.10031985130371299,0.36153597099229556,23.785686683209267,19.620728232885497,0.16130990261247474,1.3552889082543411,3496fa77,-6.546115349979003,536.0,5.6,34.6
0.3098879792526472,0.24237976281452595,0.22666719986883266,0.2073381199930273,U12,VT8020,6.008978795268869,4.042428269444343,SSPG,CPG,0.955,0.963,0.10031985130371299,0.36153597099229556,23.447205838386786,19.620728232885497,0.16130990261247474,1.3552889082543411,3496fa77,-6.546115349979003,536.0,5.6,34.6
0.3098879792526472,0.24237976281452595,0.22666719986883266,0.2073381199930273,U12,VT8020,6.008978795268869,4.042428269444343,SSPG,CPG,0.955,0.963,0.10031985130371299,0.36153597099229556,25.39818014452479,19.620728232885497,0.16130990261247474,1.3552889082543411,3496fa77,-6.546115349979003,536.0,5.6,34.6
0.2796038226680004,0.25136203801755197,0.2582284732417762,0.2181780960316284,MN8014,MN8014,12.873622797854777,10.526935234880552,WPG,CPG,0.912,0.944,0.1093214190774279,0.3309052741037132,11.963944569818016,47.838957288130125,0.7518811219268248,0.6524697801564485,b26919fc,13.74147966902503,337.9,5.6,35.5
0.2796038226680004,0.25136203801755197,0.2582284732417762,0.2181780960316284,MN8014,MN8014,12.873622797854777,10.526935234880552,WPG,CPG,0.912,0.944,0.1093214190774279,0.3309052741037132,11.824782049263776,47.838957288130125,0.7518811219268248,0.6524697801564485,b26919fc,13.74147966902503,337.9,5.6,35.5
0.2796038226680004,0.25136203801755197,0.2582284732417762,0.2181780960316284,MN8014,MN8014,12.873622797854777,10.526935234880552,WPG,CPG,0.912,0.944,0.1093214190774279,0.3309052741037132,10.835025670748541,47.838957288130125,0.7518811219268248,0.6524697801564485,b26919fc,13.74147966902503,337.9,5.6,35.5
0.2796038226680004,0.25136203801755197,0.2582284732417762,0.2181780960316284,MN8014,MN8014,12.873622797854777,10.526935234880552,WPG,CPG,0.912,0.944,0.1093214190774279,0.3309052741037132,10.581030663666255,47.838957288130125,0.7518811219268248,0.6524697801564485,b26919fc,13.74147966902503,337.9,5.6,35.5
0.2796038226680004,0.25136203801755197,0.2582284732417762,0.2181780960316284,MN8014,MN8014,12.873622797854777,10.526935234880552,WPG,CPG,0.912,0.944,0.1093214190774279,0.3309052741037132,11.736240710135142,47.838957288130125,0.7518811219268248,0.6524697801564485,b26919fc,13.74147966902503,337.9,5.6,35.5
0.31170165145156825,0.23839926123545074,0.20724730994369117,0.23980545168889023,MN8014,MN8014,14.300636737520152,7.22969545890407,WPG,SSPG,0.9,0.96,0.08281135641511077,0.33632368209044616,9.272762271227647,42.12059775307058,0.5650242894175511,1.3753799418005639,9bae4378,3.128807663184734,484.8,4.1,34.7
0.31170165145156825,0.23839926123545074,0.20724730994369117,0.23980545168889023,MN8014,MN8014,14.300636737520152,7.22969545890407,WPG,SSPG,0.9,0.96,0.08281135641511077,0.33632368209044616,21.63404584032324,42.12059775307058,0.5650242894175511,1.3753799418005639,9bae4378,3.128807663184734,484.8,4.1,34.7
0.31170165145156825,0.23839926123545074,0.20724730994369117,0.23980545168889023,MN8014,MN8014,14.300636737520152,7.22969545890407,WPG,SSPG,0.9,0.96,0.08281135641511077,0.33632368209044616,29.915531886918206,42.12059775307058,0.5650242894175511,1.3753799418005639,9bae4378,3.128807663184734,484.8,4.1,34.7
0.31170165145156825,0.23839926123545074,0.20724730994369117,0.23980545168889023,MN8014,MN8014,14.300636737520152,7.22969545890407,WPG,SSPG,0.9,0.96,0.08281135641511077,0.33632368209044616,31.716707304731983,42.12059775307058,0.5650242894175511,1.3753799418005639,9bae4378,3.128807663184734,484.8,4.1,34.7
0.31170165145156825,0.23839926123545074,0.20724730994369117,0.23980545168889023,MN8014,MN8014,14.300636737520152,7.22969545890407,WPG,SSPG,0.9,0.96,0.08281135641511077,0.33632368209044616,31.54035019717701,42.12059775307058,0.5650242894175511,1.3753799418005639,9bae4378,3.128807663184734,484.8,4.1,34.7
0.3143586089285212,0.2721643457411889,0.2244691194201304,0.20134307276240923,MN8014,VT8020,8.108431039688021,8.915119651927123,CPG,CPG,0.959,0.954,0.10021897754818856,0.4158121921825396,2.247759819263297,5.895955973892427,0.08678925802590592,0.0374181475879197,d69af969,2.175137375527967,356.0,6.5,32.9
0.3143586089285212,0.2721643457411889,0.2244691194201304,0.20134307276240923,MN8014,VT8020,8.108431039688021,8.915119651927123,CPG,CPG,0.959,0.954,0.10021897754818856,0.4158121921825396,2.1615718549514082,5.895955973892427,0.08678925802590592,0.0374181475879197,d69af969,2.175137375527967,356.0,6.5,32.9
0.3143586089285212,0.2721643457411889,0.2244691194201304,0.20134307276240923,MN8014,VT8020,8.108431039688021,8.915119651927123,CPG,CPG,0.959,0.954,0.10021897754818856,0.4158121921825396,2.1701201064795623,5.895955973892427,0.08678925802590592,0.0374181475879197,d69af969,2.175137375527967,356.0,6.5,32.9
0.3143586089285212,0.2721643457411889,0.2244691194201304,0.20134307276240923,MN8014,VT8020,8.108431039688021,8.915119651927123,CPG,CPG,0.959,0.954,0.10021897754818856,0.4158121921825396,2.1596384541371654,5.895955973892427,0.08678925802590592,0.0374181475879197,d69af969,2.175137375527967,356.0,6.5,32.9
0.3143586089285212,0.2721643457411889,0.2244691194201304,0.20134307276240923,MN8014,VT8020,8.108431039688021,8.915119651927123,CPG,CPG,0.959,0.954,0.10021897754818856,0.4158121921825396,2.172643641682844,5.895955973892427,0.08678925802590592,0.0374181475879197,d69af969,2.175137375527967,356.0,6.5,32.9
