time,slide_x,slide_z,left_hip,left_knee,right_hip,right_knee,ctrl_left,ctrl_right
0.0003504753112792969,3.196493681032214e-06,-2.7282816161320494e-05,-2.529910805149228,1.8676819243744194,-0.6117071807802985,-1.867677835200078,8.883070266750606,-35.03973821966048
0.0005457401275634766,4.585533401300853e-05,2.2559960920974266e-05,-2.5305058326670666,1.8685103515462829,-0.6114466828666132,-1.8684505399506313,8.883070266750606,-35.03973821966048
0.0006880760192871094,0.00012790489542623365,0.00012102169743750653,-2.531199891358843,1.8692861022016756,-0.6113910937133047,-1.8691221839432486,8.883070266750606,-35.03973821966048
0.0008220672607421875,0.0002493123531240464,0.00026825075981514894,-2.531981223245469,1.86998783197256,-0.611547690223127,-1.869674203672781,8.883070266750606,-35.03973821966048
0.0009539127349853516,0.0004100520202585228,0.0004643530211325209,-2.532839034539613,1.8705960793136256,-0.6119232257371159,-1.8700895520456222,8.883070266750606,-35.03973821966048
0.0010862350463867188,0.0006101058097138195,0.0007093929104626218,-2.5337634276649914,1.871093118764143,-0.6125239246476006,-1.8703526061321147,8.883070266750606,-35.03973821966048
0.001216888427734375,0.000849463597492136,0.0010033942993555184,-2.534745337553853,1.8714628254828716,-0.6133554798673976,-1.8704490797988895,8.883070266750606,-35.03973821966048
0.0013403892517089844,0.001128123489045996,0.0013463412767185435,-2.5357764717620626,1.871690550383578,-0.6144230534609366,-1.8703659405697124,8.883070266750606,-35.03973821966048
0.0014629364013671875,0.001446091991028385,0.0017381788516775036,-2.5368492540207837,1.8717630051354595,-0.6157312804943992,-1.8700913302784874,8.883070266750606,-35.03973821966048
0.001588582992553711,0.001803384091748707,0.0021788136174872284,-2.5379567708883695,1.8716681562677204,-0.6172842760303748,-1.8696144892041369,8.883070266750606,-35.03973821966048
0.0017154216766357422,0.0022000232542056107,0.0026681144078572246,-2.5390927211773557,1.8713951276166194,-0.6190856451573732,-1.868925683431285,8.883070266750606,-35.03973821966048
0.0018382072448730469,0.002636039861525319,0.00320591450139789,-2.540251663004326,1.870934340658087,-0.6211385036736531,-1.8680162596193426,8.883070266750606,-35.03973821966048
0.0019626617431640625,0.003111471448103164,0.0037920133939092194,-2.5414288585926905,1.8702773426677508,-0.6234454990088593,-1.8668785361361804,8.883070266750606,-35.03973821966048
0.002084970474243164,0.0036263635606086867,0.004426177414196053,-2.5426199860813545,1.8694165378182708,-0.6260088282080726,-1.865505636626733,8.883070266750606,-35.03973821966048
0.0022115707397460938,0.004180769029317545,0.0051081353274987674,-2.543821235367644,1.868345257865824,-0.6288302764649463,-1.8638915969707675,8.883070266750606,-35.03973821966048
0.0023331642150878906,0.004774747580520482,0.005837580712585735,-2.545029233894731,1.8670576616637635,-0.6319112354253125,-1.8620312452967025,8.883070266750606,-35.03973821966048
0.002458810806274414,0.0054083656296748,0.006614179276300463,-2.5462408912139503,1.8655485719849472,-0.635252750921613,-1.8599199924948269,8.883070266750606,-35.03973821966048
0.0025806427001953125,0.006081695800796853,0.007437581804573049,-2.5474532399444043,1.863813376213784,-0.6388557016181317,-1.8575536406476685,8.883070266750606,-35.03973821966048
0.0027017593383789062,0.006794816822083833,0.00830742719042173,-2.5486633925492534,1.8618479575264082,-0.6427208300784875,-1.8549283235508431,8.883070266750606,-35.03973821966048
0.0028228759765625,0.00754781345026267,0.009223343372261448,-2.549868523039924,1.8596486372690635,-0.6468487454690761,-1.8520404745828276,8.883070266750606,-35.03973821966048
0.0029439926147460938,0.008340778047087102,0.010184958527252676,-2.551066238671957,1.8572123804260443,-0.6512399721612392,-1.8488869154548773,8.883070266750606,-35.03973821966048
0.0030646324157714844,0.00917381139794952,0.011191907750062999,-2.5522546416271177,1.8545367829460135,-0.6558949770714513,-1.8454648491895311,8.883070266750606,-35.03973821966048
0.0031905174255371094,0.010047020167877715,0.012243819252691874,-2.553431694111134,1.8516196002175227,-0.6608140998076291,-1.8417716437726905,8.883070266750606,-35.03973821966048
0.003311634063720703,0.010960516676627844,0.013340313572808607,-2.5545952457133483,1.8484587348623212,-0.6659975456997612,-1.8378048215976397,8.883070266750606,-35.03973821966048
0.003433704376220703,0.011914418632689536,0.014481002770908281,-2.5557430576792113,1.8450522251692818,-0.6714453800054843,-1.8335620500780998,8.883070266750606,-35.03973821966048
0.0035543441772460938,0.012908848825469539,0.01566548968137239,-2.556872823426422,1.8413982337276587,-0.6771575240839264,-1.8290411323696516,8.883070266750606,-35.03973821966048
0.0036737918853759766,0.013943934777242485,0.01689336725940737,-2.5579821850610394,1.8374950359904918,-0.683133753952941,-1.8242399975224375,8.883070266750606,-35.03973821966048
0.003796815872192383,0.015019808358121719,0.01816421804630774,-2.5590687459717962,1.8333410086349915,-0.6893737013477961,-1.8191566897024334,8.883070266750606,-35.03973821966048
0.003918647766113281,0.01613660536834561,0.01947761376043067,-2.5601300797990234,1.8289346176856438,-0.695876857188359,-1.8137893563536585,8.883070266750606,-35.03973821966048
0.004044532775878906,0.01729446509269861,0.020833115010620965,-2.5611637362026136,1.8242744064314915,-0.7026425772283922,-1.8081362353337251,8.883070266750606,-35.03973821966048
0.004181623458862305,0.018493529832017803,0.022230271122003528,-2.5621672439106664,1.819358983207793,-0.7096700895898825,-1.8021956411520972,8.883070266750606,-35.03973821966048
0.004302263259887695,0.019733944416596292,0.02366862006026035,-2.5631381115369476,1.8141870091307746,-0.7169585038609637,-1.7959659504889225,8.883070266750606,-35.03973821966048
0.004422903060913086,0.02101585570598699,0.025147688438917716,-2.5640738266286647,1.8087571858785738,-0.7245068214429836,-1.7894455871864205,8.883070266750606,-35.03973821966048
0.00454401969909668,0.022339412890268567,0.026667000327813946,-2.5649717903636864,1.803068325286675,-0.7323136551537481,-1.7826332212963039,8.883070266750606,-35.03973821966048
0.00466609001159668,0.02370476619750889,0.028226070623302266,-2.565829372518864,1.797119245729627,-0.7403775562429782,-1.775527516942881,8.883070266750606,-35.03973821966048
0.004788637161254883,0.025112066358770186,0.029824404685549616,-2.5666439112369526,1.7909087555176457,-0.748697041930271,-1.7681271058633896,8.883070266750606,-35.03973821966048
0.0049092769622802734,0.026561464119627776,0.031461498538386076,-2.56741273970319,1.7844356854139305,-0.7572705899569431,-1.7604306061406783,8.883070266750606,-35.03973821966048
0.0050296783447265625,0.02805310980527577,0.03313683980196232,-2.5681333674999283,1.7776991355571221,-0.7660965661760468,-1.7524367925200606,8.883070266750606,-35.03973821966048
0.005156993865966797,0.029587152879868336,0.03484990802047455,-2.5688032322043544,1.7706981269861393,-0.7751733400306793,-1.7441443510657015,8.883070266750606,-35.03973821966048
0.0052793025970458984,0.03116374142774487,0.036600173944475206,-2.5694197096897256,1.7634316025742354,-0.7844992804653593,-1.7355518831773278,8.883070266750606,-35.03973821966048
0.005399227142333984,0.032783021691069066,0.03838709943069932,-2.5699801348124165,1.7558984509545712,-0.7940727455433748,-1.7266579327742386,8.883070266750606,-35.03973821966048
0.005520820617675781,0.03444513801379276,0.04021013853070614,-2.570481974553848,1.7480977501647719,-0.8038919453460727,-1.717461281069854,8.883070266750606,-35.03973821966048
0.005645751953125,0.036150231886696,0.042068737934581525,-2.570922610405586,1.740028457788218,-0.8139551419017392,-1.7079605528342534,8.883070266750606,-35.03973821966048
0.005767345428466797,0.03789844152005775,0.043962336939336245,-2.5712993368514345,1.7316894067501591,-0.8242606580700458,-1.6981542083472043,8.883070266750606,-35.03973821966048
0.0058896541595458984,0.03968990142248408,0.04589036737861969,-2.5716093602939982,1.7230793014039683,-0.8348068862430866,-1.6880405354550279,8.883070266750606,-35.03973821966048
0.006011962890625,0.04152474198553477,0.04785225351241994,-2.5718497983817272,1.7141967138803824,-0.8455922969085891,-1.6776176416629922,8.883070266750606,-35.03973821966048
0.00613856315612793,0.043403089073695916,0.049847411875123454,-2.5720176796964913,1.7050400806740107,-0.8566154471193075,-1.66688344619596,8.883070266750606,-35.03973821966048
0.006261110305786133,0.04532506156631775,0.051875271736592565,-2.57210990445711,1.6956078748851295,-0.8678745600552117,-1.65583605463621,8.883070266750606,-35.03973821966048
0.006383419036865234,0.047290771160203644,0.05393527963725433,-2.572123233714089,1.6858985845241172,-0.8793675619571298,-1.6444737200175081,8.883070266750606,-35.03973821966048
0.006509304046630859,0.049300324613177134,0.05602687912888747,-2.572054322628969,1.6759104890497576,-0.8910926089327627,-1.632794360891099,8.883070266750606,-35.03973821966048
0.006631612777709961,0.051353823470910366,0.058149510214331075,-2.5718997217898867,1.6656416596495993,-0.903048082714281,-1.620795565230602,8.883070266750606,-35.03973821966048
0.006751298904418945,0.053451363788789855,0.06030260876504747,-2.5716558788071073,1.6550899596209585,-0.9152325879553216,-1.6084745925053554,8.883070266750606,-35.03973821966048
0.00686955451965332,0.05559303584905484,0.06248560591154106,-2.5713191401205364,1.6442530447738268,-0.9276449509633845,-1.5958283739932493,8.883070266750606,-35.03973821966048
0.006992340087890625,0.05777892387322518,0.06469792740127865,-2.570885752962111,1.633128363790407,-0.9402842197847182,-1.5828535113816462,8.883070266750606,-35.03973821966048
0.007117033004760742,0.06000910572962264,0.0669389929183497,-2.570351867425696,1.6217131584879225,-0.9531496655781201,-1.5695462736837906,8.883070266750606,-35.03973821966048
0.007238626480102539,0.06228365263557934,0.06920821535863923,-2.5697135386058707,1.6100044639420357,-0.9662407852320828,-1.555902592477749,8.883070266750606,-35.03973821966048
0.007360696792602539,0.06460262885371945,0.07150500005375354,-2.568966728774984,1.5979991084379506,-0.9795573051967176,-1.5419180554550256,8.883070266750606,-35.03973821966048
0.007481575012207031,0.06696609292870685,0.07382874965278485,-2.568107550807348,1.5856940444021026,-0.993099062554226,-1.5275881679277419,8.883070266750606,-35.03973821966048
0.007605075836181641,0.06937410121911439,0.07617887718100828,-2.5671327401431414,1.5730869891412798,-1.0068657746527678,-1.5129088693748267,8.883070266750606,-35.03973821966048
0.0077283382415771484,0.07182670335040617,0.07855479134726621,-2.566038841557033,1.5601753057640153,-1.0208574644944952,-1.4978756229535974,8.883070266750606,-35.03973821966048
0.007851362228393555,0.0743239419931891,0.08095589525148325,-2.5648222222699677,1.5469560162485434,-1.0350744650984744,-1.4824834092527235,8.883070266750606,-35.03973821966048
0.007971048355102539,0.07686585865434552,0.08338161322245198,-2.563479849754409,1.5334269089980512,-1.0495167594702162,-1.4667280749771994,8.883070266750606,-35.03973821966048
0.008091926574707031,0.07945257300067371,0.08583147901327011,-2.562005151732836,1.5195758437463787,-1.0641916696159721,-1.4505946760364228,8.883070266750606,-35.03973821966048
0.008223772048950195,0.08208428430770863,0.08830520398295703,-2.560385142704532,1.5053774466017205,-1.0791142031538643,-1.434054562460297,8.883070266750606,-35.03973821966048
0.008344888687133789,0.08476149829841399,0.09080290847513267,-2.5586019412899907,1.4907851049119387,-1.094316806393825,-1.417056183235212,8.883070266750606,-35.03973821966048
0.008467912673950195,0.08748418551197218,0.09332377945978634,-2.556650757424627,1.4757974435577894,-1.1097987040615667,-1.3995950204611043,8.883070266750606,-35.03973821966048
0.008583545684814453,0.09025231077263668,0.09586700190600135,-2.554527272090673,1.460413236843232,-1.1255594332860965,-1.3816662886856919,8.883070266750606,-35.03973821966048
0.008697032928466797,0.09306583513288494,0.09843176274412413,-2.552227753879629,1.444631602735468,-1.1415988017057377,-1.3632650710172876,8.883070266750606,-35.03973821966048
0.008814573287963867,0.09592471084539458,0.10101723976253585,-2.5497483136381627,1.4284509802322867,-1.157917284164304,-1.3443854113039644,8.883070266750606,-35.03973821966048
0.00892949104309082,0.09882888106715552,0.10362259846096679,-2.5470849046199056,1.4118691546103634,-1.174516043179851,-1.3250202850755393,8.883070266750606,-35.03973821966048
0.009042978286743164,0.10177827952814922,0.10624698861597724,-2.5442333242892636,1.3948832814368344,-1.1913969519350074,-1.3051615650132797,8.883070266750606,-35.03973821966048
0.009161710739135742,0.10477283015949605,0.10888954052538952,-2.541189217832679,1.3774899097850017,-1.2085626204994995,-1.2847999799956051,8.883070266750606,-35.03973821966048
0.009275197982788086,0.10781246485565432,0.11154941521614788,-2.5379499024088745,1.3596876342273265,-1.2260150463164083,-1.2639281848362744,8.883070266750606,-35.03973821966048
0.009388923645019531,0.11089810543641587,0.11422672398570832,-2.5344740745000123,1.3413801442859081,-1.2438198243866332,-1.2424367703528463,8.883070266750606,-35.03973821966048
0.009501934051513672,0.11404417217483939,0.11691914906344343,-2.5306228710286356,1.321770587521057,-1.2627448966795976,-1.2193826245798345,-8.883070266750606,35.03973821966048
0.009561777114868164,0.11712104573475993,0.11952166148080695,-2.5272962853040166,1.3039172563138088,-1.2801322203267513,-1.1983879737381078,-8.883070266750606,35.03973821966048
0.009617090225219727,0.12012829104290379,0.12203867335271476,-2.5245076995805986,1.2878328735352342,-1.2959952652087299,-1.1794400713334035,-8.883070266750606,35.03973821966048
0.009675741195678711,0.12306565908738479,0.12447432048837814,-2.522266554569987,1.2735232778636525,-1.3103474183072998,-1.1625270942183303,-8.883070266750606,35.03973821966048
0.009729385375976562,0.12593305275498543,0.12683245303689494,-2.520578643739015,1.260988094905511,-1.3232022053327686,-1.14763719331505,-8.523886948082739,35.03973821966048
0.009781599044799805,0.12873008270332037,0.12911733716596405,-2.5194336127881423,1.2502078187948147,-1.3345751162714135,-1.1347450716271794,-5.9650535656902095,35.03973821966048
0.00983285903930664,0.13145392961085467,0.13133728093258978,-2.518739698437241,1.2410749032734436,-1.3444924256784214,-1.1237461185728157,-3.826339112823332,35.03973821966048
0.009884357452392578,0.1341023598769119,0.13349938390494845,-2.51841836267976,1.2334947743198093,-1.3529787655980552,-1.114549756417078,-2.0478455022277378,35.03973821966048
0.009935617446899414,0.13667363797339996,0.13560968248707972,-2.5184022998450564,1.2273840433854317,-1.360057274354597,-1.1070771788326965,-0.578729804545315,35.03973821966048
0.00998687744140625,0.13916645194140206,0.13767327301368854,-2.5186337515356207,1.22266898444837,-1.3657497680998192,-1.1012594055093006,0.6241970335201897,35.03973821966048
0.01003718376159668,0.14157985040300855,0.1396944164209434,-2.5190630800267875,1.2192842342368901,-1.3700769174019505,-1.0970356158821728,1.5976459952701962,35.03973821966048
0.010088443756103516,0.1439131895532384,0.1416766276880128,-2.519647548474077,1.2171716476940024,-1.3730584069494736,-1.0943517639251443,2.37278703973745,35.03973821966048
0.010144233703613281,0.1461660889181731,0.1436227525310894,-2.5203502818415795,1.2162793001175858,-1.37471307706439,-1.093159423083375,2.9760692422115995,35.03973821966048
0.010195016860961914,0.1483383948662123,0.14553503335071846,-2.5211394015590685,1.2165606789675163,-1.3750590639488423,-1.0934147630892472,3.430015631792901,35.03973821966048
0.010248899459838867,0.15043015067147208,0.14741516644100952,-2.5219872912035735,1.2179739933067066,-1.3741139220290772,-1.0950776837618195,3.7538187167580372,32.0074753641565
0.010300874710083008,0.1524481820657861,0.14926688821113515,-2.522854549768607,1.2203747348708074,-1.372008541103127,-1.0979772330112998,3.888838569007276,26.337269850022647
0.010352849960327148,0.15440524673194625,0.15109556724143353,-2.5236956609272267,1.2235342849300832,-1.3689703235597777,-1.1018351318998783,3.8034383094141004,21.71381964442474
0.010403871536254883,0.15631196870421807,0.15290509946144087,-2.5244804011574042,1.2272734806543444,-1.3651830758150654,-1.1064325313640124,3.5697975310473207,17.936686786137496
0.010454177856445312,0.15817720908214475,0.15469828680494116,-2.525190097127864,1.2314523376069269,-1.3607955620323202,-1.1115973801377486,3.2426312814819744,14.844809142007737
0.010504961013793945,0.1600083694967505,0.15647712159867114,-2.525814614628577,1.2359617611147855,-1.3559283685875834,-1.1171944316613907,2.8625674673134975,12.308721479099654
0.010555744171142578,0.16181164093126987,0.1582430000115251,-2.5263499848833577,1.240716916382939,-1.3506794023530444,-1.1231173669265035,2.4591015559160967,10.224261708791529
0.010606050491333008,0.16359220815273862,0.15999688203662832,-2.526796565881871,1.245651959737929,-1.345128291419503,-1.1292825997363858,2.0530841620672677,8.507513828770948
0.010656595230102539,0.16535441804920387,0.16173941113031595,-2.5271576416669626,1.2507158756630756,-1.339339908463329,-1.1356244098546489,1.658762358491741,7.090765738237526
0.01070713996887207,0.1671019185495842,0.16347100337824613,-2.527438374754546,1.2558692119790098,-1.3333671966516842,-1.1420911138363066,1.2854295681601746,5.919297065018612
0.010757684707641602,0.16883777345887646,0.16519191377665038,-2.5276450271197963,1.26108149629251,-1.3272534289317273,-1.1486420812149687,0.9386812015104301,4.94876785456207
0.010807991027832031,0.1705645577163803,0.16690228518469932,-2.527784397665654,1.2663292168896043,-1.3210340241756588,-1.1552453902250568,0.621429932921447,4.143178652936098
0.010863065719604492,0.1722844365629316,0.16860218423714804,-2.5278634264921216,1.271594253004968,-1.3147380108347042,-1.1618759814909119,0.3346897920500186,3.473248805116193
0.010915040969848633,0.17399923142951845,0.17029162748636864,-2.527888924548991,1.276862656259309,-1.308389208175531,-1.1685142040741803,0.07816686787454893,2.915117550027331
0.010966062545776367,0.17571047485407895,0.17197060024437366,-2.5278673963981095,1.282123705778891,-1.3020071810772857,-1.175144670530835,-0.14930090291237308,2.4493029417654677
0.011016607284545898,0.17741945632058684,0.17363906999077136,-2.5278049312148196,1.287369176177834,-1.2956080130979362,-1.181755355249043,-0.3494204125332865,2.0598666494553104
0.011067390441894531,0.17912726057720216,0.17529699575437668,-2.52770714305045,1.292592770848412,-1.28920493352165,-1.1883368842711088,-0.5242090665472168,1.733743164498983
0.011122465133666992,0.18083479971431232,0.1769443345288166,-2.527579146006004,1.2977896834812463,-1.2828088269234925,-1.194881975807537,-0.6758278818055189,1.4602003428046406
0.011174440383911133,0.18254284005741447,0.17858104551909232,-2.5274255535650627,1.302956258966089,-1.2764286480686353,-1.2013849993352164,-0.8064651919612073,1.2304049256128984
0.011227846145629883,0.1842520247448111,0.18020709281643885,-2.5272504941066813,1.3080897312609243,-1.2700717604063474,-1.2078416280177962,-0.9182579938552065,1.0370720421558064
0.011279106140136719,0.18596289270851,0.18182244694762884,-2.5270576367398325,1.3131880208377598,-1.2637442127880931,-1.214248564578779,-1.0132410053400807,0.8741819678413127
0.011330127716064453,0.18767589465241552,0.18342708563048257,-2.5268502232116847,1.3182495782210033,-1.2574509661451119,-1.2206033250021062,-1.0933158833754533,0.736750810288479
0.011380195617675781,0.18939140651986242,0.18502099398094815,-2.5266311028569444,1.3232732631708424,-1.2511960795530188,-1.2269040677734673,-1.160234898499964,0.6206444981308606
0.01143026351928711,0.19110974085869484,0.18660416435199412,-2.526402768465322,1.328258251421037,-1.2449828632690725,-1.2331494590002539,-1.2155947870430848,0.5224275956059887
0.011484622955322266,0.1928311564230953,0.18817659593560396,-2.5261673916202048,1.3332039627085694,-1.238814004856229,-1.2393385658109086,-1.2608375957128495,0.43924017308292146
0.011535167694091797,0.1945558662945091,0.18973829422248759,-2.525926856559418,1.3381100052494947,-1.232691673331036,-1.2454707720553493,-1.2972561673387835,0.3686973205962135
0.011585474014282227,0.19628404475707567,0.19128927038676255,-2.525682791971644,1.3429761329130483,-1.2266176053295839,-1.251545711601752,-1.3260025496837822,0.30880697048254774
0.011636018753051758,0.19801583312417437,0.19282954064254706,-2.5254366004028665,1.3478022121961553,-1.2205931765293394,-1.2575632155257432,-1.3480980872511699,0.2579025538676308
0.011686325073242188,0.19975134468054884,0.19435912560442484,-2.5251894851316394,1.3525881967586006,-1.2146194609568624,-1.2635232702745458,-1.3644443148574084,0.21458769967200508
0.011736869812011719,0.2014906688778036,0.1958780496727757,-2.524942474499536,1.3573341077884389,-1.2086972803220866,-1.269425984506912,-1.3758340394121051,0.17769073016940978
0.011789560317993164,0.203233874898896,0.19738634045701747,-2.5246964437686894,1.3620400188612816,-1.202827245125199,-1.2752715627958695,-1.3829621945492916,0.14622714258130598
0.0118408203125,0.20498101468878227,0.19888402824411325,-2.5244521346331052,1.3667060442618761,-1.1970097889632245,-1.2810602847638244,-1.3864361982398836,0.1193686143903028
0.011891365051269531,0.206732125532974,0.2003711455156893,-2.5242101725429436,1.3713323299720357,-1.1912451972051932,-1.286792488520636,-1.3867856491731543,0.09641734893151352
0.011942386627197266,0.20848723225288912,0.2018477265143447,-2.523971082017592,1.3759190467111069,-1.1855336309952256,-1.2924685575123858,-1.3844712734081055,0.07678480155969965
0.011993169784545898,0.21024634907610773,0.20331380685788494,-2.5237353001288407,1.3804663845558751,-1.1798751473725182,-1.2980889100754043,-1.3798930861183663,0.059974006518424404
0.012047290802001953,0.21200948123060911,0.20476942319903016,-2.5235031883333665,1.38497454877546,-1.1742697161583953,-1.3036539911374467,-1.373397769943114,0.04556486944626727
0.012101888656616211,0.21377662630448319,0.20621461292744803,-2.5232750428266177,1.389443756600629,-1.1687172341472685,-1.3091642656241453,-1.36528529588093,0.0332019072931655
0.012154102325439453,0.21554777540623135,0.20764941391060143,-2.5230511035799883,1.3938742347116595,-1.1632175370456135,-1.3146202132206508,-1.3558148281309315,0.02258401187804907
0.01220560073852539,0.2173229141554033,0.20907386426978017,-2.522831562211189,1.3982662172787588,-1.1577704095270531,-1.3200223242108908,-1.345209963286221,0.013455889841386579
0.012259483337402344,0.21910202352878919,0.21048800218772576,-2.522616568824975,1.4026199444274974,-1.1523755937091766,-1.325371096174214,-1.3336633586856328,0.005600893866067053
0.012310981750488281,0.2208850805835663,0.21189186574440497,-2.5224062379485144,1.406935661031303,-1.1470327963063096,-1.3306670313645574,-1.3213408059220613,-0.0011649894264917293
0.012393474578857422,0.22267205907557167,0.2132854927776985,-2.5222006536731465,1.4112136157558393,-1.1417416946700392,-1.3359106346332048,-1.3083848045208597,-0.006998188303689403
0.012446403503417969,0.22446292998814094,0.21466892076601918,-2.5219998741023395,1.415454060297603,-1.1365019418942521,-1.3411024117846724,-1.2949176883945124,-0.012031791220605327
0.012498617172241211,0.2262576619846426,0.216042186730137,-2.5218039351945447,1.4196572487725267,-1.1313131711324227,-1.3462428682778373,-1.2810443544012757,-0.016379120792113327
0.012566804885864258,0.22805622179587776,0.2174053271517538,-2.5216128540793807,1.4238234372207021,-1.1261749992508148,-1.3513325082023442,-1.2668546385794845,-0.02013674604585162
0.01264047622680664,0.22985857455185438,0.2187583779066273,-2.521426631916254,1.4279528832012558,-1.1210870299212636,-1.3563718334745518,-1.2524253816737383,-0.023387023991967907
0.012698650360107422,0.23166468406603438,0.2201013742102887,-2.521245256356095,1.4320458454574851,-1.1160488562405488,-1.3613613432085987,-1.2378222216068808,-0.02620024625212636
0.01275491714477539,0.23347451307895548,0.2214343505746243,-2.5210687036593304,1.436102583637004,-1.111060062949491,-1.3663015332271577,-1.2231011467106963,-0.028636453869629576
0.012806415557861328,0.2352880234671108,0.22275734077379994,-2.520896940516491,1.4401233580552069,-1.1061202283133114,-1.37119289568361,-1.2083098398890992,-0.030746972989467165
0.012857437133789062,0.2371051764221045,0.22407037781819542,-2.520729925611875,1.4441084294930726,-1.1012289257151002,-1.3760359187730717,-1.193488840501159,-0.03257571545566975
0.012907981872558594,0.2389259326043648,0.22537349393518538,-2.520567610965429,1.4480580590224144,-1.0963857250061149,-1.3808310865142523,-1.1786725476384146,-0.034160281202863414
0.012959003448486328,0.24075025227506927,0.2266667205557549,-2.520409943083369,1.451972507853255,-1.0915901936498265,-1.3855788785877428,-1.1638900856414003,-0.03553289335939894
0.013009786605834961,0.2425780954094027,0.22795008830607125,-2.5202568639439993,1.4558520371992256,-1.0868418976909069,-1.3902797702192295,-1.1491660501489684,-0.036721192017054136
0.013059854507446289,0.24440942179381325,0.22922362700325224,-2.520108311841636,1.4596969081578013,-1.0821404025755437,-1.3949342320984353,-1.1345211506897743,-0.03774890848431255
0.013114452362060547,0.24624419110954496,0.2304873656546751,-2.5199642221084426,1.4635073816028963,-1.0774852738454193,-1.3995427303264294,-1.119972763791194,-0.03863643838403732
0.013165950775146484,0.24808236300439318,0.2317413324602603,-2.5198245277312767,1.467283718087872,-1.072876077724281,-1.4041057263854326,-1.1055354087797935,-0.039401329065038904
0.013216495513916016,0.24992389715434818,0.232985554817245,-2.5196891598783147,1.4710261777574258,-1.0683123816131477,-1.408623677126409,-1.0912211568571641,-0.04005869437525689
0.013267040252685547,0.2517687533165507,0.23422005932702833,-2.5195580483481765,1.474735020267141,-1.0637937545077687,-1.4130970347706893,-1.077039982637791,-0.04062156781292287
0.013322830200195312,0.2536168913747781,0.23544487180373122,-2.5194311219525094,1.478410504709715,-1.059319767349895,-1.4175262469226195,-1.0630000661106553,-0.041101203365561785
0.013374567031860352,0.25546827137850464,0.23666001728416536,-2.519308308841472,1.4820528895470737,-1.0548899933221847,-1.4219117565908337,-1.049108051914928,-0.04150733191196309
0.013425111770629883,0.2573228535764278,0.23786552003894945,-2.5191895367802326,1.4856624325477186,-1.0505040080950907,-1.4262540022162322,-1.0353692718868612,-0.041848379854111495
0.013475894927978516,0.2591805984452273,0.23906140358455064,-2.519074733383462,1.4892393907287602,-1.046161390032833,-1.4305534177051373,-1.0217879360216726,-0.04213165562783388
0.013526439666748047,0.261041466714211,0.24024769069606097,-2.518963826313823,1.4927840203021894,-1.0418617203644975,-1.4348104324664022,-1.0083672962881631,-0.04236350888171955
0.01358175277709961,0.2629054193864114,0.24142440342054813,-2.5188567434496,1.4962965766249914,-1.0376045833254057,-1.439025471451503,-0.9951097871214811,-0.04254946638826482
0.013633966445922852,0.26477241775661275,0.24259156309084304,-2.5187534130259035,1.4997773141527744,-1.0333895662731387,-1.4431989551968396,-0.9820171458886342,-0.04269434813780208
0.013685464859008789,0.2666424234267249,0.24374919033964895,-2.518653763753236,1.5032264863966176,-1.0292162597819485,-1.4473312998676318,-0.9690905161625384,-0.04280236654659802
0.013736486434936523,0.2685153983188573,0.24489730511387364,-2.5185577249166844,1.5066443458828878,-1.0250842577187396,-1.451422917302921,-0.9563305362437543,-0.042877211271052144
0.013787269592285156,0.27039130468639905,0.24603592668910204,-2.5184652264585288,1.510031144115795,-1.0209931573033353,-1.4554742150612958,-0.9437374150270755,-0.042922121747437814
0.013837575912475586,0.27227010512336774,0.24716507368413973,-2.518376199046665,1.5133871315424872,-1.0169425591553456,-1.4594855964670357,-0.9313109970143193,-0.042939949260601226
0.013888120651245117,0.2741517625722519,0.2482847640755687,-2.518290574130894,1.5167125575205012,-1.0129320673296098,-1.4634574606564354,-0.9190508180210092,-0.042933210077093234
0.013941764831542969,0.2760362403305419,0.24939501521226654,-2.518208283988842,1.5200076702874068,-1.0089612893419027,-1.4673902026241228,-0.9069561529050431,-0.042904130950267926
0.013993263244628906,0.27792350205611704,0.25049584382984785,-2.518129261763014,1.523272716932495,-1.0050298361863423,-1.4712842132692265,-0.8950260564574204,-0.04285468811170858
0.014043807983398438,0.2798135117716323,0.2515872660649946,-2.518053441490282,1.5265079433703739,-1.0011373223457327,-1.4751398794412809,-0.8832593984326195,-0.042786640698500376
0.014094829559326172,0.2817062338680299,0.2526692974696464,-2.517980758124906,1.5297135943163473,-0.9972833657958865,-1.4789575839857825,-0.871654893557521,-0.042701559426436685
0.014150619506835938,0.28360163310728387,0.25374195302502855,-2.517911147556043,1.5328899132634664,-0.9934675880048315,-1.482737705789334,-0.8602111272374336,-0.04260085119944506
0.014201879501342773,0.2854996746244696,0.25480524715549857,-2.5178445466205566,1.5360371424611445,-0.9896896139276636,-1.4864806198243283,-0.8489265775756377,-0.04248578024499466
0.014252662658691406,0.28740032392924036,0.25585919374219573,-2.5177808931118166,1.5391555228952434,-0.9859490719977051,-1.4901866971931355,-0.8377996342344952,-0.04235748627816065
0.014303207397460938,0.2893035469067798,0.2569038061364822,-2.5177201257850967,1.5422452942695397,-0.9822455941145272,-1.4938563051717704,-0.8268286145902525,-0.04221700012379188
0.014356613159179688,0.2912093098182921,0.2579390971731655,-2.5176621843600664,1.545306694988492,-0.978578815629318,-1.4974898072530227,-0.816011777569458,-0.04206525716351734
0.014407873153686523,0.29311757930108234,0.258965079183495,-2.5176070095208267,1.548339962141231,-0.974948375328006,-1.5010875631890406,-0.8053473354985314,-0.041903108920562315
0.014458417892456055,0.29502832236827337,0.25998176400792766,-2.5175545429138553,1.5513453314867063,-0.9713539154124888,-1.5046499290333608,-0.7948334642511046,-0.04173133305016108
0.014508962631225586,0.29694150640819916,0.2609891630086581,-2.517504727144189,1.5543230374399206,-0.9677950814802702,-1.5081772571823855,-0.7844683119360522,-0.04155064196391663
0.014566183090209961,0.2988570991835109,0.2619872870819108,-2.5174575057701123,1.557273313059196,-0.9642715225027599,-1.511669896416306,-0.7742500063351117,-0.04136169028367817
0.014617204666137695,0.3007750688300257,0.2629761466699933,-2.5174128232965893,1.5601963900344151,-0.9607828908024594,-1.5151281919394777,-0.7641766612682496,-0.041165081291902654
0.014667987823486328,0.30269538385534595,0.2639557517731088,-2.517370625167643,1.563092498676184,-0.9573288420292184,-1.5185524854202503,-0.7542463820395644,-0.04096137252132962
0.014719486236572266,0.30461801313727305,0.26492611196092997,-2.5173308577578513,1.5659618679058729,-0.953909035135728,-1.5219431150302618,-0.7444572700945806,-0.04075108060612024
0.014769792556762695,0.3065429259220369,0.26588723638393313,-2.517293468363106,1.5688047252464852,-0.9505231323523851,-1.525300415483201,-0.734807427001031,-0.04053468549886588
0.014820575714111328,0.30847009182235974,0.2668391337844956,-2.5172584051907703,1.5716212968143182,-0.9471707991616486,-1.5286247180730488,-0.7252949578486825,-0.040312634143028846
0.01487112045288086,0.3103994808153712,0.2677818125077571,-2.51722561734933,1.5744118073113726,-0.9438517042719892,-1.5319163507118052,-0.7159179741507543,-0.04008534367711377
0.01492166519165039,0.31233106324038984,0.2687152805122487,-2.517195054837645,1.5771764800184778,-0.9405655195915179,-1.5351756379667114,-0.7066745963168469,-0.03985320423618987
0.014972209930419922,0.31426480979658356,0.26963954538029006,-2.51716666853387,1.5799155367890958,-0.937311920201371,-1.5384029010969746,-0.6975629557579037,-0.039616581406735345
0.015022516250610352,0.316200691540522,0.2705546143281601,-2.5171404101841186,1.5826291980437757,-0.9340905843289119,-1.5415984580900055,-0.6885811966746553,-0.03937581838287656
0.015072822570800781,0.31813867988363104,0.27146049421604224,-2.5171162323909284,1.5853176827652251,-0.9309011933208085,-1.5447626236971768,-0.6797274775737913,-0.03913123786510596
0.015130281448364258,0.320078746589559,0.2723571915577485,-2.5170940886015765,1.5879812084939737,-0.9277434316160295,-1.54789570946911,-0.6709999725496876,-0.03888314373673779
0.015182018280029297,0.3220208637714636,0.2732447125302253,-2.517073933096288,1.5906199913246006,-0.9246169867188037,-1.5509980237905017,-0.6623968723643283,-0.03863182254826654
0.01523280143737793,0.32396500388922794,0.2741230629828449,-2.5170557209763755,1.593234245902501,-0.9215215491715737,-1.5540698719144952,-0.6539163853531601,-0.03837754483558285
0.015283823013305664,0.32591113974661184,0.2749922484464855,-2.5170394081523404,1.5958241854211683,-0.9184568125279758,-1.5571115559966064,-0.6455567381807141,-0.038120566294258536
0.015337705612182617,0.3278592444883463,0.2758522741424043,-2.5170249513319636,1.598390021619971,-0.9154224733258709,-1.5601233751282122,-0.6373161764666854,-0.037861128828858455
0.015389204025268555,0.32980929159717637,0.27670314499090615,-2.5170123080084084,1.600931964782401,-0.9124182310604484,-1.5631056253696092,-0.6291929652999831,-0.03759946149379857
0.015439987182617188,0.33176125489085817,0.27754486561981245,-2.517001436448355,1.6034502237347754,-0.9094437881574216,-1.5660585997826502,-0.621185389655854,-0.03733578133970297
0.015490531921386719,0.33371510851911557,0.2783774403727337,-2.516992295680184,1.6059450058453713,-0.9064988499463311,-1.5689825884629647,-0.6132917547291482,-0.037070294177367485
0.01554107666015625,0.3356708269605607,0.27920087331714905,-2.516984845482224,1.6084165170239766,-0.9035831246339701,-1.571877878571774,-0.6055103861949531,-0.036803195269730506
0.01559138298034668,0.33762838501958325,0.28001516825229655,-2.516979046371074,1.6108649617218391,-0.9006963232779419,-1.5747447543673034,-0.5978396304061102,-0.036534669960844895
0.01564168930053711,0.33958775782321204,0.2808203287168785,-2.516974859590013,1.6132905429319977,-0.8978381597603629,-1.5775834972358018,-0.5902778545360085,-0.03626489424937802
0.01569199562072754,0.3415489208179531,0.2816163579965845,-2.516972247097504,1.6156934621899794,-0.8950083507617153,-1.580394385722174,-0.5828234466738602,-0.03599403531354824
0.0157468318939209,0.34351184976660776,0.28240325913143677,-2.5169711715558,1.6180739195748493,-0.8922066157348613,-1.583177695560233,-0.575474815878478,-0.03572225199299055
0.015798568725585938,0.34547652074507357,0.2831810349229602,-2.516971596319663,1.6204321137105957,-0.8894326768792221,-1.5859336997025772,-0.568230392196154,-0.03544969523259567
0.015848875045776367,0.34744291013913164,0.2839496879411821,-2.516973485425191,1.6227682417678408,-0.886686259115128,-1.5886626683501006,-0.561088626646952,-0.03517650849265237
0.015899658203125,0.34941099464122305,0.28470922053146364,-2.5169768035787703,1.6250824994658604,-0.8839670900583442,-1.5913648689811402,-0.5540479911836801,-0.034902828128925305
0.015950679779052734,0.35138075124721685,0.2854596348211678,-2.516981516146148,1.6273750810749013,-0.8812748999947758,-1.5940405663802686,-0.5471069786268771,-0.03462878374591184
0.016002178192138672,0.35335215725317237,0.2862009327261661,-2.5169875891416282,1.6296461794187858,-0.8786094218553558,-1.5966900226667358,-0.5402641025789812,-0.03435449852603028
0.0160524845123291,0.3553251902520982,0.2869331159571882,-2.5169949892174017,1.631895985877789,-0.8759703911911175,-1.5993134973225662,-0.5335178973200241,-0.03408008953728881
0.016106843948364258,0.3572998281307099,0.28765618602601745,-2.5170036836530003,1.6341246903917797,-0.873357546148455,-1.6019112472203179,-0.5268669176875644,-0.03380566802139128
0.0161592960357666,0.3592760490661885,0.2883701442515357,-2.5170136403448877,1.6363324814636127,-0.8707706274445723,-1.6044835266505066,-0.5203097389424524,-0.03353133966425105
0.01626753807067871,0.361253831522942,0.28907499176562035,-2.517024827796181,1.6385195461627644,-0.8682093783431237,-1.6070305873487039,-0.5138449566224171,-0.033257204850486916
0.016321897506713867,0.3632331542493713,0.2897707295188973,-2.517037215106508,1.640686070129199,-0.8656735446300449,-1.6095526785223093,-0.5074711863849743,-0.03298335890331657
0.01637744903564453,0.36521399627464257,0.2904573582863524,-2.517050771961996,1.6428322375774578,-0.8631628745895774,-1.6120500468770074,-0.501187063841009,-0.03270989231110093
0.01643228530883789,0.36719633690546766,0.2911348786728045,-2.5170654686254004,1.6449582313009607,-0.8606771189804862,-1.6145229366429097,-0.4949912443801078,-0.03243689094166825
0.016484975814819336,0.3691801557228938,0.291803291118244,-2.5170812759263645,1.6470642326765135,-0.8582160310124701,-1.6169715896003893,-0.48888240298891245,-0.0321644362453236
0.01653599739074707,0.3711654325791044,0.2924625959030381,-2.517098165251816,1.6491504216690078,-0.8557793663227674,-1.6193962451056123,-0.48285923406319586,-0.031892605447532675
0.0165865421295166,0.37315214759423193,0.2931127931530075,-2.5171161085364973,1.6512169768363112,-0.8533668829529536,-1.6217971401157698,-0.4769204512146985,-0.03162147173186326
0.016637563705444336,0.37514028115318443,0.2937538828443762,-2.5171350782536313,1.6532640753343346,-0.8509783413259345,-1.6241745092140163,-0.47106478707324656,-0.0313511044140796
0.01668834686279297,0.3771298139024865,0.2943858648085979,-2.517155047405722,1.6552918929222713,-0.8486135042231322,-1.6265285846341178,-0.46529099308493066,-0.03108156910784487
0.016739368438720703,0.3791207267471362,0.29500873873706096,-2.517175989515485,1.6573006039680003,-0.8462721367618645,-1.6288595962848145,-0.4595978393069869,-0.030812927882610096
0.01679086685180664,0.3811130008474788,0.2956225041856754,-2.5171978786169142,1.6592903814536457,-0.8439540063729172,-1.6311677717739033,-0.45398411419979634,-0.03054523941428954
0.016841650009155273,0.3831066176160981,0.2962271605793444,-2.5172206892464786,1.661261396981286,-0.8416588827783087,-1.633453336432042,-0.44844862441639166,-0.030278559129051814
0.016896963119506836,0.38510155871472657,0.2968227072163223,-2.517244396434449,1.663213820778805,-0.8393865379692468,-1.6357165133362825,-0.44299019459020134,-0.030012939340649608
0.01694774627685547,0.38709780605117505,0.2974091432724627,-2.5172689756963567,1.6651478217058813,-0.837136746184276,-1.6379575233333328,-0.43760766712108284,-0.029748429381782557
0.01700115203857422,0.3890953417762825,0.2979864678053581,-2.5172944030245796,1.667063567260105,-0.834909283887616,-1.640176585062556,-0.432299901960121,-0.029485075729648428
0.017052888870239258,0.3910941482808873,0.2985546797583742,-2.5173206548800557,1.6689612235832194,-0.8327039297476893,-1.6423739149787084,-0.4270657763936505,-0.029222922126131153
0.017107248306274414,0.3930942081928195,0.299113777964581,-2.517347708184125,1.6708409554674797,-0.8305204646158381,-1.6445497273744192,-0.42190418482644076,-0.02896200969284223
0.017159223556518555,0.39509550437391616,0.29966376115058324,-2.517375540310495,1.6727029263621251,-0.8283586715052287,-1.6467042344024174,-0.41681403856469035,-0.028702377041339558
0.01721024513244629,0.3970980199170594,0.3002046279402521,-2.5174041290773306,1.6745472983799554,-0.8262183355699435,-1.6488376460975092,-0.41179426559875887,-0.028444060378697598
0.017261028289794922,0.3991017381432377,0.30073637685836085,-2.5174334527394686,1.6763742323040096,-0.8240992440842589,-1.6509501703983085,-0.4068438103860432,-0.028187093608720487
0.017311811447143555,0.4011066425986313,0.30125900633412656,-2.5174634899807518,1.67818388759434,-0.8220011864221083,-1.6530420131687247,-0.40196163363410675,-0.027931508428912365
0.017371177673339844,0.4031127170517224,0.3017725147046596,-2.5174942199064847,1.679976422394877,-0.8199239540367292,-1.6551133782192118,-0.39714671208422225,-0.02767733442359031
0.017425060272216797,0.40511994549042957,0.3022769002183239,-2.5175256220360085,1.6817519935403795,-0.8178673404404939,-1.6571644673277808,-0.3923980382955745,-0.027424599153081885
0.017476558685302734,0.40712831211926803,0.3027721610380091,-2.517557676295392,1.6835107565634668,-0.8158311411849213,-1.6591954802607793,-0.3877146204302496,-0.027173328239377383
0.017527103424072266,0.40913780135653505,0.3032582952443174,-2.5175903630102425,1.6852528657017265,-0.8138151538408707,-1.6612066147934432,-0.38309548203903165,-0.026923545448272534
0.017577409744262695,0.41114839783152163,0.30373530083866673,-2.5176236628986266,1.6869784739048943,-0.8118191779789146,-1.6631980667302195,-0.37853966184830656,-0.026675272768276272
0.01763319969177246,0.4131600863817501,0.304203175746312,-2.5176575570641098,1.688687732842102,-0.8098430151498909,-1.6651700299248682,-0.3740462135480949,-0.026428530486261363
0.017684459686279297,0.4151728520502383,0.304661917819287,-2.517692026988905,1.6903807929091883,-0.8078864688656319,-1.6671226963003425,-0.36961420558132574,-0.026183337260190453
0.017736196517944336,0.4171866800827903,0.305111524839268,-2.5177270545271337,1.6920578032360705,-0.8059493445798703,-1.669056255868453,-0.3652427209344636,-0.025939710188854406
0.017787694931030273,0.4192015559253144,0.30555199452036175,-2.517762621898195,1.6937189116941693,-0.8040314496693205,-1.670970896749317,-0.36093085692954496,-0.025697664878917975
0.017838716506958008,0.4212174652211674,0.30598332451181864,-2.5177987116802436,1.6953642649038883,-0.8021325934149333,-1.6728668051905968,-0.35667772501783684,-0.025457215509262596
0.017889976501464844,0.4232343938085269,0.30640551240067393,-2.5178353068037764,1.6969940082421393,-0.8002525869833238,-1.674744165586528,-0.35248245057485417,-0.025218374892801876
0.017940998077392578,0.4252523277177903,0.30681855571431776,-2.5178723905453197,1.6986082858499136,-0.7983912434083716,-1.6766031604967448,-0.3483441726974123,-0.024981154535814197
0.01799178123474121,0.42727125316900144,0.3072224519229963,-2.517909946521226,1.700207240639894,-0.7965483775729901,-1.6784439706648997,-0.3442620440019788,-0.024745564695002144
0.01804208755493164,0.4292911565693048,0.30761719844224517,-2.5179479586815674,1.7017910143041044,-0.7947238061910659,-1.6802667750370837,-0.34023523042513687,-0.02451161443228898
0.018092632293701172,0.4313120245104269,0.3080027926352573,-2.5179864113041357,1.7033597473215945,-0.792917347789566,-1.682071750780049,-0.3362629110257604,-0.024279311667382897
0.018148183822631836,0.4333338437661858,0.3083792318151862,-2.5180252889885386,1.7049135789661558,-0.7911288226908118,-1.6838590732992351,-0.33234427778897707,-0.024048663228402347
0.01820206642150879,0.4353566012900277,0.3087465132473867,-2.518064576650395,1.7064526473140669,-0.7893580529949181,-1.685628916256605,-0.32847853543222544,-0.023819674900393578
0.018253564834594727,0.43738028421259134,0.3091046341515943,-2.5181042595156278,1.7079770892518622,-0.7876048625623973,-1.6873814515882868,-0.32466490121314745,-0.023592351472062772
0.01830434799194336,0.43940487983930016,0.3094535917040446,-2.5181443231148526,1.7094870404841265,-0.7858690769969252,-1.689116849522032,-0.3209026047395188,-0.023366696780543633
0.01835465431213379,0.4414303756479816,0.30979338303953485,-2.518184753277859,1.7109826355413074,-0.7841505236282701,-1.6908352785944845,-0.31719088778121324,-0.023142713754534725
0.018405675888061523,0.4434567592865143,0.31012400525342815,-2.5182255361281873,1.712464007787546,-0.7824490314953811,-1.692536905668269,-0.31352900408410367,-0.022920404455666697
0.018458843231201172,0.4454840185705025,0.3104454554036021,-2.5182666580777937,1.7139312894285226,-0.7807644313296366,-1.6942218959488977,-0.30991621918629586,-0.022699770118276775
0.018512725830078125,0.447512141480978,0.3107577305123432,-2.5183081058218084,1.715384611519315,-0.7790965555382499,-1.6958904130014971,-0.3063518102361191,-0.02248081118762286
0.018563270568847656,0.44954111616212916,0.3110608275681888,-2.5183498663333808,1.7168241039722663,-0.7774452381878321,-1.6975426187673606,-0.30283506581249064,-0.022263527356610666
0.018613815307617188,0.45157093091905737,0.3113547435277169,-2.5183919268586137,1.718249895564861,-0.7758103149881106,-1.6991786735803254,-0.29936528574724847,-0.02204791760106616
0.018664836883544922,0.45360157421556047,0.31163947531728564,-2.5184342749115824,1.7196621139476072,-0.7741916232758013,-1.7007987361829773,-0.295941780949701,-0.021833980213643824
0.01871514320373535,0.4556330346719431,0.31191501983472397,-2.518476898269439,1.7210608856519205,-0.7725890019986338,-1.7024029637426865,-0.2925638732333275,-0.02162171283638429
0.018765926361083984,0.45766530106285397,0.3121813739509741,-2.5185197849676015,1.7224463360980113,-0.7710022916995292,-1.7039915118674742,-0.2892308951445064,-0.02141111249201174
0.018821239471435547,0.4596983623151498,0.31243853451168735,-2.5185629232950237,1.7238185896027707,-0.7694313345009268,-1.7055645346217136,-0.285942189793594,-0.021202175613998404
0.01887202262878418,0.4617322075057858,0.31268649833877415,-2.5186063017895477,1.7251777693876535,-0.7678759740892617,-1.7071221845416673,-0.28269711068796616,-0.020994898075465188
0.018922805786132812,0.46376682585973245,0.3129252622319098,-2.5186499092333348,1.7265239975865576,-0.7663360556995887,-1.7086646126508622,-0.27949502156738104,-0.02078927521691753
0.01897406578063965,0.4658022067479188,0.31315482296999675,-2.5186937346483766,1.7278573952536962,-0.7648114261003548,-1.7101919684753053,-0.27633529624138886,-0.0205853018729087
0.01902484893798828,0.4678383396852015,0.31337517731258435,-2.5187377672920825,1.729178082371463,-0.7633019335783153,-1.7117044000585393,-0.2732173184289892,-0.020382972397655977
0.01907634735107422,0.46987521432836005,0.31358632200124764,-2.518781996652944,1.730486177858288,-0.7618074279235956,-1.7132020539765438,-0.270140481600324,-0.02018228068965243
0.01913166046142578,0.4719128204741174,0.31378825376092556,-2.5188264124462725,1.731781799576481,-0.7603277604148949,-1.7146850753524814,-0.2671041888206665,-0.019983220215302425
0.019182682037353516,0.47395114805718636,0.3139809693012202,-2.5188710046100145,1.7330650643400631,-0.7588627838048332,-1.71615360787129,-0.2641078525964131,-0.019785784031602985
0.019233226776123047,0.47599018714834107,0.3141644653176575,-2.518915763300635,1.7343360879225846,-0.757412352305437,-1.7176077937941263,-0.2611508947232967,-0.01958996480797509
0.019283771514892578,0.478029927952514,0.3143387384929106,-2.5189606788890755,1.7355949850649255,-0.755976321573766,-1.7190477739726575,-0.2582327461367168,-0.019395754847207344
0.019334077835083008,0.4800703608069173,0.31450378549798697,-2.5190057419567813,1.736841869483081,-0.7545545486976771,-1.7204736878632074,-0.2553528467641331,-0.01920314610551628
0.019387483596801758,0.48211147617918937,0.31465960299337997,-2.5190509432917985,1.7380768538759273,-0.7531468921817256,-1.7218856735407562,-0.252510645379575,-0.01901213021196554
0.01944136619567871,0.48415326466556574,0.3148061876301857,-2.519096273884938,1.7393000499329678,-0.751753211933202,-1.723283867712795,-0.24970559946030704,-0.018822698486921467
0.019492626190185547,0.48619571698907404,0.31494353605118613,-2.5191417249260084,1.7405115683420593,-0.7503733692483038,-1.72466840573304,-0.2469371750454732,-0.01863484195991532
0.019542694091796875,0.4882388239977534,0.3150716448918995,-2.519187287800113,1.7417115187971153,-0.7490072267984403,-1.7260394216150032,-0.2442048465968509,-0.01844855138669885
0.01959371566772461,0.49028257666289743,0.3151905107815983,-2.5192329540840133,1.7429000100057865,-0.7476546486166697,-1.7273970480454262,-0.2415080968616919,-0.01826381726572265
0.01964426040649414,0.4923269660773208,0.3153001303442965,-2.5192787155425544,1.7440771496971168,-0.7463155000842674,-1.7287414163975734,-0.23884641673747756,-0.018080629853837706
0.01969432830810547,0.49437198345364947,0.31540050019970556,-2.519324564125155,1.745243044629174,-0.7449896479174235,-1.7300726567443923,-0.23621930513885286,-0.017898979181451294
0.0197446346282959,0.49641762012263385,0.31549161696416167,-2.5193704919623583,1.7463978005966543,-0.7436769601540704,-1.7313908978715358,-0.2336262688664207,-0.017718855067034838
0.019794940948486328,0.4984638675314848,0.3155734772515231,-2.519416491362443,1.7475415224384594,-0.7423773061408362,-1.7326962672902537,-0.23106682247755425,-0.017540247131071565
0.019844532012939453,0.5005107172422326,0.31564607767404007,-2.5194625548080953,1.7486743140452454,-0.7410905565201261,-1.7339888912501509,-0.22854048815919847,-0.01736314480940905
0.019895076751708984,0.5025581609301084,0.31570941484319665,-2.51950867495314,1.7497962783669425,-0.739816583217328,-1.7352688947518156,-0.22604679560258562,-0.01718753736608136
0.019945383071899414,0.5046061903819474,0.3157634853705261,-2.5195548446193263,1.7509075174202449,-0.7385552594281427,-1.7365364015593192,-0.22358528187992893,-0.017013413905631578
0.020001649856567383,0.5066547974946146,0.31580828586840004,-2.519601056793173,1.752008132296069,-0.737306459606037,-1.7377915342125883,-0.22115549132296586,-0.016840763384898025
0.02005171775817871,0.508703974273452,0.315843812950792,-2.51964730462287,1.7530982231669823,-0.7360700594498186,-1.7390344140396499,-0.2187569754033614,-0.01666957462436301
0.02010631561279297,0.5107537128307474,0.3158700632340165,-2.519693581415233,1.754177889294597,-0.734845935891332,-1.740265161168753,-0.2163892926150348,-0.01649983631899431
0.02015852928161621,0.5128040053842244,0.3158870333374438,-2.5197398806327125,1.7552472290369332,-0.7336339670832739,-1.7414838945403661,-0.21405200835838908,-0.01633153704860149
0.020213842391967773,0.5148548442555537,0.31589471988419093,-2.519786195890456,1.7563063398557468,-0.7324340323871275,-1.742690731919053,-0.21174469482620248,-0.016164665287886917
0.020264863967895508,0.5169062218688846,0.31589311950179016,-2.5198325209534236,1.7573553183238237,-0.7312460123612134,-1.743885789905227,-0.20946693089148746,-0.01599920941596224
0.020315885543823242,0.5189581307493976,0.3158822288228349,-2.5198788497335523,1.7583942601322393,-0.7300697887488585,-1.745069183946787,-0.2072183019969749,-0.015835157725541647
0.020366668701171875,0.5210105635218774,0.31586204448560373,-2.519925176286973,1.7594232600975817,-0.7289052444666783,-1.7462410283506338,-0.20499840004651568,-0.01567249843170714
0.020416736602783203,0.5230635129093054,0.3158325631346635,-2.5199714948112777,1.7604424121691393,-0.727752263592975,-1.7474014362940715,-0.20280682329810593,-0.015511219680302871
0.020470142364501953,0.5251169717314728,0.3157937814214518,-2.5200177996428303,1.7614518094360525,-0.7266107313562481,-1.7485505198360913,-0.20064317625875108,-0.015351309556005503
0.02052140235900879,0.5271709329036122,0.31574569600483887,-2.5200640852541323,1.7624515441344264,-0.7254805341238176,-1.7496883899285414,-0.1985070695808825,-0.015192756090033867
0.020575284957885742,0.5292253894350498,0.31568830355167055,-2.5201103462512306,1.7634417076544082,-0.7243615593905578,-1.750815156427184,-0.19639811996054782,-0.015035547267525259
0.02062678337097168,0.5312803344278764,0.3156216007372916,-2.520156577371174,1.7644223905472252,-0.7232536957677413,-1.7519309281026412,-0.19431595003721722,-0.0148796710345988
0.02067732810974121,0.5333357610756362,0.315545584246051,-2.520202773479513,1.7653936825321839,-0.7221568329719926,-1.753035812651227,-0.19226018829528746,-0.0147251153051306
0.020727872848510742,0.5353916626620361,0.3154602507717885,-2.520248929567847,1.7663556725036325,-0.7210708618143491,-1.7541299167056734,-0.19023046896708698,-0.014571867967205776
0.020778417587280273,0.5374480325596718,0.31536559701830436,-2.520295040751413,1.7673084485378812,-0.7199956741894293,-1.7552133458457448,-0.1882264319375915,-0.014419916889289936
0.020828962326049805,0.5395048642287731,0.3152616196998111,-2.520341102266718,1.7682520979000855,-0.7189311630647075,-1.7562862046087473,-0.18624772265059175,-0.014269249926156817
0.020879030227661133,0.5415621512159668,0.3151483155413693,-2.520387109469216,1.7691867070510885,-0.7178772224698925,-1.7573485964999298,-0.1842939920164964,-0.01411985492454221
0.020929574966430664,0.5436198871530574,0.31502568127930675,-2.520433057831023,1.7701123616542225,-0.7168337474864114,-1.7584006240027816,-0.1823648963216431,-0.013971719728519929
0.020979642868041992,0.545678065755825,0.3148937136616218,-2.520478942938676,1.7710291465820711,-0.7158006342369961,-1.7594423885892247,-0.1804600971390487,-0.013824832184662909
0.021030426025390625,0.5477366808228412,0.3147524094483714,-2.5205247604909307,1.7719371459231903,-0.7147777798753716,-1.7604739907297042,-0.1785792612407339,-0.013679180146968974
0.021080732345581055,0.5497957262343014,0.3146017654120444,-2.520570506296599,1.772836442988788,-0.7137650825760457,-1.7614955299031756,-0.17672206051148454,-0.01353475148154274
0.021135568618774414,0.5518551959508741,0.31444177833791953,-2.5206161762724255,1.7737271203193632,-0.7127624415241987,-1.762507104606992,-0.17488817186400907,-0.01339153407107716
0.021189451217651367,0.5539150840125671,0.31427244502441015,-2.5206617664410023,1.774609259691303,-0.7117697569056728,-1.7635088123666913,-0.1730772771555275,-0.013249515819128702
0.021241188049316406,0.5559753845376095,0.31409376228339453,-2.5207072729287203,1.7754829421234386,-0.710786929897059,-1.764500749745685,-0.17128906310583294,-0.013108684654193894
0.021291494369506836,0.5580360917213509,0.3139057269405328,-2.52075269196376,1.7763482478835586,-0.7098138626558822,-1.7654830123548482,-0.16952322121660565,-0.012969028533568405
0.021342039108276367,0.5600971998351751,0.3137083358355712,-2.520798019874114,1.7772052564948817,-0.7088504583108818,-1.766455694862014,-0.1677794476922411,-0.012830535447033923
0.021392345428466797,0.5621587032254309,0.31350158582263293,-2.520843253085651,1.7780540467424855,-0.7078966209523885,-1.7674188910013717,-0.1660574433618103,-0.012693193420411149
0.021445274353027344,0.5642205963123778,0.3132854737704974,-2.5208883881202087,1.778894696679695,-0.7069522556227956,-1.76837269358277,-0.164356913602557,-0.012556990518835675
0.02149677276611328,0.5662828735891466,0.313059996562867,-2.5209334215937256,1.7797272836344273,-0.7060172683071237,-1.7693171945009265,-0.16267756826454405,-0.0124219148499904
0.02154707908630371,0.5683455296207166,0.31282515109862186,-2.520978350214404,1.7805518842154944,-0.7050915659236786,-1.7702524847445449,-0.16101912159660592,-0.01228795456708383
0.02159738540649414,0.5704085590429057,0.31258093429206424,-2.521023170780907,1.7813685743188636,-0.7041750563148005,-1.7711786544053398,-0.15938129217364247,-0.01215509787170987
0.021648168563842773,0.5724719565613768,0.3123273430731507,-2.521067880180589,1.7821774291338752,-0.7032676482377048,-1.7720957926869705,-0.15776380282497346,-0.012023333016611275
0.021698713302612305,0.5745357169506581,0.3120643743877143,-2.5211124753877545,1.7829785231494168,-0.702369251355413,-1.7730039879138852,-0.15616638056410215,-0.011892648308193258
0.02174973487854004,0.5765998350531772,0.31179202519767596,-2.5211569534619547,1.7837719301600568,-0.7014797762277724,-1.7739033275400757,-0.15458875651957382,-0.011763032108977427
0.021804094314575195,0.5786643057783106,0.3115102924812458,-2.5212013115463088,1.7845577232721328,-0.7005991343025649,-1.7747938981577445,-0.1530306658669908,-0.011634472839932925
0.021855592727661133,0.5807291241014455,0.31121917323311443,-2.5212455468658588,1.785335974909799,-0.699727237906703,-1.775675785505884,-0.1514918477622813,-0.011506958982647291
0.021906137466430664,0.5827942850630565,0.31091866446463484,-2.5212896567259535,1.7861067568210298,-0.6988640002375124,-1.77654907447877,-0.1499720452760589,-0.011380479081336147
0.021956682205200195,0.5848597837677955,0.3106087632039947,-2.5213336385106615,1.7868701400835818,-0.698009335354101,-1.7774138491343687,-0.14847100532907395,-0.011255021744844385
0.022007465362548828,0.5869256153835944,0.31028946649637984,-2.5213774896812136,1.7876261951109111,-0.6971631581688127,-1.7782701927026605,-0.14698847862881909,-0.011130575648446949
0.02205801010131836,0.5889917751407819,0.3099607714041287,-2.521421207774472,1.7883749916580503,-0.6963253844387649,-1.7791181875938789,-0.14552421960724757,-0.011007129535579736
0.022112369537353516,0.5910582583312124,0.30962267500687823,-2.521464790401429,1.7891165988274407,-0.695495930757471,-1.7799579154066667,-0.14407798635946176,-0.010884672219428921
0.022164344787597656,0.5931250603074079,0.3092751744017016,-2.5215082352457325,1.7898510850747233,-0.6946747145465436,-1.7807894569361506,-0.14264954058354357,-0.010763192584491321
0.02221536636352539,0.5951921764817125,0.3089182667032376,-2.521551540062237,1.7905785182144862,-0.6938616540474811,-1.7816128921819343,-0.14123864752139087,-0.010642679587973589
0.022265911102294922,0.5972596023254598,0.30855194904381233,-2.521594702675582,1.79129896542597,-0.6930566683135345,-1.7824283003560113,-0.13984507590055076,-0.010523122261122352
0.022316455841064453,0.5993273333681515,0.3081762185735533,-2.5216377209787972,1.7920124932587305,-0.6922596772016548,-1.7832357598905975,-0.13846859787714386,-0.010404509710440947
0.022369861602783203,0.6013953651966487,0.3077910724604959,-2.52168059293193,1.7927191676382594,-0.6914706013645197,-1.7840353484458864,-0.13710898897962662,-0.010286831118904445
0.022422313690185547,0.6034636934543752,0.3073965078906828,-2.521723316560702,1.7934190538715624,-0.6906893622426391,-1.784827142917725,-0.13576602805363666,-0.010170075746971747
0.0224761962890625,0.6055323138405322,0.30699252206825645,-2.521765889955185,1.7941122166526942,-0.689915882056539,-1.7856112194452127,-0.13443949720776407,-0.010054232933632647
0.02252817153930664,0.6076012221093242,0.30657911221554457,-2.5218083112685075,1.7947987200682534,-0.6891500837990217,-1.7863876534182253,-0.13312918176021282,-0.009939292097269856
0.022579193115234375,0.6096704140691972,0.3061562755731393,-2.5218505787155783,1.7954786276028336,-0.688391891227503,-1.7871565194848609,-0.13183487018646287,-0.009825242736562387
0.02263045310974121,0.611739885582087,0.30572400939996974,-2.521892690571837,1.7961520021444333,-0.6876412288564254,-1.7879178915588134,-0.1305563540677908,-0.009712074431230774
0.022680997848510742,0.6138096325626796,0.3052823109733684,-2.5219346451720264,1.7968189059898236,-0.6868980219497456,-1.7886718428266701,-0.12929342804063435,-0.009599776842766942
0.022732019424438477,0.6158796509776814,0.3048311775891315,-2.5219764409089884,1.7974794008498758,-0.6861621965134965,-1.789418445755137,-0.12804588974690917,-0.009488339715061328
0.02278304100036621,0.6179499368451009,0.30437060656157366,-2.522018076232479,1.7981335478548448,-0.6854336792884231,-1.7901577720981907,-0.12681353978518964,-0.009377752875004431
0.022833585739135742,0.6200204862335409,0.30390059522357693,-2.522059549648008,1.7987814075596134,-0.6847123977426909,-1.7908898929041597,-0.12559618166264266,-0.009268006233013324
0.022884130477905273,0.6220912952615002,0.30342114092663375,-2.522100859715698,1.7994230399488944,-0.6839982800646658,-1.7916148785227333,-0.12439362174785915,-0.009159089783499752
0.022934913635253906,0.6241623600966869,0.3029322410408855,-2.5221420050491656,1.8000585044423918,-0.6832912551557668,-1.7923327986119004,-0.12320566922453008,-0.009050993605261936
0.022989273071289062,0.6262336769553407,0.30243389295515505,-2.52218298431442,1.800687859899921,-0.6825912526233882,-1.7930437221448194,-0.12203213604587206,-0.008943707861889577
0.023040294647216797,0.6283052421015658,0.30192609407697485,-2.5222237962287877,1.801311164626488,-0.681898202773892,-1.793747717416618,-0.12087283688980309,-0.008837222802046085
0.02309131622314453,0.6303770518466731,0.30140884183260996,-2.52226443955985,1.801928476377329,-0.6812120366056702,-1.7944448520511258,-0.11972758911496982,-0.008731528759772544
0.023151397705078125,0.6324491025485326,0.30088213366707633,-2.5223049131244046,1.8025398523629077,-0.6805326858022751,-1.7951351930075374,-0.11859621271758429,-0.008626616154642051
0.023202180862426758,0.6345213906109344,0.30034596704415456,-2.5223452157874435,1.8031453492538747,-0.6798600827256179,-1.7958188065870115,-0.11747853028884439,-0.008522475492014223
0.02325272560119629,0.6365939124829604,0.29980033944639933,-2.5223853464611525,1.8037450231859844,-0.6791941604092347,-1.7964957584392014,-0.11637436697319246,-0.008419097363120045
0.023303508758544922,0.6386666646583639,0.2992452483751445,-2.522425304103926,1.8043389297649737,-0.6785348525516189,-1.7971661135687207,-0.1152835504272987,-0.008316472445163328
0.023354053497314453,0.640739643674959,0.29868069135050407,-2.5224650877194024,1.8049271240714004,-0.6778820935096198,-1.7978299363415442,-0.11420591077973682,-0.00821459150137656
0.023404836654663086,0.6428128461140189,0.29810666591136903,-2.5225046963555138,1.8055096606654422,-0.6772358182919062,-1.7984872904913443,-0.11314128059137181,-0.008113445381067804
0.023458480834960938,0.6448862685996829,0.2975231696154005,-2.522544129103558,1.8060865935916555,-0.6765959625524953,-1.7991382391257644,-0.11208949481638396,-0.008013025019558456
0.023512840270996094,0.646959907798372,0.29693020003901904,-2.5225833850972834,1.8066579763836967,-0.6759624625843454,-1.7997828447326285,-0.11105039076399816,-0.007913321438170869
0.023566246032714844,0.6490337604182133,0.29632775477739043,-2.5226224635119925,1.8072238620690033,-0.6753352553130118,-1.800421169186089,-0.11002380806090682,-0.007814325744137136
0.02361750602722168,0.6511078232084723,0.2957158314444076,-2.5226613635636608,1.807784303173436,-0.6747142782903658,-1.801053273752713,-0.10900958861432736,-0.007716029130465642
0.02366781234741211,0.6531820929589943,0.2950944276726696,-2.5227000845080734,1.8083393517258834,-0.6740994696883761,-1.8016792190975066,-0.10800757657562428,-0.00761842287583363
0.02371811866760254,0.6552565664996535,0.294463541113457,-2.522738625639977,1.808889059262828,-0.6734907682929513,-1.80229906528988,-0.10701761830461783,-0.007521498344402602
0.02376866340637207,0.6573312406998096,0.29382316943670433,-2.5227769862922473,1.8094334768328728,-0.672888113497844,-1.8029128718095522,-0.10603956233453382,-0.007425246985598761
0.0238192081451416,0.6594061124677739,0.29317331033096905,-2.5228151658350697,1.809972655001232,-0.6722914452986148,-1.803520697552396,-0.10507325933756725,-0.007329660333926711
0.023869991302490234,0.6614811787502813,0.2925139615033982,-2.5228531636751397,1.8105066438541826,-0.6717007042866563,-1.8041226008362254,-0.10411856209088642,-0.007234730008711949
0.02392101287841797,0.6635564365319714,0.29184512067969154,-2.522890979254874,1.8110354930034787,-0.6711158316432763,-1.804718639406524,-0.10317532544343816,-0.0071404477138177925
0.023972034454345703,0.6656318828348765,0.2911667856040623,-2.5229286120516377,1.811559251590729,-0.6705367691338399,-1.8053088704421163,-0.10224340628317637,-0.0070468052373716715
0.024022340774536133,0.6677075147179174,0.2904789540391952,-2.5229660615769856,1.8120779682917367,-0.6699634591019693,-1.8058933505607828,-0.10132266350493271,-0.006953794451436863
0.024072885513305664,0.6697833292764064,0.289781623766202,-2.5230033273759176,1.812591691320803,-0.6693958444638012,-1.8064721358248172,-0.10041295797876165,-0.006861407311708944
0.024128198623657227,0.671859323641557,0.289074792584574,-2.523040409026148,1.813100468434993,-0.6688338687023011,-1.8070452817465301,-0.0995141525189107,-0.006769635857136791
0.02418208122253418,0.6739354949800018,0.2883584583121332,-2.5230773061373877,1.8136043469383674,-0.6682774758616342,-1.8076128432936953,-0.09862611185326887,-0.0066784722095648875
0.024233341217041016,0.676011840493317,0.28763261878498003,-2.5231140183506398,1.8141033736861751,-0.667726610541592,-1.808174874894943,-0.09774870259340022,-0.006587908573327468
0.024283647537231445,0.6780883574175529,0.28689727185743974,-2.52315054533751,1.8145975950890125,-0.6671812178920739,-1.8087314304450985,-0.09688179320493231,-0.006497937234894237
0.024334430694580078,0.6801650430227728,0.286152415402006,-2.5231868867995266,1.8150870571169448,-0.6666412436076236,-1.8092825633104674,-0.0960252539787165,-0.006408550562419322
0.02438497543334961,0.6822418946125972,0.2853980473092829,-2.523223042467476,1.8155718053035939,-0.6661066339220204,-1.8098283263340675,-0.09517895700224029,-0.006319741005284243
0.02443528175354004,0.6843189095237554,0.28463416548792486,-2.523259012100748,1.8160518847501892,-0.6655773356029231,-1.8103687718408092,-0.09434277613166897,-0.006231501093727445
0.02448868751525879,0.6863960851256435,0.2838607678645743,-2.5232947954866956,1.816527340129585,-0.6650532959465676,-1.8109039516426226,-0.09351658696428809,-0.006143823438319913
0.024540185928344727,0.6884734188198884,0.283077852383798,-2.523330392440006,1.8169982156902413,-0.6645344627725169,-1.8114339170435352,-0.09270026681144565,-0.006056700729528188
0.024590492248535156,0.6905509080399186,0.28228541700802146,-2.5233658028020813,1.817464555260172,-0.6640207844184636,-1.8119587188446962,-0.09189369467199926,-0.005970125737221536
0.024640798568725586,0.6926285502505408,0.28148345971746125,-2.523401026440435,1.8179264022508572,-0.663512209735083,-1.8124784073493532,-0.09109675120610353,-0.005884091310179969
0.024691104888916016,0.694706342947523,0.2806719785100565,-2.5234360632480946,1.8183837996611218,-0.6630086880809385,-1.8129930323677768,-0.09030931870957001,-0.005798590375594159
0.024741411209106445,0.6967842836571831,0.279850971401398,-2.523470913143019,1.8188367900809812,-0.6625101693174368,-1.8135026432221373,-0.08953128108860252,-0.005713615938560679
0.02479720115661621,0.6988623699359844,0.27902043642465635,-2.523505576067526,1.8192854156954512,-0.662016603803833,-1.814007288751332,-0.08876252383497223,-0.00562916108154738
0.024848461151123047,0.7009405993701354,0.27818037163050857,-2.5235400519877285,1.8197297182883272,-0.6615279423922859,-1.8145070173157647,-0.08800293400157694,-0.005545218963872002
0.024898529052734375,0.7030189695751969,0.27733077508706316,-2.523574340892985,1.8201697392459275,-0.6610441364229617,-1.815001876802076,-0.08725240017846565,-0.005461782821190582
0.024949073791503906,0.705097478195694,0.27647164487978415,-2.5236084427953567,1.820605519560806,-0.6605651377191869,-1.8154919146278277,-0.08651081246927492,-0.0053788459648993125
0.024999380111694336,0.7071761229047333,0.2756029791114135,-2.523642357729077,1.8210370998354306,-0.660090898582649,-1.8159771777461402,-0.08577806246798778,-0.005296401781634472
0.025049686431884766,0.7092549014036268,0.27472477590189276,-2.5236760857500298,1.8214645202858297,-0.6596213717886448,-1.8164577126502826,-0.08505404323622655,-0.005214443732704978
0.025103330612182617,0.7113338114215197,0.27383703338828325,-2.5237096269352373,1.8218878207452065,-0.6591565105813755,-1.8169335653782175,-0.0843386492807732,-0.005132965353501078
0.025155067443847656,0.7134128507150252,0.27293974972468527,-2.5237429813823598,1.8223070406675212,-0.6586962686692897,-1.8174047815171006,-0.08363177653153728,-0.005051960252975931
0.025205612182617188,0.7154920170678627,0.2720329230821563,-2.5237761492092017,1.8227222191310415,-0.6582406002204713,-1.8178714062077344,-0.08293332231995298,-0.0049714221130325595
0.025255680084228516,0.7175713082905026,0.2711165516486282,-2.523809130553229,1.823133394841861,-0.6577894598580737,-1.8183334841489778,-0.08224318535762512,-0.004891344687978147
0.025305509567260742,0.7196507222198159,0.27019063362882334,-2.523841925571095,1.8235406061373876,-0.6573428026557997,-1.8187910596021124,-0.08156126571544717,-0.0048117218039280376
0.025359153747558594,0.7217302567187279,0.26925516724417015,-2.523874534438174,1.8239438909897987,-0.6569005841334257,-1.819244176395164,-0.08088746480298155,-0.004732547358220813
0.02541041374206543,0.7238099096758783,0.26831015073271736,-2.5239069573481068,1.824343287009468,-0.6564627602523704,-1.8196928779271806,-0.08022168534822832,-0.00465381531885555
0.025463342666625977,0.7258896790052849,0.267355582349048,-2.5239391945123515,1.82473883144836,-0.656029287411308,-1.8201372071724697,-0.07956383137775214,-0.004575519723857866
0.025514841079711914,0.7279695626460128,0.2663914603641922,-2.5239712461597446,1.8251305612033941,-0.6556001224418244,-1.8205772066847912,-0.07891380819707267,-0.0044976546807325235
0.02556467056274414,0.7300495585618477,0.26541778306553937,-2.5240031125360693,1.8255185128197802,-0.6551752226041169,-1.8210129186015085,-0.07827152237147818,-0.004420214365849091
0.025615215301513672,0.732129664740975,0.26443454875674993,-2.524034793903633,1.825902722494322,-0.654754545582736,-1.8214443846477,-0.07763688170709901,-0.004343193023863847
0.025665283203125,0.7342098791956616,0.2634417557576661,-2.5240662905408526,1.8262832260786925,-0.6543380494823707,-1.8218716461402267,-0.07700979523226602,-0.00426658496709436
0.02571582794189453,0.7362901999619444,0.26243940240422226,-2.524097602741847,1.826660059082679,-0.6539256928236741,-1.822294743991762,-0.07639017317928416,-0.004190384574951196
0.02576589584350586,0.7383706250993214,0.2614274870483548,-2.5241287308160376,1.8270332566773992,-0.6535174345391315,-1.8227137187147793,-0.0757779269664051,-0.0041145862933295516
0.025816679000854492,0.7404511526904479,0.26040600805791136,-2.5241596750877573,1.8274028536984885,-0.6531132339689695,-1.8231286104255,-0.07517296918016875,-0.004039184633995347
0.02586650848388672,0.7425317808408375,0.25937496381655956,-2.524190435895866,1.8277688846492581,-0.6527130508571053,-1.8235394588478036,-0.07457521355796883,-0.003964174174008832
0.025916337966918945,0.7446125076785661,0.25833435272369537,-2.5242210135933725,1.8281313837038249,-0.6523168453471364,-1.8239463033170964,-0.07398457497104394,-0.003889549555104068
0.025970458984375,0.7466933313539815,0.25728417319435093,-2.524251408547067,1.828490384710212,-0.6519245779783702,-1.8243491827841434,-0.07340096940750872,-0.0038153054831302313
0.02602076530456543,0.7487742500394158,0.25622442365910225,-2.5242816211371553,1.8288459211934236,-0.651536209681893,-1.8247481358188615,-0.07282431395600186,-0.0037414367273891002
0.02607131004333496,0.7508552619289025,0.25515510256397617,-2.5243116517569066,1.8291980263584886,-0.6511517017766777,-1.8251432006140742,-0.07225452678923762,-0.003667938120085523
0.02612614631652832,0.7529363652378979,0.2540762083703574,-2.5243415008123016,1.8295467330934796,-0.6507710159657311,-1.8255344149892294,-0.07169152714814264,-0.0035948045557248065
0.026177406311035156,0.7550175582030056,0.25298773955489484,-2.524371168721691,1.8298920739725026,-0.6503941143322785,-1.8259218163940805,-0.07113523532605578,-0.003522030990487721
0.026227951049804688,0.7570988390817057,0.2518896946094082,-2.5244006559154615,1.8302340812586602,-0.6500209593359864,-1.8263054419123292,-0.07058557265325009,-0.003449612441685659
0.02627849578857422,0.7591802061520868,0.2507820720407937,-2.5244299628357036,1.830572786906987,-0.6496515138092233,-1.8266853282652347,-0.0700424614817453,-0.003377543987110698
0.026328563690185547,0.7612616577125828,0.24966487037093027,-2.5244590899358914,1.83090822256736,-0.6492857409533569,-1.8270615118151832,-0.06950582517031509,-0.0033058207644728554
0.026379823684692383,0.763343192081713,0.24853808813658484,-2.524488037680564,1.8312404195873804,-0.6489236043350886,-1.8274340285692257,-0.06897558806978639,-0.003234437970813033
0.026430368423461914,0.7654248075978252,0.24740172388931814,-2.524516806545016,1.8315694090152301,-0.6485650678828239,-1.8278029141825771,-0.0684516755084864,-0.0031633908619181027
0.026484012603759766,0.7675065026188436,0.24625577619538996,-2.5245453970149923,1.831895221602502,-0.6482100958830797,-1.8281682039620832,-0.06793401377811181,-0.0030926747517023043
0.026538848876953125,0.769588275522019,0.24510024363566443,-2.5245738095863905,1.8322178878070043,-0.6478586529769261,-1.8285299328696512,-0.06742253011957944,-0.0030222850116624045
0.02659010887145996,0.7716701247036835,0.24393512480551519,-2.5246020447649666,1.8325374377955392,-0.647510704156465,-1.8288881355256466,-0.06691715270935615,-0.0029522170702814777
0.026641368865966797,0.7737520485790077,0.24276041831473053,-2.5246301030660487,1.8328539014466554,-0.6471662147613421,-1.829242846212257,-0.06641781064582564,-0.00288246641243056
0.02669239044189453,0.7758340455817622,0.24157612278741844,-2.5246579850142554,1.8331673083533762,-0.646825150475295,-1.8295940988768211,-0.06592443393598439,-0.002813028578802914
0.026743173599243164,0.7779161141640814,0.24038223686191168,-2.5246856911432185,1.8334776878259027,-0.6464874773227347,-1.8299419271351256,-0.0654369534823198,-0.0027438991653523457
0.026798248291015625,0.7799982527962315,0.23917875919067288,-2.5247132219953143,1.8337850688942912,-0.6461531616653612,-1.830286364274668,-0.06495530106982925,-0.002675073822740046
0.026849985122680664,0.7820804599663813,0.23796568844019955,-2.524740578121397,1.834089480311106,-0.6458221701988129,-1.830627443257889,-0.06447940935340472,-0.002606548255705547
0.0269010066986084,0.784162734180376,0.23674302329092925,-2.524767760080538,1.8343909505540492,-0.6454944699493496,-1.8309651967253704,-0.06400921184531486,-0.0025383182225348832
0.02695178985595703,0.7862450739615142,0.23551076243714475,-2.5247947684397714,1.834689507828564,-0.6451700282705674,-1.8312996569990025,-0.06354464290286324,-0.0024703795345176614
0.027002334594726562,0.7883274778503288,0.23426890458687927,-2.524821603773844,1.8349851800704164,-0.6448488128401475,-1.8316308560851196,-0.06308563771637232,-0.002402728055345946
0.027052640914916992,0.7904099444043691,0.23301744846182187,-2.52484826666497,1.8352779949482512,-0.6445307916566366,-1.8319588256776043,-0.0626321322971757,-0.0023353597006018135
0.027106523513793945,0.792492472197988,0.23175639279722288,-2.52487475770259,1.8355679798661246,-0.6442159330362595,-1.8322835971609612,-0.0621840634660168,-0.0022682704371643323
0.02716231346130371,0.7945750598221306,0.23048573634179942,-2.5249010774831366,1.8358551619660148,-0.6439042056097628,-1.8326052016133596,-0.061741368841415144,-0.0022014562826990413
0.02721381187438965,0.7966577058841263,0.2292054778576413,-2.5249272266098024,1.8361395681303079,-0.6435955783192912,-1.8329236698096454,-0.06130398682842112,-0.002134913305071322
0.027264833450317383,0.798740409007484,0.22791561612011674,-2.5249532056923143,1.8364212249842609,-0.6432900204152935,-1.8332390322243248,-0.060871856607387885,-0.0020686376218380076
0.027315616607666016,0.8008231678316892,0.22661614991777848,-2.5249790153467107,1.8367001588984426,-0.6429875014534604,-1.8335513190345167,-0.06044491812308373,-0.0020026253996825003
0.027366161346435547,0.802905981012005,0.2253070780522701,-2.5250046561951254,1.8369763959911518,-0.6426879912916921,-1.833860560122876,-0.06002311207376166,-0.0019368728538923107
0.02741694450378418,0.8049888472192753,0.2239883993382323,-2.525030128865574,1.8372499621308118,-0.6423914600870959,-1.8341667850804881,-0.05960637990059737,-0.0018713762478530071
0.027470827102661133,0.8070717651397302,0.22266011260320973,-2.5250554339917435,1.8375208829383445,-0.6420978782930147,-1.8344700232097355,-0.05919466377728665,-0.0018061318924583957
0.027522563934326172,0.8091547334747949,0.22132221668755778,-2.5250805722127905,1.8377891837895208,-0.6418072166560833,-1.8347703035271337,-0.05878790659961454,-0.0017411361456323958
0.027573585510253906,0.8112377509409009,0.21997471044434969,-2.525105544173138,1.8380548898172906,-0.6415194462133158,-1.835067654766141,-0.05838605197541986,-0.0016763854118193677
0.027623891830444336,0.8133208162692991,0.218617592739284,-2.5251303505222813,1.8383180259140899,-0.6412345382892206,-1.8353621053799396,-0.0579890442145638,-0.0016118761414109172
0.027674198150634766,0.8154039282058769,0.2172508624505921,-2.525154991914593,1.838578616734127,-0.6409524644929446,-1.8356536835441886,-0.05759682831915838,-0.0015476048303084866
0.027727365493774414,0.8174870855109764,0.21587451846894623,-2.5251794690091356,1.8388366866956474,-0.640673196715446,-1.8359424171597505,-0.057209349973883175,-0.0014835680193401402
0.02777862548828125,0.8195702869592153,0.21448855969736758,-2.525203782469477,1.8390922599831776,-0.6403967071266943,-1.83622833385539,-0.05682655553647975,-0.0014197622938329601
0.02782917022705078,0.8216535313393113,0.2130929850511348,-2.5252279329635092,1.8393453605497474,-0.6401229681728995,-1.8365114609904463,-0.05644839202835743,-0.0013561842830419834
0.027879714965820312,0.8237368174539075,0.21168779345769284,-2.5252519211632705,1.8395960121190926,-0.6398519525737675,-1.8367918256574787,-0.05607480712542093,-0.001292830659695312
0.027930736541748047,0.8258201441194006,0.21027298385656198,-2.525275747744771,1.8398442381878362,-0.6395836333197837,-1.837069454684886,-0.055705749149030453,-0.0012296981394757012
0.027981042861938477,0.8279035101657722,0.20884855519924733,-2.5252994133878253,1.8400900620276492,-0.6393179836695232,-1.8373443746395002,-0.055341167056970696,-0.0011667834805733435
0.028030872344970703,0.829986914436421,0.20741450644914847,-2.525322918775882,1.8403335066873923,-0.6390549771469874,-1.8376166118291537,-0.05498101043474592,-0.0011040834831591438
0.028081655502319336,0.8320703557879984,0.20597083658146967,-2.5253462645958633,1.8405745949952355,-0.6387945875389682,-1.8378861923052217,-0.054625229486927045,-0.0010415949889080876
0.028136253356933594,0.8341538330902456,0.20451754458313023,-2.525369451538003,1.8408133495607601,-0.6385367888924369,-1.838153141865139,-0.054273775028602984,-0.0009793148805607643
0.028186798095703125,0.8362373452258337,0.20305462945267538,-2.5253924802956917,1.8410497927770406,-0.6382815555119602,-1.8384174860548919,-0.05392659847699155,-0.000917240081408579
0.028237342834472656,0.8383208910902046,0.2015820902001873,-2.525415351565323,1.841283946822705,-0.6380288619571414,-1.8386792501714861,-0.05358365184319267,-0.0008553675548597538
0.028287172317504883,0.8404044695914155,0.20009992584719677,-2.5254380660461413,1.8415158336639783,-0.637778683040087,-1.8389384592653886,-0.05324488772410892,-0.0007936943039394606
0.028341054916381836,0.8424880796499845,0.198608135426595,-2.525460624440098,1.8417454750567064,-0.6375309938228989,-1.8391951381429466,-0.05291025929435629,-0.0007322173708805479
0.028392553329467773,0.8445717201987386,0.19710671798254598,-2.5254830274517053,1.8419728925483592,-0.6372857696151909,-1.8394493113687822,-0.05257972029848814,-0.0006709338365917005
0.0284423828125,0.8466553901826638,0.1955956725703991,-2.5255052757878955,1.8421981074800173,-0.6370429859716302,-1.8397010032681633,-0.05225322504312494,-0.0006098408203031625
0.02849602699279785,0.8487390885587569,0.19407499825660218,-2.525527370157884,1.8424211409883389,-0.6368026186895035,-1.8399502379293504,-0.051930728389410104,-0.0005489354790361744
0.028547048568725586,0.8508228142958796,0.19254469411861513,-2.525549311273034,1.8426420140075077,-0.6365646438063071,-1.840197039205921,-0.05161218574544484,-0.0004882150071937019
0.028597354888916016,0.8529065663746144,0.1910047592448236,-2.525571099846722,1.8428607472711638,-0.6363290375973607,-1.840441430719071,-0.05129755305892029,-0.0004276766361311246
0.02864813804626465,0.8549903437871224,0.18945519273445338,-2.525592736594212,1.8430773613143152,-0.6360957765734457,-1.8406834358598922,-0.0509867868097478,-0.0003673176337132844
0.02869868278503418,0.8570741455370028,0.18789599369748514,-2.525614222232527,1.8432918764752322,-0.6358648374784659,-1.8409230777916283,-0.05067984400294386,-0.0003071353038881597
0.02874922752380371,0.8591579706391548,0.18632716125456947,-2.525635557480325,1.8435043128973236,-0.6356361972871323,-1.8411603794519082,-0.05037668216158207,-0.0002471269862251546
0.028799772262573242,0.8612418181196405,0.18474869453694248,-2.5256567430577777,1.8437146905309958,-0.6354098332026705,-1.8413953635549576,-0.05007725931973601,-0.00018729005554526167
0.028850555419921875,0.8633256870155506,0.18316059268634177,-2.5256777796864522,1.8439230291354927,-0.6351857226545512,-1.8416280525937876,-0.049781534015720975,-0.00012762192147086182
0.0289003849029541,0.8654095763748708,0.18156285485492288,-2.525698668089195,1.8441293482807208,-0.6349638432962428,-1.8418584688423627,-0.04948946528527388,-6.812002803073369e-05
0.02895498275756836,0.8674934852563512,0.17995548020517607,-2.525719408990018,1.8443336673490551,-0.6347441730029867,-1.8420866343577469,-0.049201012654906756,-8.7818532213646e-06
0.029004812240600586,0.8695774127293758,0.17833846790984367,-2.525740003113987,1.8445360055371287,-0.6345266898695946,-1.8423125709822286,-0.04891613613542463,5.0395091377595236e-05
0.029054880142211914,0.8716613578738355,0.17671181715183784,-2.5257604511871152,1.844736381857606,-0.6343113722082678,-1.8425363003454247,-0.048634796215374934,0.00010941326102027915
0.029108762741088867,0.8737453197800011,0.1750755271241587,-2.5257807539362536,1.8449348151409377,-0.6340981985464379,-1.8427578438663634,-0.04835695385473901,0.0001682750781548492
0.029160499572753906,0.8758292975483998,0.17342959702981295,-2.5258009120889895,1.8451313240371017,-0.633887147624629,-1.8429772227555468,-0.04808257047866858,0.00022698293284705072
0.029210567474365234,0.877913290289691,0.17177402608173306,-2.5258209263735436,1.8453259270173243,-0.6336781983943419,-1.843194458016993,-0.04781160797136257,0.0002855391832016352
0.02926182746887207,0.879997297124546,0.17010881350269672,-2.525840797518672,1.8455186423757888,-0.6334713300159579,-1.843409570450258,-0.04754402866988063,0.0003439461556925494
0.0293123722076416,0.8820813171835278,0.16843395852524687,-2.525860526253567,1.8457094882313245,-0.6332665218566648,-1.8436225806524373,-0.04727979535830781,0.00040220614559075327
0.029362201690673828,0.8841653496069728,0.1667494603916122,-2.5258801133077635,1.8458984825290825,-0.6330637534884025,-1.8438335090201485,-0.04701887126173338,0.0004603214172641401
0.029413223266601562,0.8862493935448748,0.16505531835362805,-2.525899559411046,1.8460856430421941,-0.63286300468583,-1.8440423757514932,-0.046761220040507714,0.0005182942046690897
0.029466629028320312,0.8883334481567688,0.16335153167265776,-2.525918865293357,1.8462709873734136,-0.6326642554243116,-1.8442492008480007,-0.046506805784488944,0.0005761267116130852
0.029520750045776367,0.8904175126116187,0.1616380996195146,-2.525938031684709,1.8464545329567466,-0.6324674858779239,-1.8444540041165514,-0.04625559300747748,0.0006338211122157844
0.029572248458862305,0.8925015860877039,0.15991502147438413,-2.525957059315098,1.8466362970590617,-0.6322726764174821,-1.8446568051712817,-0.0460075466415786,0.0006913795511769649
0.02962327003479004,0.8945856677725093,0.15818229652674684,-2.525975948914418,1.846816296781688,-0.6320798076085861,-1.8448576234354706,-0.045762632031801,0.0007488041442126559
0.029674053192138672,0.8966697568626156,0.15643992407530158,-2.5259947012123787,1.8469945490619961,-0.6318888602096862,-1.8450564781434065,-0.04552081493057559,0.0008060969783582549
0.029724597930908203,0.8987538525635922,0.1546879034278892,-2.5260133169384242,1.847171070674966,-0.6316998151701677,-1.8452533883422364,-0.0452820614925718,0.0008632601123568051
0.029775142669677734,0.9008379540898896,0.15292623390141685,-2.5260317968216546,1.8473458782347383,-0.6315126536284549,-1.845448372893797,-0.04504633826939146,0.0009202955769913145
0.02982616424560547,0.9029220606647352,0.15115491482178256,-2.5260501415907486,1.847518988196152,-0.6313273569101332,-1.8456414504764262,-0.04481361220440067,0.00097720537542358
0.029876232147216797,0.905006171520029,0.1493739455238005,-2.526068351973888,1.8476904168562673,-0.6311439065260912,-1.84583263958676,-0.04458385062770576,0.0010339914835418539
0.02992701530456543,0.9070902858962414,0.1475833253511266,-2.526086428698684,1.8478601803558736,-0.6309622841706797,-1.8460219585415067,-0.0443570212510829,0.001090655850288158
0.02997756004333496,0.909174403042312,0.14578305365618452,-2.526104372492106,1.848028294680984,-0.6307824717198902,-1.846209425479209,-0.044133092163127496,0.0011472003980235357
0.030033349990844727,0.9112585222155499,0.14397312980009253,-2.5261221840804113,1.848194775664315,-0.6306044512295509,-1.8463950583619844,-0.04391203182430822,0.001203627022783209
0.03008413314819336,0.9133426426815351,0.14215355315259032,-2.526139864189076,1.848359638986752,-0.6304282049335409,-1.8465788749772512,-0.0436938090622294,0.001259937594711964
0.030143022537231445,0.9154267637140209,0.14032432309196669,-2.5261574135427285,1.8485229001788024,-0.6302537152420218,-1.8467608929394357,-0.043478393066928835,0.0013161339582863718
0.030194520950317383,0.9175108845948384,0.13848543900498747,-2.526174832865085,1.8486845746220322,-0.6300809647396873,-1.8469411296916636,-0.04326575338614845,0.0013722179326732232
0.030245065689086914,0.9195950046138013,0.1366369002868241,-2.5261921228788853,1.8488446775504916,-0.6299099361840302,-1.8471196025074343,-0.04305585992085436,0.0014281913120807131
0.03029632568359375,0.9216791230686123,0.1347787063409826,-2.52620928430583,1.849003224052126,-0.6297406125036259,-1.847296328492279,-0.042848682920642256,0.0014840558659737367
0.030347347259521484,0.9237632392647709,0.132910856579233,-2.5262263178665227,1.8491602290701727,-0.6295729767964338,-1.847471324585402,-0.042644192979282944,0.0015398133394825208
0.030397653579711914,0.9258473525154817,0.13103335042153924,-2.526243224280407,1.849315707404547,-0.6294070123281152,-1.8476446075613062,-0.04244236103043128,0.001595465453680802
0.030448436737060547,0.9279314621415649,0.12914618729598967,-2.5262600042657133,1.8494696737132115,-0.6292427025303684,-1.8478161940314024,-0.04224315834312967,0.0016510139058290463
0.030501604080200195,0.9300155674713667,0.12724936663872788,-2.526276658539399,1.849622142513535,-0.6290800309992791,-1.8479861004456029,-0.04204655651769517,0.0017064603697367175
0.03055286407470703,0.932099667840672,0.12534288789388404,-2.5262931878170964,1.8497731281836387,-0.6289189814936887,-1.8481543430938987,-0.04185252748148635,0.0017618064960433343
0.03060293197631836,0.9341837625926174,0.12342675051350674,-2.5263095928130577,1.8499226449637272,-0.6287595379335779,-1.8483209381079224,-0.04166104348470895,0.0018170539124987783
0.030653715133666992,0.9362678510776055,0.12150095395749538,-2.5263258742401042,1.850070706957409,-0.6286016843984664,-1.848485901462495,-0.04147207709636614,0.0018722042242482928
0.03070688247680664,0.9383519326532205,0.11956549769353286,-2.5263420328095756,1.8502173281330039,-0.6284454051258292,-1.848649248977157,-0.041285601200249475,0.0019272590141430612
0.03075861930847168,0.9404360066841446,0.11762038119701887,-2.5263580692312804,1.8503625223248379,-0.6282906845095277,-1.8488109963176853,-0.0411015889909126,0.0019822198429710622
0.03080916404724121,0.9425200725420758,0.1156656039510036,-2.5263739842134485,1.8505063032345253,-0.628137507098257,-1.8489711589975946,-0.04092001396981539,0.00203708824979163
0.03085947036743164,0.9446041296056461,0.113701165446122,-2.5263897784626836,1.8506486844322392,-0.6279858575940085,-1.8491297523796242,-0.04074084994147134,0.0020918657521892215
0.030910253524780273,0.9466881772603414,0.11172706518052834,-2.5264054526839184,1.85078967935797,-0.6278357208505475,-1.8492867916772104,-0.04056407100961911,0.002146553846526018
0.030960559844970703,0.948772214898422,0.10974330265983148,-2.5264210075803706,1.8509293013227712,-0.6276870818719067,-1.8494422919559441,-0.04038965157345189,0.0022011540082331037
0.031011343002319336,0.9508562419188441,0.10774987739703035,-2.5264364438534996,1.8510675635099947,-0.6275399258108935,-1.8495962681350138,-0.040217566323971506,0.0022556676920849126
0.03106212615966797,0.9529402577271827,0.1057467889124501,-2.5264517622029645,1.851204478976512,-0.6273942379676131,-1.8497487349886348,-0.04004779024031879,0.0023100963324304046
0.031116485595703125,0.9550242617355548,0.1037340367336786,-2.5264669633265835,1.8513400606539268,-0.6272500037880061,-1.8498997071474645,-0.0398802985861882,0.0023644413434753984
0.031167984008789062,0.9571082533625441,0.10171162039550348,-2.5264820479202945,1.8514743213497733,-0.6271072088624001,-1.8500491991000036,-0.03971506690626456,0.002418704119523447
0.031218767166137695,0.9591922320331264,0.09967953943984953,-2.526497016678116,1.8516072737487048,-0.6269658389240765,-1.8501972251939829,-0.039552071022780196,0.0024728860352560386
0.03126931190490723,0.961276197178596,0.09763779341571666,-2.526511870292112,1.8517389304136707,-0.6268258798478508,-1.8503437996377377,-0.03939128703199022,0.0025269884459576983
0.03132319450378418,0.9633601482364929,0.09558638187911826,-2.5265266094523517,1.8518693037870813,-0.6266873176486673,-1.850488936501567,-0.03923269130087158,0.0025810126877845716
0.03137469291687012,0.9654440846505309,0.0935253043930201,-2.5265412348468783,1.851998406191963,-0.6265501384802079,-1.850632649719082,-0.039076260463706144,0.0026349600779734315
0.03142523765563965,0.967528005870527,0.09145456052727954,-2.526555747161672,1.8521262498331013,-0.6264143286335149,-1.8507749530885373,-0.03892197141880152,0.0026888319151260375
0.0314793586730957,0.9696119113523312,0.08937414985858534,-2.526570147080619,1.8522528467981731,-0.6262798745356266,-1.8509158602741538,-0.038769801325207826,0.0027426294794249627
0.031531333923339844,0.9716958005577568,0.08728407197039784,-2.526584435285477,1.8523782090588692,-0.6261467627482277,-1.8510553848074245,-0.03861972759958099,0.0027963540328899226
0.03158211708068848,0.973779672954513,0.08518432645288959,-2.526598612455846,1.8525023484720047,-0.6260149799663118,-1.8511935400884099,-0.03847172791292372,0.002850006819586568
0.03163504600524902,0.9758635280161365,0.08307491290288653,-2.5266126792691357,1.8526252767806197,-0.6258845130168584,-1.8513303393870195,-0.038325780187530085,0.0029035890658568064
0.031685829162597656,0.9779473652219257,0.08095583092380945,-2.5266266364005388,1.8527470056150694,-0.6257553488575223,-1.8514657958442817,-0.03818186259385524,0.00295710198056085
0.03173661231994629,0.980031184056874,0.07882708012561605,-2.5266404845230013,1.8528675464941033,-0.6256274745753361,-1.8515999224735997,-0.03803995354748111,0.0030105467553176624
0.03178763389587402,0.9821149840116054,0.07668866012474336,-2.5266542243071943,1.852986910825935,-0.6255008773854259,-1.8517327321619972,-0.03790003170617566,0.003063924564688385
0.03183865547180176,0.9841987645823098,0.07454057054405058,-2.526667856421488,1.8531051099093003,-0.6253755446297397,-1.8518642376713494,-0.03776207596689193,0.003117236566429682
0.03188920021057129,0.9862825252706802,0.0723828110127625,-2.526681381531927,1.8532221549345076,-0.6252514637757878,-1.851994451639604,-0.03762606546282745,0.0031704839016981623
0.03194427490234375,0.988366265583849,0.07021538116641317,-2.526694800302202,1.8533380569844755,-0.6251286224153968,-1.8521233865819897,-0.03749197956064379,0.003223667695264183
0.03199625015258789,0.9904499850343271,0.06803828064679013,-2.5267081133936298,1.8534528270357626,-0.6250070082634751,-1.8522510548922113,-0.03735979785747641,0.003276789055717124
0.032047271728515625,0.9925336831399424,0.06585150910187904,-2.5267213214651276,1.853566475959587,-0.6248866091567912,-1.8523774688436352,-0.037229500178300824,0.0033298490757170283
0.03210163116455078,0.9946173594237789,0.06365506618580874,-2.5267344251731907,1.8536790145228343,-0.6247674130527634,-1.8525026405904623,-0.0371010665730735,0.0033828488321358207
0.03215384483337402,0.9967010134141179,0.061448951558796774,-2.5267474251718713,1.8537904533890597,-0.6246494080282627,-1.8526265821688894,-0.03697447731400613,0.0034357893863006337
0.03220486640930176,0.9987846446443781,0.05923316488709525,-2.526760322112757,1.8539008031194761,-0.6245325822784267,-1.8527493054982587,-0.03684971289296381,0.0034886717842100624
0.03225564956665039,1.0008682526530581,0.057007705842937226,-2.5267731166449505,1.8540100741739365,-0.6244169241154851,-1.8528708223821972,-0.03672675401868599,0.0035414970566763414
0.03230690956115723,1.0029518369836787,0.054772574104483475,-2.5267858094150517,1.854118276911905,-0.624302421967598,-1.8529911445097444,-0.036605581614307575,0.003594266219625268
0.03235769271850586,1.0050353971847261,0.05252776935576967,-2.5267984010671367,1.8542254215934186,-0.6241890643777046,-1.853110283456468,-0.03648617681467328,0.00364698027417603
0.03240799903869629,1.0071189328095953,0.050273291286654004,-2.526810892242741,1.854331518380041,-0.6240768400023837,-1.8532282506855704,-0.036368520963855455,0.003699640206881014
0.03245878219604492,1.009202443416535,0.0480091395927652,-2.5268232835808417,1.854436577335806,-0.6239657376107258,-1.8533450575489823,-0.03625259561262817,0.003752246989967105
0.03251385688781738,1.011285928568593,0.04573531397545096,-2.526835575717842,1.8545406084281524,-0.6238557460832163,-1.853460715288448,-0.036138382515965316,0.003804801581440458
0.03256630897521973,1.0133693878335615,0.043451814141726844,-2.5268477692875533,1.85464362152885,-0.6237468544106293,-1.8535752350365977,-0.03602586363065677,0.003857304925344209
0.032617807388305664,1.0154528207839244,0.041158639804225496,-2.5268598649211813,1.8547456264149171,-0.6236390516929331,-1.8536886278180114,-0.03591502111279961,0.003909757951857386
0.0326688289642334,1.017536226996804,0.03885579068114634,-2.526871863247311,1.8548466327695285,-0.6235323271382062,-1.85380090455027,-0.03580583731551623,0.003962161577557523
0.032720327377319336,1.0196196060539084,0.036543266496205665,-2.5268837648918914,1.8549466501829153,-0.623426670061564,-1.8539120760449983,-0.03569829478658313,0.004014516705576269
0.03277182579040527,1.0217029575414807,0.03422106697858709,-2.5268955704782243,1.8550456881532555,-0.6233220698840966,-1.854022153008897,-0.03559237626606375,0.004066824225746899
0.03282284736633301,1.0237862810502474,0.03188919186289246,-2.52690728062695,1.8551437560875574,-0.6232185161318163,-1.8541311460447636,-0.0354880646840396,0.00411908501480223

