thigh_left_length,calf_left_length,thigh_right_length,calf_right_length,motor_left_name,motor_right_name,gear_left_ratio,gear_right_ratio,gearbox_left,gearbox_right,torso_distance,ik_height,best_index,best_cost,ac1,ac2,ac3
0.25025516633412326,0.2737813059828765,0.2485281223029306,0.1928055807357493,MN8014,VT8020,7.608550657008344,4.463102590733637,CPG,CPG,0.10789378548371922,0.30125185863856896,5,0.9612037765890928,417.3,5.9,29.2
0.2799517099940865,0.2476626461677675,0.2332140017306879,0.20450214138354303,MN8014,VT8020,10.994355162021417,5.079710915155885,CPG,CPG,0.10787586110908162,0.31228284725466193,4,3.2573545775852217,497.2,3.9,30.5
0.2817779895014898,0.23560561748026643,0.1961538135841679,0.18577018510209334,MN8014,MAD_M6C12,6.270066105182037,5.892318732300659,SSPG,SSPG,0.12183653098859416,0.31307627388009335,2,-1.3479632406137334,463.6,5.2,26.9
0.27931850428797644,0.2549736505549747,0.239632490109912,0.1923612478959429,MN8014,MAD_M6C12,10.21864599146171,4.059784007381242,CPG,CPG,0.12507299031140484,0.35684357377661763,4,-6.013895683401731,468.9,3.5,24.5
0.2530825448985574,0.24524864899817334,0.23840899005149574,0.19062681838779702,MN8014,MAD_M6C12,12.594884789084706,4.087628076026296,WPG,CPG,0.1303905350306898,0.30034115477646084,7,-3.4711658412642237,297.9,4.4,36.2
0.2395293259697744,0.22845634726712066,0.23777839488424707,0.1500585695816046,MN8014,MAD_M6C12,10.794331861465944,4.401288218665016,CPG,SSPG,0.13223786357292067,0.30923428845372924,3,-3.629444338196249,295.8,2.8,24.0
0.22229133302795215,0.21878640785269104,0.2706877094064056,0.17072472922619508,MN8014,MAD_M6C12,4.1621989973195435,4.155462480634913,SSPG,CPG,0.11592957116419898,0.3103930939422602,0,-4.593886853085581,367.5,3.2,26.7
0.2046868416226736,0.24128587793499753,0.25575322622974594,0.16391205974521583,MN8014,MAD_M6C12,4.844003050588403,4.003671752136137,SSPG,CPG,0.12035589903080722,0.338787709395839,0,-4.646159632480146,305.8,4.9,20.6
0.2019902075280537,0.22276928904062193,0.24747520853981042,0.17628168263530664,U12,MAD_M6C12,6.131761013814476,4.640073983644599,SSPG,SSPG,0.11995100839298047,0.31747537736451825,6,-4.067887242621627,260.6,5.2,21.6
0.2035422517104413,0.1871414034999841,0.2544567497198,0.15085221113957753,MN8014,MAD_M6C12,8.248194211893484,4.217639782862695,CPG,CPG,0.11053147335168606,0.3125494004942125,6,-4.017849507986833,471.8,5.5,15.8
0.18821451805558223,0.21260215711542452,0.2731176176835183,0.18490355459342775,MN8014,MAD_M6C12,4.060507356040463,4.838562364845531,SSPG,SSPG,0.12495824849094199,0.3024976691446204,0,-2.2991500977476456,291.6,2.4,26.7
0.20059605994373209,0.1912929752058665,0.2686910923936518,0.16668174858643905,MN8014,MAD_M6C12,4.4519195347314,4.085962651961927,SSPG,CPG,0.13657337055842422,0.32493709033917767,5,-4.74748451001974,394.9,3.3,15.2
0.221875457087191,0.21383236874680112,0.23918054913097825,0.16245575206027424,MN8014,MAD_M6C12,8.379840242689804,5.930661737836845,CPG,SSPG,0.1443297415559387,0.3225913795897473,6,-3.885900616052,525.8,3.7,15.4
0.2433849540421954,0.2072125106662321,0.24363363492822046,0.17023218173663754,U12,MAD_M6C12,4.182373026720804,7.285570342863806,CPG,CPG,0.13519841354190004,0.3170302189822521,7,-2.9308610868328646,369.8,4.3,12.9
0.22032334373433607,0.2322654317899659,0.21707065487304214,0.1665558500652463,MN8014,MAD_M6C12,5.902766927788305,4.8645324391071725,SSPG,CPG,0.12345608065594196,0.30028229453404476,4,-3.556925775345748,252.0,5.2,16.6
0.20751764133560902,0.21392130388576905,0.20993932610975327,0.15517143016655777,U12,MAD_M6C12,5.768597607497501,6.013623279730092,SSPG,SSPG,0.12460711885876814,0.3038054329719752,1,-2.953975240156037,399.6,4.2,21.6
0.2114716085484731,0.19726959913139647,0.21051641602193677,0.17733881283060593,U12,MAD_M6C12,5.366145925007961,5.125698464778651,SSPG,CPG,0.14008252344703737,0.3068447620717545,3,-2.436502269792973,324.2,3.9,11.0
0.19297431174376328,0.22857540808898805,0.18773409524234236,0.15963783008217367,MN8014,MAD_M6C12,4.035486398102718,4.6397718959020855,SSPG,SSPG,0.12667760059957733,0.30425777215909866,3,-0.1115204685370923,458.9,5.6,10.8
0.2096926318146458,0.18690114604679542,0.19425162686628777,0.1848911901073848,U12,MAD_M6C12,4.9552603574906335,4.526518708044766,SSPG,CPG,0.11776345211947868,0.30013419585641815,6,-2.7911854654168042,456.0,4.9,10.5
0.2140927977230397,0.19833992277219603,0.19405732421810867,0.16129305948963615,MN8014,MAD_M6C12,13.62179644553855,4.011196421966275,CPG,CPG,0.12237779276289593,0.3010100146913921,6,-8.630518346273156,330.2,5.6,10.1
0.23104763961211805,0.2001098222963326,0.1980238088351567,0.16010162302555853,U12,MAD_M6C12,5.984215198397164,5.73448761581011,SSPG,SSPG,0.12938924739610677,0.3003863206241813,4,-2.303254451059063,484.6,6.6,10.0
0.20182955188939744,0.20278482860240227,0.18176029728977977,0.17299172574118904,U12,MAD_M6C12,5.864185862302523,4.0124813372842905,SSPG,CPG,0.12928177671097682,0.30262173714594176,0,-4.565000181165598,355.4,6.0,11.4
0.2044517593954476,0.176993668673456,0.1873433668320575,0.15619508861417578,U12,MAD_M6C12,8.083785233943459,4.268485450332402,CPG,CPG,0.12842677243684858,0.3083102473362771,3,-26.297558101867,325.8,6.2,15.3
0.2007019736033799,0.1694117516307396,0.18049975383874192,0.18065167129820747,U12,MAD_M6C12,8.28210954347309,4.323931680774677,CPG,CPG,0.13667565796343645,0.30774038256222735,3,-14.456683438617063,436.1,5.9,11.2
0.23038142774984385,0.21189852772134848,0.18831082619684839,0.16495896988816508,U12,MAD_M6C12,7.823563745163939,5.150077498468478,CPG,SSPG,0.13150735944695793,0.30092316992219653,6,-1.9970097450991577,502.0,5.5,10.0
0.24623951837897717,0.2169955374910039,0.18330970559536397,0.17539927753897522,U12,MAD_M6C12,5.279721435997027,5.475911459757617,SSPG,SSPG,0.1268091208754195,0.30180801200329255,4,-2.365546126778842,517.1,6.0,10.6
0.22547272774559718,0.20254298803457138,0.1950272366917199,0.1806816974019925,U12,MAD_M6C12,4.891139451608798,4.409181916644516,CPG,SSPG,0.12600625850389924,0.30185376875325376,0,-2.9411482910767273,384.2,6.0,11.1
0.2148954209901695,0.18784234337177388,0.1905746737948157,0.1688570481380537,U12,MAD_M6C12,5.715282329972864,4.225803503786412,SSPG,CPG,0.12977063592733987,0.30643194661631945,1,-3.5586372184430406,333.3,5.8,10.0
0.21739607614355444,0.192879199129455,0.198968472027088,0.17199136233796852,U12,MAD_M6C12,7.740441228525745,4.0000166979002145,CPG,CPG,0.12518499589862164,0.31714461515370806,0,-7.84052674309747,368.2,6.5,10.0
0.22654442647537537,0.1934252032754307,0.191071295527739,0.1726886364090875,U12,MAD_M6C12,10.556690275369384,4.274188079081815,WPG,CPG,0.13599802539339223,0.306731472529059,3,-5.793975379201804,398.9,5.8,10.0
0.20015477632644768,0.17730911864831597,0.19383287841269708,0.1565899727856411,U12,MAD_M6C12,8.833296889193205,4.1026929434187,CPG,CPG,0.1314939865428158,0.30714617525813426,7,-20.60262377248047,376.7,5.9,10.0
0.21403505558898003,0.1714374787452704,0.18219416423265278,0.15396994813456968,U12,MAD_M6C12,11.049855855725273,6.499514669416666,CPG,CPG,0.13653477997792657,0.30027872305576914,6,-65.67547396401142,415.5,5.5,10.6
0.22736593859391338,0.1728069236963155,0.18076411422677763,0.1554239344201632,U12,MAD_M6C12,10.831673596926219,4.204645733757495,CPG,CPG,0.13849000431619674,0.3003629499552251,5,-10.720191384714084,466.6,5.8,10.6
0.22022977311916458,0.1614528585884045,0.18004796993144578,0.15167125398106449,U12,MAD_M6C12,12.42646346138509,4.50936420945381,CPG,CPG,0.1477528507296338,0.30149208745816924,1,-35.59727084589882,489.8,5.6,10.0
0.2101412894997539,0.1575873730209101,0.1837481964352653,0.15612227551039418,U12,MAD_M6C12,9.364040894194718,4.8462362028949695,CPG,SSPG,0.13838602304376732,0.30172456492869987,3,-12.560529815077558,461.2,5.2,10.2
0.19634228375499166,0.1603691231048705,0.19882452249321972,0.17924429982675824,U12,MAD_M6C12,11.249604850119972,4.638895486954442,CPG,SSPG,0.1422195614393879,0.30571635403881137,0,-18.696913992704644,443.9,5.3,10.1
0.20201717068197228,0.16507724925544,0.17628971450839948,0.16940013739219253,U12,MAD_M6C12,13.79201718247013,5.194502466903371,WPG,SSPG,0.14053473242109815,0.3046190186105476,6,-31.61385618476345,461.0,5.5,10.2
0.18903464709961443,0.16836230135545716,0.2018717366651932,0.16070149145463605,U12,MAD_M6C12,13.95529119510938,4.496904181506457,CPG,CPG,0.14583536441431705,0.3045208571394707,2,-10.166184973599506,429.4,5.1,11.1
0.19298479510501898,0.16880860293498873,0.18681390013737972,0.15482382431924924,U12,MAD_M6C12,14.520430396523068,4.90868610937992,WPG,CPG,0.14996419581688175,0.30002229524238244,4,-25.56701009524378,472.2,6.0,10.0
0.20705868951640424,0.1828015378742688,0.20441217544615048,0.15756965177624532,U12,MAD_M6C12,13.523805455974719,5.906157816537062,CPG,SSPG,0.14970419264519882,0.300500397936393,4,-57.392702772632035,377.5,6.3,12.0
0.1975546696648532,0.16379463941469052,0.1800285722562625,0.15004308057139437,U12,MAD_M6C12,15.462371122637283,4.255276624635868,WPG,CPG,0.1499999608287393,0.30069263473045527,6,-14.90310125468018,403.9,6.1,10.2
0.18694346242205442,0.1773555956073526,0.1874732311625433,0.15730905364139275,U12,MAD_M6C12,14.451141181122457,5.290320258163869,WPG,CPG,0.1480289989939063,0.30010896806194887,2,-43.1044717303279,395.2,6.8,10.8
0.20456954463476096,0.1736447679269409,0.19262202039874957,0.1513098841961864,U12,MAD_M6C12,13.582557149170146,4.259211323861515,CPG,CPG,0.14170193881691512,0.31025641169743323,7,-9.509047594357078,429.1,6.8,10.3
0.1914794278614022,0.1876010115901266,0.19483276968999794,0.15012354404794045,U12,MAD_M6C12,12.862746506119603,4.845454237088101,WPG,SSPG,0.14754532009421423,0.302777663419458,7,-7.636414207770947,378.0,7.0,10.4
0.20063661018833304,0.19130120412109664,0.18106795623013655,0.16058645557398268,U12,MAD_M6C12,12.805555409944635,5.117001278395636,WPG,CPG,0.14116062688794878,0.30448090052292176,2,-80.758410780652,413.8,7.2,10.0
0.19685247426207875,0.1865911212959593,0.18289203073403718,0.1520923982849426,U12,MAD_M6C12,14.371120262729221,4.982810206262343,WPG,SSPG,0.13485558709273054,0.30284016400704455,4,-76.21277088093227,407.2,6.9,10.2
0.19370760497071043,0.19777527836120434,0.1763040589337028,0.16072828356218877,U12,MAD_M6C12,14.610804463098361,4.682587251718055,WPG,CPG,0.14113662576756936,0.30236742688116874,6,-78.51446365355537,411.6,7.0,10.2
0.18807806444580238,0.1842657880359114,0.16179341835170116,0.16250380259094777,U12,MAD_M6C12,18.426300178038275,4.018234411078341,WPG,CPG,0.14495972648283828,0.3001769462523768,6,-76.31471110169497,381.9,8.0,11.3
0.1924819492777323,0.20378525576335235,0.17012503231537746,0.15501296576243512,U12,MAD_M6C12,15.796425523384206,4.010510399332972,WPG,CPG,0.132894180107608,0.30000003641358725,6,-34.30972948250828,386.6,7.6,10.3
0.18135969000485674,0.19334861974348425,0.16436789342170266,0.1676133772296966,U12,MAD_M6C12,16.55026267593745,4.306884835661888,WPG,CPG,0.13926966635763835,0.30002888603621847,7,-100.22261277249815,446.7,8.0,10.8
0.20525568527502935,0.18637032370996648,0.15359531405863008,0.17683944873353158,U12,MAD_M6C12,18.555954753484666,4.10734458506586,WPG,CPG,0.13274523060704552,0.30008243822030695,5,-61.064223101800714,442.4,8.1,10.0
0.20039620991544155,0.19140908500735107,0.15376363270928686,0.17797191631650133,U12,MAD_M6C12,19.754210423229964,4.131555694702882,WPG,CPG,0.1364065158601584,0.302471242561918,6,-101.15780512255009,517.4,8.5,10.0
0.19016981827890247,0.19737816203335123,0.15294817431985788,0.17926436453055103,U12,MAD_M6C12,21.626468795277223,4.082296498975398,WPG,CPG,0.14025334146285146,0.3035296232520832,0,-113.67979518029259,487.4,8.3,10.7
0.21296307803602219,0.1945115086410787,0.15298546814003364,0.1923579943610315,U12,MAD_M6C12,18.896464094288365,4.086877235076164,WPG,CPG,0.13200156687640474,0.300038533610303,1,-3.9215623488621745,535.8,8.3,10.5
0.19524594508812762,0.20544057290604173,0.15459352643389843,0.1729046266680536,U12,MAD_M6C12,23.318916086450496,4.061586738215275,WPG,CPG,0.1298929795931646,0.30005945837724324,3,-65.45307630048394,611.5,7.9,10.6
0.19578626463072812,0.18924665970982638,0.15056824052685977,0.18935523809450647,U12,MAD_M6C12,22.80444280218894,4.001209292221099,WPG,CPG,0.13646257906921613,0.3020145664580328,4,-95.48838804329617,611.8,8.1,10.3
0.19886368677084915,0.1985681986217016,0.1511050741123991,0.18835031649203773,U12,MAD_M6C12,20.208073119696248,4.001642873995753,WPG,CPG,0.12986256586894057,0.3006609994805086,2,-81.93226448608355,617.7,8.3,10.0
0.2086833592325279,0.18366048987913652,0.16333090680337642,0.182629448047614,U12,MAD_M6C12,21.55545744289381,5.154153392614798,WPG,SSPG,0.13112394046867526,0.3009591867865408,1,-8.351780778220693,626.7,8.8,11.8
0.1943167144174226,0.1972091073065153,0.1566934286853618,0.18090431694529457,U10,MAD_M6C12,20.948417429245527,4.483688705891563,WPG,CPG,0.11928392239207655,0.3001944858426107,6,1.637530877073397,665.3,7.8,10.7
0.20400075791865827,0.1749231678799644,0.15034810493337458,0.16625702686688662,U10,MAD_M6C12,17.548862837970503,4.5289119412460375,WPG,CPG,0.1305357900767564,0.30063557953175224,3,1.0235471803967764,607.7,7.3,11.2
0.20473286746351846,0.20188902441630927,0.15001297221448298,0.1697449956560761,U10,MAD_M6C12,16.353716402545725,5.361163389048915,WPG,SSPG,0.12362362382557028,0.30570317450333384,7,0.6149786729242379,569.0,7.9,13.0
0.2087538924951905,0.1859736582345367,0.16464047265576698,0.1723562755399646,U12,MAD_M6C12,17.284544857223025,5.148485746168039,WPG,CPG,0.1295009990380675,0.3014889008831383,4,-34.85310862404311,611.1,7.6,10.7
0.21115473644833693,0.1805299411017286,0.16195555053063238,0.17368110959094177,U12,MAD_M6C12,16.73191281635111,5.180476623637947,WPG,SSPG,0.1336612492724994,0.3037854794210578,5,-77.15436055317852,540.0,8.3,11.0
0.2168618257059194,0.18237724839067018,0.16281845371491513,0.1847013309605039,U12,MAD_M6C12,21.009479468024495,5.023981797784627,WPG,SSPG,0.13670922920949363,0.31700536886639763,1,-109.06885633542572,576.6,7.7,11.9
0.22858200088870598,0.18070378633795592,0.17792553244249834,0.1983572000210585,U12,MAD_M6C12,20.26728342639268,4.986615521355491,WPG,SSPG,0.1342994463030878,0.30733806436702316,7,-60.18999646122282,625.8,7.6,13.5
0.2184937778401273,0.1844678453091874,0.1834930647312677,0.19412305080710462,U12,MAD_M6C12,16.633131850208486,4.3679094944697425,WPG,SSPG,0.13530155979530667,0.3098794259977365,2,-47.69449728920667,650.1,7.7,11.2
0.21609775282486315,0.18032202352526616,0.1696571268901602,0.19822002478180303,U12,MAD_M6C12,18.96748811552641,4.511646373458363,WPG,CPG,0.1407868803337233,0.3125820749973364,1,-37.0935176630607,649.9,7.5,10.4
0.2150639986137019,0.18930215238655979,0.16608866686446283,0.18574195900757778,U12,MAD_M6C12,17.130811781747493,4.349632006736644,WPG,CPG,0.13531971970628276,0.3214092702949104,2,-73.95500092618403,662.6,8.0,10.7
0.21162974835473441,0.2053436217197494,0.16500678622390635,0.1910262097833998,U12,MAD_M6C12,18.556722119781845,4.522022751441147,WPG,CPG,0.12921579658894317,0.3172406534502889,1,-85.11082440109541,634.3,8.1,10.0
0.2201604138581125,0.19920788028152944,0.1696092635219863,0.1975997626840245,U12,MAD_M6C12,17.574350264439232,4.824416360680888,WPG,SSPG,0.12663503745795907,0.3222625821087442,7,-92.804037047527,685.0,8.5,10.2
0.22639360492965582,0.20575378070355466,0.1717391512153312,0.18632537584194675,U12,MAD_M6C12,17.502121010197627,4.365233877081618,WPG,SSPG,0.1254226951053952,0.32560746140612745,2,-6.672110433555524,721.8,8.8,10.9
0.23560924509114212,0.20523348556176038,0.16965153663372756,0.20817786285228848,U12,MAD_M6C12,13.128241974710281,4.045620993637929,WPG,CPG,0.1309780018787216,0.3275753554166781,6,-6.951234338180996,728.4,8.5,12.8
0.22807087386553615,0.19422390991742527,0.180872207071954,0.19423609456383756,U12,MAD_M6C12,15.668338899370257,4.775938341362796,WPG,SSPG,0.12716707577024466,0.3302659662722681,5,-58.336228947491605,717.0,8.1,10.4
0.22368869800914867,0.18674697025600942,0.16463040534615703,0.20575328832490608,U12,MAD_M6C12,16.268496427936007,4.476263589938905,WPG,CPG,0.1389190566216697,0.3308392833902386,3,-75.24938962646021,704.8,8.7,10.4
0.22283738428191402,0.19000804722123862,0.17441244921274743,0.19709253084406103,U12,MAD_M6C12,15.565340138559923,5.415419108566635,CPG,SSPG,0.13671568452141264,0.33152206190850403,6,-89.43727289826784,628.2,8.4,10.1
0.23394150559105775,0.19162090882745603,0.1770933345250771,0.1996898674602887,U12,MAD_M6C12,17.70409416436419,4.3818811924364285,WPG,SSPG,0.1366339388895702,0.3308268506115823,2,0.2522423292371201,645.9,7.7,10.0
0.22956109680607575,0.1938570480823946,0.17289133906233614,0.20073130924465335,U12,MAD_M6C12,17.800977938936956,4.729215337318593,WPG,CPG,0.137594026332152,0.33985639086989033,5,-73.59568705507883,652.6,7.4,10.0
0.2270977700864746,0.20187066526219366,0.17277722830697267,0.20108488102643693,U12,MAD_M6C12,17.257425070805418,4.044821394149183,WPG,CPG,0.1334272718265609,0.3390805442774507,3,-53.4131354329134,697.5,7.8,10.2
0.23066169858544622,0.18428767856913805,0.16638027453337445,0.1943663492684369,U12,MAD_M6C12,18.93700596720688,4.481047685821112,WPG,CPG,0.13617082896947513,0.320859760585557,0,-41.67378915476311,629.5,6.9,10.3
0.2207768566390862,0.19406551628270213,0.17044019699803467,0.1969483874973526,U12,MAD_M6C12,19.438523265873897,4.779701937849424,WPG,SSPG,0.1341421065973215,0.3287691598059645,7,-107.45090760312198,612.4,8.3,10.1
0.2230599608163624,0.190455923490246,0.16692703542174403,0.19956675248184474,U12,MAD_M6C12,21.317801379254078,4.388502405363589,WPG,SSPG,0.139962140905029,0.3267598053599347,2,-52.27788728350456,596.1,7.9,10.1
0.21611043573320154,0.1976395136877081,0.1609526714866818,0.207638444665159,U12,MAD_M6C12,19.760734593933684,4.141262679819244,WPG,CPG,0.13684750378637808,0.32457603928056217,4,-77.82768511291918,584.3,7.6,10.0
0.2228943384710479,0.1906523069933665,0.1606759257568252,0.2092368428543211,U12,MAD_M6C12,20.827878645128425,4.738530834216983,WPG,CPG,0.13239445941073255,0.32597868729239005,6,-95.75382363641015,586.7,7.4,10.0
0.22310216294336718,0.1869586279220366,0.1602951392009709,0.20836380370612717,U12,MAD_M6C12,22.47826009959725,4.018338034401808,WPG,CPG,0.13419951369048524,0.3146603214237115,4,-54.385186657979474,528.9,7.3,10.0
0.22517456223846177,0.1875655451531969,0.17292258167225702,0.2008842622917422,U12,MAD_M6C12,21.010821737903868,4.303349936885045,WPG,CPG,0.13666695225891656,0.31792045889578785,4,-31.516899192017192,553.3,7.5,10.2
0.2250256290247999,0.19615134556781907,0.17190675617314047,0.20746286899795638,U12,MAD_M6C12,22.026616084279198,4.323511721149016,WPG,CPG,0.13220325077824646,0.3145038716373914,5,-75.43605248490569,589.9,7.3,10.1
0.22761429150811294,0.19333203073148053,0.18229433733601075,0.20571832305658586,U12,MAD_M6C12,21.958404502498713,4.59204754280952,WPG,SSPG,0.13601653571353728,0.3226849342417327,4,-60.43265397778933,578.4,7.2,10.3
0.22380367054613817,0.19452858148793994,0.17396317250611104,0.2013867166931707,U12,MAD_M6C12,19.756722245858665,4.488597087165604,WPG,CPG,0.13544825943670413,0.33747466088787736,1,-66.78491685787134,583.7,7.7,10.0
0.22954067790142008,0.19631820408938774,0.17467181198879145,0.20465304076940335,U12,MAD_M6C12,20.140124292961524,4.599050259176058,WPG,SSPG,0.13205414053270365,0.3349870261093054,3,-77.92476213531033,574.6,7.9,10.1
0.22145478211807118,0.19749723968185923,0.1677716693498735,0.20786450470284218,U12,MAD_M6C12,18.159388660194953,4.1291784411994605,WPG,CPG,0.1363171691677158,0.33278994888624003,5,-65.4488618726611,533.9,7.6,10.3
0.2270096813714478,0.19503350332636302,0.171477619533185,0.1998629844135495,U12,MAD_M6C12,16.612840051295212,4.017266339250413,WPG,CPG,0.13768049611400746,0.33793914719892854,0,-57.28911594532052,566.7,7.6,10.2
0.22643819035345578,0.1971714892760406,0.17268399569234175,0.20011980640754912,U12,MAD_M6C12,17.20402086087002,4.127856551509382,WPG,CPG,0.13567086531315312,0.3397709390360105,3,-59.41539150681681,566.2,7.3,10.0
0.22053994998254428,0.19831407069811396,0.17409652663965813,0.20041384125117293,U12,MAD_M6C12,18.194864683413257,4.190305996047652,WPG,CPG,0.13705294771136012,0.34388337381903983,1,-77.92649999987128,527.7,7.7,10.1
0.22652279397340927,0.20181700105877076,0.17890915868364765,0.20141238075461323,U12,MAD_M6C12,15.35010620555115,4.000347670399849,WPG,CPG,0.13670070087614028,0.34768013679173937,6,-63.71537772600315,579.1,7.6,10.1
0.23157004044718163,0.20015842773026976,0.17848089871177983,0.2042804864102487,U12,MAD_M6C12,16.14383388397158,4.102906126101827,WPG,CPG,0.1372599998034481,0.34419449493047904,6,-71.80175999173163,580.0,7.5,10.3
0.22978814165366018,0.20221300164540473,0.18020921457357109,0.20783877366544876,U12,MAD_M6C12,17.01703532834223,4.129636813956305,WPG,CPG,0.1374902223325346,0.3502868186393461,3,-69.95121180141507,610.5,7.8,10.3
0.22420299185026393,0.1969920161724828,0.17850246134952036,0.20066040610554148,U12,MAD_M6C12,17.724090135595482,4.516207130151219,WPG,CPG,0.1382139679195408,0.3474811286639282,1,-77.8356286746255,568.9,7.5,10.2
0.22837178554117232,0.20063811721259356,0.18735265977668694,0.1986254776910225,U12,MAD_M6C12,16.97235219856919,4.438988180867229,WPG,SSPG,0.13574302958180923,0.34874705081251833,3,-71.41996971422435,622.0,7.6,10.3
0.22597765804534847,0.20170245106261483,0.18375072355701969,0.20544266376806997,U12,MAD_M6C12,17.778254134956526,4.1199864332677265,WPG,CPG,0.13399177641705617,0.35567513713691273,3,-70.85311637706562,625.3,7.6,10.3
0.2271447204200829,0.20341034985538056,0.18665117066122838,0.1975725043832121,U12,MAD_M6C12,18.116037554366613,4.105759497016379,WPG,CPG,0.13621082010010324,0.35276289333641214,1,-64.34579310151267,593.3,7.7,10.1
0.2239042879908814,0.20614898936398254,0.1820802537017036,0.20328370974753912,U12,MAD_M6C12,17.518939411569722,4.428447446644952,WPG,SSPG,0.13194803356322105,0.3496845032390187,6,-84.1210221536441,593.8,7.8,10.3
0.22365016641321106,0.20545954027721036,0.18352792095578913,0.20454124956330605,U12,MAD_M6C12,18.220373745884803,4.4566341295984335,WPG,CPG,0.1353058003615129,0.34843727680266007,0,-77.6361212366046,579.4,7.5,10.2
0.22355429083845324,0.20936044703241297,0.18563855805486748,0.20314734961037942,U12,MAD_M6C12,17.82247313105988,4.378011161339998,WPG,SSPG,0.13312972475817209,0.34918488554041494,3,-89.18024152968603,590.7,7.7,10.8
0.22534953569773802,0.21382550373507822,0.18701928243957558,0.20640712152972546,U12,MAD_M6C12,17.873762092607173,4.400374586772363,WPG,SSPG,0.12799552075904655,0.3444135965523099,3,-89.12845379572295,573.3,7.7,10.6
0.2234314195957288,0.21020473986964708,0.19068594794091293,0.20201606679923564,U12,MAD_M6C12,16.659359653360653,4.594129208854504,WPG,SSPG,0.12715690158015208,0.3490757202729937,5,-91.37346444896684,623.2,7.8,10.9
0.22223555880225787,0.2122108191100511,0.18585666164329984,0.20461559476774363,U12,MAD_M6C12,17.160746009218087,4.310740132794475,WPG,CPG,0.12889323457325308,0.3511105210189245,0,-86.6619499056426,588.0,7.9,11.2
0.21952389587676602,0.2151160263654363,0.18411266486163885,0.20306709473937581,U12,MAD_M6C12,16.99032964872639,4.497259546079857,WPG,CPG,0.1273329789954726,0.3468455701795934,4,-95.7965313639514,587.3,7.6,12.2
0.21850838266204248,0.21329387697671276,0.18879847848662035,0.2082757232843419,U12,MAD_M6C12,17.005166418084798,4.837344783388339,WPG,SSPG,0.12910266434231493,0.35067518204578524,3,-105.11970362132908,600.6,7.9,12.3
0.2191941083593897,0.2052935718837912,0.18377558824664172,0.20267495040887018,U12,MAD_M6C12,17.570647984790355,4.828473331528619,WPG,SSPG,0.1300950879776966,0.3407872408151123,0,-89.47499288913127,578.7,7.6,10.6
0.2241294075334668,0.20903726117216492,0.18767268149284286,0.20116634764855518,U12,MAD_M6C12,17.913616931437964,4.727404243788199,WPG,CPG,0.1298490807596088,0.3427709264259962,0,-90.22832523074612,589.5,7.8,12.0
0.2181606927654236,0.2106715750319241,0.19057939999718498,0.2038067482984371,U12,MAD_M6C12,19.133051097055603,5.112384001206476,WPG,CPG,0.12871838886345838,0.3471473490720823,1,-107.07355327025564,544.7,7.7,12.0
0.22014473299823803,0.20787200245805548,0.18412110338885385,0.20471328565635868,U12,MAD_M6C12,18.687628872977452,4.875337966268391,WPG,CPG,0.1318608274957161,0.3452990814576306,6,-103.51409172934952,565.9,7.7,12.0
0.21808426485245042,0.2097914938670794,0.1778628641728639,0.19922055050655924,U12,MAD_M6C12,18.085079618088486,4.771082791010848,WPG,SSPG,0.13061236269157217,0.342082065846511,7,-101.90650957323794,529.1,7.9,11.9
0.2209361978972755,0.21064620610783236,0.17932032876395915,0.20322052709024704,U12,MAD_M6C12,17.868817675499344,4.240359598682655,WPG,CPG,0.13266869807201487,0.3466014556302567,2,-91.57357547692587,549.9,7.8,12.1
0.21659495287141534,0.20853458944103861,0.17757399543128918,0.2042561206584594,U12,MAD_M6C12,19.592183409124665,4.363080561434816,WPG,SSPG,0.13445733172140922,0.3401453395736722,7,-101.94786152746333,531.0,7.8,11.4
0.2187087364242887,0.21134771071925593,0.18139706863388028,0.2068090443213938,U12,MAD_M6C12,18.24521763595983,4.523318593560205,WPG,CPG,0.13594043590467525,0.34460998410478566,6,-94.93216258627228,558.7,8.1,11.8
0.2210549019803779,0.21152919691143623,0.18153152155506794,0.20509704437333937,U12,MAD_M6C12,17.525551056015054,4.416164298847116,WPG,SSPG,0.1320603087751971,0.34831094781515193,2,-97.86932420811652,586.8,8.0,11.7
0.2217843539442659,0.21544888193895784,0.18045109846228846,0.20293220716460025,U12,MAD_M6C12,17.194140304424565,4.486799435034069,WPG,CPG,0.13206810986572665,0.3459217376053349,4,-104.04219401154046,586.4,8.2,12.5
0.22133209841726395,0.21371602935952222,0.1752461711328822,0.20611084738584534,U12,MAD_M6C12,17.924528348053137,4.4006440708016905,WPG,SSPG,0.13370805664691826,0.34533008708367846,3,-106.59128662755836,570.8,8.2,12.4
0.21799942583169366,0.2075727612806184,0.17548744527411736,0.20380002832738117,U12,MAD_M6C12,18.25285957635637,4.600272760669113,WPG,SSPG,0.13302525725772185,0.3450664914861035,6,-102.63627985391523,586.6,8.1,11.3
0.22109374867819476,0.20836338293607584,0.17503979335277364,0.20185247776036935,U12,MAD_M6C12,17.983431514740545,4.600307910456979,WPG,SSPG,0.1334641239343758,0.3448439753313458,1,-102.50300919432071,557.4,8.2,11.5
0.22290786835783127,0.2098145830700244,0.17459121725600613,0.20486246848933967,U12,MAD_M6C12,17.950428806397518,4.632991471583609,WPG,SSPG,0.13160027676549663,0.3423114233565893,6,-101.13910860646098,577.3,8.2,12.7
0.22172312639205016,0.20920717321319932,0.17432942042890381,0.2049949601563206,U12,MAD_M6C12,18.06383734297787,4.700739718293943,WPG,CPG,0.13242221176771868,0.3396635723138444,5,-100.86147563000029,572.1,7.9,11.6
0.22195210608748775,0.209026842402367,0.17411762126932806,0.20704359224280822,U12,MAD_M6C12,17.918258685934937,4.471187078753918,WPG,CPG,0.133228154729553,0.3408079887084476,1,-105.38054940386806,588.7,8.0,11.7
0.22233346490176487,0.20867455348198644,0.17388943963767364,0.2077419052209537,U12,MAD_M6C12,18.507735281783606,4.620683311806444,WPG,SSPG,0.13377988332282476,0.33769928904963703,5,-98.8414909658816,565.5,8.2,10.8
0.22367657443629727,0.20812637264139977,0.1714622575988948,0.2105215698222331,U12,MAD_M6C12,17.73064754455387,4.595154894447668,WPG,SSPG,0.13187087117466428,0.3366723145469347,1,-98.49560606266654,580.1,8.2,11.1
0.2210116867110908,0.20640713107611847,0.17460895914962252,0.20955195920130743,U12,MAD_M6C12,18.142929181267867,4.839449082391236,WPG,SSPG,0.13357952959415398,0.33714042284297,4,-102.54179542707539,595.4,8.2,11.0
0.2244588752843138,0.20528288263875427,0.1687547099993729,0.21032980057340314,U12,MAD_M6C12,19.234836668971695,4.688690647823203,WPG,CPG,0.13266740895248502,0.33300692346888844,1,-102.47923841315185,593.6,8.3,11.0
0.22523266993088759,0.20445907012151684,0.17286392983654117,0.2051506836630338,U12,MAD_M6C12,18.701383510056466,4.816467176549123,WPG,SSPG,0.1327740594607389,0.3342562265964184,2,-110.63545583711497,580.5,8.0,10.5
0.2222490817621194,0.20934794093093037,0.1699067865389463,0.2090879094243495,U12,MAD_M6C12,17.902896648992115,4.457740425320318,WPG,CPG,0.13222205714964386,0.335403559833432,0,-103.25578039850575,553.7,8.1,11.0
0.22357692762600428,0.2128891994172879,0.17636756081047394,0.20893903865967106,U12,MAD_M6C12,18.393431403239642,4.666503775405646,WPG,CPG,0.13165981513337938,0.34092815340387644,2,-102.47953811937963,560.3,8.3,10.5
0.22341081672587157,0.20665391786709036,0.17447115533166774,0.21122516147521928,U12,MAD_M6C12,19.568823673255558,4.701031217626495,WPG,CPG,0.13319912521017097,0.3394437117314693,4,-106.51119828609114,560.2,8.4,10.4
0.22762896464825821,0.21185774576168476,0.1747798214637738,0.21224958494184776,U12,MAD_M6C12,19.05700642722744,4.811714293113648,WPG,SSPG,0.1315981581058612,0.3384604934790363,6,-109.67027117010696,564.8,8.4,10.9
0.2253922255955809,0.20813434927527952,0.17109317388258327,0.21084478769417178,U12,MAD_M6C12,19.18568290774364,4.685894639442379,WPG,CPG,0.133514497645424,0.3364752775764372,3,-107.0389168704053,554.1,8.4,10.9
0.22721110702100203,0.20867421572576136,0.17442763452695953,0.21006072226253966,U12,MAD_M6C12,18.226761542562684,4.7158552434435155,WPG,CPG,0.13339564481292288,0.3379276532206674,6,-95.41649914507926,564.4,8.3,10.5
0.22606189148443903,0.2066420072526826,0.17302844805579,0.20830183380539263,U12,MAD_M6C12,18.660933082355527,4.952647387554262,WPG,SSPG,0.13200239113779016,0.3357198257199398,0,-108.47071662320121,579.6,8.2,10.6
0.2244799163099654,0.20980752952175308,0.17789730544429846,0.21265374302253784,U12,MAD_M6C12,18.46138513204091,4.6526635877891644,WPG,CPG,0.13213238910497688,0.3449006619822156,0,-93.79397339397244,570.7,8.4,10.2
0.22450827633790332,0.20827076848094192,0.17535327161977274,0.2116786937395867,U12,MAD_M6C12,18.709966493079847,4.893046601482979,WPG,CPG,0.1332560658814828,0.3410743156634142,5,-107.22834208144897,561.6,8.4,10.6
0.22496742445176018,0.20996602802563913,0.1752404973514755,0.2099534499133139,U12,MAD_M6C12,19.259783722819304,4.671180756451125,WPG,CPG,0.13411789499427323,0.33975368018226715,2,-106.61576231358316,565.3,8.4,10.3
0.22341152639704048,0.2076237772552907,0.1765170384733624,0.210287990200206,U12,MAD_M6C12,19.292247308629882,4.623737809770965,WPG,SSPG,0.13217867903158226,0.3406597057676828,2,-105.75641981165549,567.1,8.2,10.3
0.22468763231951916,0.20725176647212715,0.17388623327011266,0.20838820514181683,U12,MAD_M6C12,19.418639755677436,4.561818726444013,WPG,SSPG,0.13420220725156146,0.33849502646952434,2,-112.27495062233749,569.9,8.3,10.3
0.2244727405507546,0.20758188764441926,0.17173494911041037,0.21049586514923532,U12,MAD_M6C12,19.392386542830472,4.559725061360972,WPG,SSPG,0.1332609279203783,0.3404060653806271,0,-107.77361110812788,571.3,8.3,10.4
0.2247443763067494,0.20767423807162966,0.17006420664726582,0.20907765672592632,U12,MAD_M6C12,19.36391031059418,4.529004703532586,WPG,CPG,0.13435621344343318,0.3402265247018732,1,-107.26752707191889,560.5,8.2,10.2
0.22549727305185444,0.20411387659680508,0.1709293919221137,0.21145751309048694,U12,MAD_M6C12,19.178310998228007,4.563371244528129,WPG,SSPG,0.13463481143809883,0.33996138465074976,7,-104.17928967337691,570.3,8.2,10.2
0.2251247844714051,0.206374162644473,0.17162563311492943,0.21078086758090298,U12,MAD_M6C12,19.169624773873615,4.581210300881416,WPG,SSPG,0.1333521130856894,0.3379795576805355,1,-104.11836085440571,562.8,8.2,10.2
0.22405955419174853,0.2079188539385058,0.1701291509585373,0.20927892187431352,U12,MAD_M6C12,19.409236406460796,4.520924517003571,WPG,CPG,0.13303349545399396,0.3368983718071645,6,-95.51979444474111,560.8,8.2,10.1
0.22450813730950153,0.20500110636120072,0.1739820956029325,0.21008065902828793,U12,MAD_M6C12,19.408178663785804,4.704619405306249,WPG,CPG,0.1324681801957358,0.3376551579195726,7,-104.45467836782387,563.0,8.2,10.2
0.22596896952575052,0.20440702113066112,0.1708710306518065,0.20804598091096224,U12,MAD_M6C12,19.504375325599298,4.635144568229091,WPG,SSPG,0.1326005918413805,0.33538361411878537,2,-105.45255875368463,545.0,8.2,10.2
0.22410539857055703,0.20475126157808823,0.17158891250770553,0.20978612016264134,U12,MAD_M6C12,19.24434388111166,4.803378581368878,WPG,SSPG,0.1333546849806721,0.33548452299456005,2,-106.09824795299414,541.7,8.2,10.1
0.22611452412306196,0.2027506313513563,0.16916084719686625,0.2091273301145578,U12,MAD_M6C12,19.442359586985507,4.621360289339929,WPG,SSPG,0.13245830294736372,0.3350114439836142,3,-111.71397281518587,551.5,8.3,10.1
0.225269477020189,0.2042465110169156,0.17365114033296888,0.20866053119271882,U12,MAD_M6C12,19.233903858695914,4.776235976086585,WPG,SSPG,0.13335081097304186,0.33743885103995563,1,-107.09481339727962,556.3,8.3,10.0
0.22646228849565847,0.20307441583272093,0.17363779050716335,0.20743455506500386,U12,MAD_M6C12,19.13098191964944,4.823504758566297,WPG,SSPG,0.1322369471696298,0.3364438966396628,4,-107.62879167816712,556.4,8.2,10.1
0.22618673717798343,0.2014047434638812,0.17368063456643018,0.20634962604379542,U12,MAD_M6C12,19.391517028438425,4.797456382621906,WPG,SSPG,0.13222790731025091,0.33746887180648993,5,-110.63700448059808,547.8,8.2,10.0
0.22653855124913674,0.2001398327251232,0.16921687309312364,0.20689881451164208,U12,MAD_M6C12,19.71517225913104,4.756112577049777,WPG,SSPG,0.1333330487907288,0.33579221323433245,0,-99.79418680614071,552.8,8.2,10.0
0.22526433869348858,0.19877698634772975,0.1668818650673516,0.20371728588825813,U12,MAD_M6C12,20.11491706066603,4.785485529467295,WPG,SSPG,0.1353681497547234,0.33924415078945463,1,-107.49333513643981,555.3,8.1,10.0
0.2249819751064135,0.19979147763417823,0.16878208446566526,0.2046915784712033,U12,MAD_M6C12,19.894696299421597,4.857020808389638,WPG,CPG,0.13461399464967583,0.3379409048871455,6,-108.54232213817417,551.0,8.1,10.0
0.22517159242110668,0.2021484146902147,0.1666399809981813,0.20390155962540826,U12,MAD_M6C12,20.498459399626007,4.7316993332234745,WPG,CPG,0.13447604860355927,0.33733635975980764,7,-106.39985331562062,541.2,8.2,10.1
0.22341229248516895,0.1998335927229176,0.17109251323837527,0.20506304938927702,U12,MAD_M6C12,20.032812817039655,4.919778953556011,WPG,CPG,0.1356584407736598,0.337635554664628,5,-105.01248456519153,564.1,8.0,10.0
0.22263512603710608,0.1987732354849451,0.16938961934337865,0.20291715675240266,U12,MAD_M6C12,20.597988206440338,5.00453656761368,WPG,SSPG,0.13538084661790234,0.3356919389659297,7,-101.11249434182108,541.8,8.1,10.0
0.2252454957827213,0.19803983749356827,0.17042698282682883,0.20430391706583292,U12,MAD_M6C12,20.118500357699553,5.038907151147054,WPG,SSPG,0.13433437667754505,0.3345293659352669,3,-103.59287982703744,554.5,8.1,10.0
0.2251470232789496,0.20121115690291935,0.17072444649621668,0.20487286509985306,U12,MAD_M6C12,20.193806871909864,4.9467217456734,WPG,CPG,0.13369773890080197,0.33789274256041635,3,-102.34695109357483,541.8,8.1,10.0
0.22504712996648574,0.19647909539855268,0.17003854619259154,0.2022522858367876,U12,MAD_M6C12,20.445737473928336,4.884435524180643,WPG,CPG,0.13385203016807112,0.3378031640375222,4,-102.22853376407922,545.3,8.0,10.1
0.22322236187856356,0.199317502197348,0.1713359382430203,0.20130373058509943,U12,MAD_M6C12,20.497663263549306,4.970556872624883,WPG,SSPG,0.13407544781711528,0.3374708384490305,1,-102.52414453343391,553.6,8.0,10.0
0.22436035045597677,0.19604427059847637,0.16995924761514808,0.2020393384494915,U12,MAD_M6C12,20.505187304992965,5.0149087401187735,WPG,SSPG,0.13334768448392242,0.3373846359866805,5,-109.10935783803288,548.4,7.9,10.0
0.2245435456048393,0.19639967833675048,0.17314370948697033,0.2008630466220211,U12,MAD_M6C12,20.703798748278874,5.010878109076899,WPG,SSPG,0.13452743361036673,0.33865178408840424,4,-105.86294632503356,549.0,7.9,10.1
0.22327409488428496,0.1958904736799936,0.17019477535438626,0.20062213852428398,U12,MAD_M6C12,20.931881324404053,5.101720158298185,WPG,CPG,0.13330599832718043,0.33567994158455644,1,-107.42734014211108,546.0,7.9,10.0
0.2215929219676555,0.1975875342335013,0.16935339005174316,0.19912137524998463,U12,MAD_M6C12,20.46764937080165,4.916632557539835,WPG,CPG,0.13298863254118815,0.33812373474457197,2,-111.29673697048857,551.9,7.9,10.0
0.22220676642678494,0.19547275955275728,0.16962135653290203,0.19859923950294955,U12,MAD_M6C12,21.021028414439833,5.102091916624718,WPG,CPG,0.13299810206231705,0.3349231993389232,7,-109.26918891981194,538.5,7.9,10.0
0.22377315582507,0.19571630231720036,0.17195324592523514,0.19689818273527754,U12,MAD_M6C12,21.00070282723428,5.234666277435533,WPG,SSPG,0.13338880782240353,0.3377023420909454,7,-110.56491448799731,550.9,7.8,10.0
0.22152366818100333,0.19774462623358904,0.17208613353185231,0.19755162600299292,U12,MAD_M6C12,20.645966766762704,5.102482055391619,WPG,CPG,0.13362539690316527,0.33802275517097413,7,-108.36760167689718,540.8,7.8,10.0
0.2215629683223826,0.19668101747063782,0.1745409389117661,0.19758671352705917,U12,MAD_M6C12,20.536573753295034,5.150644769422529,WPG,SSPG,0.13510651166340604,0.34075456507893326,3,-111.5948140226563,543.5,7.9,10.0
0.2220558325412703,0.19663780495766262,0.17391802883336707,0.19867583824390178,U12,MAD_M6C12,21.02051385101017,5.258564345077179,WPG,CPG,0.13392748918507963,0.3393010915512624,7,-109.32292692285202,551.6,7.8,10.0
0.22187765016096964,0.19761074121079128,0.17465398999150122,0.20035756810698854,U12,MAD_M6C12,20.774311105375258,4.94427979028961,WPG,CPG,0.1340287580025895,0.340569502801318,2,-100.17766172347243,562.4,7.8,10.0
0.2227878214005703,0.19885843698558828,0.17291563706600954,0.20199023538675615,U12,MAD_M6C12,20.773157519218817,5.114987408838697,WPG,CPG,0.132933424723175,0.3375242263479829,4,-104.53120588833872,559.3,7.9,10.0
0.22305901228505637,0.19888267971185802,0.172441837993072,0.2007010367970418,U12,MAD_M6C12,20.730257559528535,5.085326337293437,WPG,CPG,0.13258234606157016,0.3361023119492018,4,-108.99637243101904,560.1,7.7,10.0
0.22107492234062473,0.19750993788919244,0.1712599494772199,0.2011576519411308,U12,MAD_M6C12,20.685850815509557,4.947677731550403,WPG,CPG,0.13333658331400827,0.33863162842416195,1,-107.49220447179948,551.6,7.7,10.0
0.22286304873366908,0.196572259223571,0.1716811752280618,0.20271832590179154,U12,MAD_M6C12,20.708103731272214,4.9713824867200245,WPG,SSPG,0.13341148811370895,0.3377455475232686,3,-108.29123978525135,542.9,7.8,10.0
0.22342174882805926,0.1969352195602793,0.17383297417527188,0.20296483243702984,U12,MAD_M6C12,20.753533662283054,4.981847575411298,WPG,SSPG,0.13361700641858376,0.3364923036254679,5,-106.19195245020805,554.7,7.9,10.0
0.22349967398773063,0.1971735921972782,0.1746314916736111,0.20353485204070823,U12,MAD_M6C12,20.491055671421577,5.116682682090742,WPG,CPG,0.13272473628492829,0.3366824408502226,6,-112.58415181740165,563.8,7.7,10.0
0.2227864463095216,0.1964516281864442,0.17541204714202385,0.20315030859601957,U12,MAD_M6C12,19.95768982687881,4.9594315212742295,WPG,SSPG,0.1334165702565503,0.3361585581892536,5,-109.64890017896693,571.5,7.8,10.1
0.22260900507856365,0.195573289412321,0.17420880898992191,0.20160008748883917,U12,MAD_M6C12,20.556616238446736,5.110420926558076,WPG,CPG,0.13314165154522495,0.3367829714730677,1,-88.91632915433088,568.5,7.8,10.0
0.22273407024517689,0.19688779975732404,0.17408948453849968,0.20234591053840634,U12,MAD_M6C12,20.078124674255072,4.9756643456711185,WPG,SSPG,0.13266878081304997,0.337543694080479,1,-107.11274493640548,555.9,7.8,10.0
0.22236427300814604,0.19335996765778773,0.17112949018421508,0.2030474667439025,U12,MAD_M6C12,20.23147904677185,4.8246941586613925,WPG,SSPG,0.1336997362975859,0.3361512465327704,6,-103.78159494641844,564.4,7.8,10.1
0.22283252414302476,0.19549771976202296,0.17344155366361982,0.20405013915121895,U12,MAD_M6C12,20.31542034679524,4.848396720328299,WPG,SSPG,0.13361031047363847,0.3362498789480831,0,-108.19379189184005,561.0,7.8,10.1
0.22440207507312043,0.1941626820206343,0.17445936000759996,0.20326559600541153,U12,MAD_M6C12,20.201491614960673,4.881262868738813,WPG,CPG,0.13388466717592978,0.33694190431050547,6,-106.46896174439419,556.2,7.8,10.1
0.22284687952958163,0.1958079717278654,0.17311022458784717,0.20599520505506452,U12,MAD_M6C12,19.74426395869784,4.80609499855686,WPG,SSPG,0.1342099870845424,0.33834060357898954,7,-110.19840443940839,563.7,7.9,10.3
0.22435274442384198,0.19421600826556434,0.17092772477556464,0.20562116285817542,U12,MAD_M6C12,19.857487622879134,4.858426578610099,WPG,CPG,0.13486247644530736,0.3366341890340838,0,-110.9137026238347,559.7,7.9,10.1
0.22465351667995617,0.19629952125940597,0.17108087513088097,0.20716457440152933,U12,MAD_M6C12,19.59882847802888,4.707172498230159,WPG,CPG,0.13506440445421297,0.3370353597026224,0,-109.2373044690134,558.6,8.0,10.5
0.22361577004345054,0.1968729616149931,0.17301973035918894,0.20351413666615695,U12,MAD_M6C12,20.010501981775295,4.929249140999626,WPG,CPG,0.13346378813870252,0.33812625102151667,3,-106.86805595670275,563.8,7.9,10.2
0.2241694797505173,0.19506139271856923,0.17055664872954643,0.20639079778803332,U12,MAD_M6C12,19.70366439075249,4.780899429751064,WPG,SSPG,0.13398623559680567,0.33660690857040293,6,-110.23903342185275,560.0,7.9,10.4
0.22258730727344073,0.19498012207187299,0.17349221508450424,0.20521183171360943,U12,MAD_M6C12,19.744281252144233,4.958349959787026,WPG,SSPG,0.13381976215997243,0.33722115173303213,6,-106.98417664662412,565.5,7.8,10.4
0.22453315767111215,0.1953469747756658,0.1725341473898993,0.20588341702126192,U12,MAD_M6C12,19.915143490291385,4.8959009626662695,WPG,CPG,0.1335657222447323,0.3368091936309918,6,-111.69997305637159,565.8,7.8,10.3
0.22282359515957476,0.19564563094127743,0.1726724222699186,0.20665743827323113,U12,MAD_M6C12,19.45129339403599,4.861961830023677,WPG,CPG,0.1341225598783091,0.33728306513286094,7,-108.53590840830688,569.2,7.8,10.5
0.22339205452156566,0.19376755882490293,0.17313599390797363,0.20449457354791256,U12,MAD_M6C12,19.94942372117049,4.843880197839586,WPG,SSPG,0.13383408089879523,0.3379836031249212,4,-109.1955513885436,564.8,7.8,10.3
0.22311747450872643,0.19544552814792715,0.17309529477635918,0.20480293497194504,U12,MAD_M6C12,19.835455429674784,5.087476130248916,WPG,CPG,0.13374939062815028,0.33623558441069734,5,-111.492952950665,566.4,7.8,10.4
0.22438865397158198,0.1940078190828568,0.17158920225024168,0.20523479738213055,U12,MAD_M6C12,19.707085737118835,5.010659574391378,WPG,SSPG,0.13429358253120793,0.33546849940909074,6,-111.05008872153581,566.5,7.8,10.3
0.2247635957196381,0.19201164162843007,0.1718384240582439,0.20596234283165263,U12,MAD_M6C12,19.729081592937575,4.967792250193645,WPG,SSPG,0.13414781863347316,0.33513988176252746,5,-106.27011974722924,567.9,7.8,10.2
0.22429439895596973,0.19299138515957376,0.17205971425303934,0.20542419068181517,U12,MAD_M6C12,19.986201978556895,5.001199828472105,WPG,SSPG,0.1341502164367449,0.3350067949760298,2,-108.49690282208991,562.2,7.7,10.2
0.22355678204455173,0.1922561217183479,0.1716620674823615,0.20477855734939543,U12,MAD_M6C12,20.050947405266353,5.016582663396887,WPG,SSPG,0.13366764746353693,0.33398286383188264,5,-106.65073439870103,561.2,7.7,10.2
0.22387190534052667,0.19314494055170559,0.17071278367647164,0.20629708728482324,U12,MAD_M6C12,19.86998934671675,5.06733179377681,WPG,CPG,0.13381488470113484,0.3323977782720594,2,-108.72398291523976,558.0,7.8,10.3
0.22392965997762637,0.19297363703206713,0.17117102795919475,0.2060654811678223,U12,MAD_M6C12,20.195639728772598,5.085732556533642,WPG,CPG,0.13411648472713716,0.3323855066430329,7,-107.71785226444882,559.4,7.7,10.3
0.22433384823061062,0.19312584981309913,0.17175219511753204,0.20618799691983997,U12,MAD_M6C12,19.864684175514522,4.96194757165356,WPG,SSPG,0.1337161351748125,0.3334387092489594,6,-108.16380380998866,561.1,7.7,10.4
0.22485434607153423,0.19290032934205437,0.17279285696802715,0.20534480253147774,U12,MAD_M6C12,19.970321342694355,5.058031403908692,WPG,CPG,0.13408092463322896,0.3344347859329385,1,-106.06307715764086,560.7,7.7,10.2
0.22456035624868842,0.19212218395029265,0.17266687218266205,0.20434582716838715,U12,MAD_M6C12,20.14629711791945,5.027060579411778,WPG,SSPG,0.13470587940501472,0.33509401410845413,6,-109.95172668030932,551.9,7.7,10.2
0.22486481420163626,0.19099953336896913,0.170019226522927,0.20447219883760898,U12,MAD_M6C12,20.188838991789865,4.991949282827305,WPG,SSPG,0.13481610478561412,0.3336811267555934,1,-112.09285169787486,548.8,7.7,10.2
0.22407636100688486,0.19164436531638707,0.17201242213906665,0.20421699915818775,U12,MAD_M6C12,20.15761825224192,5.112928932009838,WPG,CPG,0.134253846327559,0.3328474872798426,5,-109.47037891494215,550.7,7.7,10.3
0.2243029186428133,0.19215207583994856,0.1708970925103951,0.20496938070329587,U12,MAD_M6C12,19.93462926260061,4.9623166002995625,WPG,SSPG,0.13401487952940813,0.33257442762584705,3,-109.37095094326523,551.1,7.7,10.2
0.22373345142669954,0.1928592028944992,0.17205312916612012,0.20429347575070095,U12,MAD_M6C12,19.936800074276828,5.008228705664856,WPG,SSPG,0.13431013074960035,0.3347051402157871,7,-110.29198515612767,551.0,7.7,10.3
0.22422084040800921,0.19286586093028837,0.17133972276348633,0.20533651238352146,U12,MAD_M6C12,19.90857881167365,4.983427401721944,WPG,SSPG,0.13431867373133255,0.33477349250516863,2,-109.23067029416512,548.8,7.8,10.2
0.22402500291413296,0.1930777640141747,0.1710877710967966,0.20508925338927458,U12,MAD_M6C12,19.947646466882624,4.979801215125551,WPG,SSPG,0.13451263353073917,0.3337676905288487,1,-109.07055598411054,547.1,7.8,10.2
0.22396403630113262,0.19268832326625362,0.17145136783436465,0.2043446803826765,U12,MAD_M6C12,19.856021962295745,4.999908118274744,WPG,SSPG,0.13408693475328845,0.3340960378685593,0,-108.25606765223122,552.4,7.7,10.1
0.22428872807815825,0.19300139231311342,0.17111269513632033,0.20496286958739535,U12,MAD_M6C12,19.714515879964086,4.977622977967931,WPG,SSPG,0.1346262708276098,0.33423600704445666,3,-111.18962495211188,548.5,7.8,10.1
0.22373627003923835,0.19101807838920923,0.17257343517671628,0.20361780203011354,U12,MAD_M6C12,19.97649516884116,5.046096535761776,WPG,SSPG,0.13424930247920913,0.3344736567837055,4,-107.56390357828289,551.9,7.7,10.1
0.2239310017264664,0.19262307109112328,0.17189586919476088,0.2042069197503415,U12,MAD_M6C12,19.86537652943042,5.0059052477382355,WPG,SSPG,0.1342162120738118,0.3347148739847718,7,-110.17150721895479,555.1,7.7,10.1
0.22336930143036976,0.1932585002355719,0.17265757806749688,0.20435724517201692,U12,MAD_M6C12,19.967234494739053,5.052209682289265,WPG,CPG,0.1343603487457789,0.3348997523135108,6,-108.39952942515704,557.2,7.7,10.1
0.22337857142567807,0.19333617272749365,0.17188082184545767,0.20405343165144355,U12,MAD_M6C12,19.95259523235393,5.0363589609562815,WPG,SSPG,0.13405966090346522,0.33472978626819794,5,-109.24988111392048,549.4,7.7,10.1
0.22348665185183975,0.19313796398747657,0.1719502326197248,0.2040893407397774,U12,MAD_M6C12,19.91643549200863,5.035193654815373,WPG,SSPG,0.1340408454030666,0.3343946042041803,5,-110.59710862948988,552.7,7.7,10.1
0.22345153151843777,0.19333934616297002,0.17259834305156907,0.2047248447634173,U12,MAD_M6C12,20.080424294194167,5.03059436725232,WPG,SSPG,0.13398085112961133,0.33455250455098584,7,-106.01778816824256,556.5,7.8,10.1
0.22372228362854188,0.1932641366540822,0.17222683068088585,0.2040597632848445,U12,MAD_M6C12,19.8792979711516,5.012568347035631,WPG,SSPG,0.13439236481551353,0.33457889211330866,1,-109.90065925017984,555.7,7.8,10.1
0.22311842413546373,0.19357414284930763,0.17259333898880733,0.20409282557433694,U12,MAD_M6C12,19.80976397527363,5.020141989121327,WPG,SSPG,0.13444495619903155,0.3351858116298181,5,-110.48620367706738,556.5,7.8,10.1
0.2238110055260377,0.19339842487581416,0.1712007236036878,0.20518262394121908,U12,MAD_M6C12,19.797215222991255,5.004862550225744,WPG,SSPG,0.13450161073208994,0.3344327100659807,2,-107.87932678497367,553.4,7.8,10.2
0.22371148704545368,0.19256546013952272,0.1721408062252892,0.20452334286656465,U12,MAD_M6C12,19.929362397890667,5.041806994045644,WPG,SSPG,0.1345551243277212,0.33428845071208885,6,-109.59325814214984,554.0,7.7,10.1
0.22412711941280347,0.19310343576354566,0.1717867769786266,0.20433574830449358,U12,MAD_M6C12,19.91311337213969,5.046291035840354,WPG,SSPG,0.13453480622340425,0.3344128204355148,0,-110.91289276807808,552.2,7.7,10.1
0.22400052700075024,0.1929889654040894,0.17158998695122268,0.20447806526844656,U12,MAD_M6C12,19.945916284994553,5.023646160938515,WPG,SSPG,0.13501004486016702,0.33453563038026457,5,-110.0712139749491,553.7,7.8,10.1
0.22427551058876122,0.19310861818145977,0.1721751969247699,0.2047687242345712,U12,MAD_M6C12,19.87850451296542,5.039969915047399,WPG,SSPG,0.13496935616683045,0.33461350372051796,4,-108.26219505056821,553.7,7.8,10.2
0.22367697940674106,0.1936227841846741,0.17186534569062017,0.20507982526338497,U12,MAD_M6C12,19.930682775593226,5.021518611540288,WPG,SSPG,0.13491988395456023,0.3346682158619551,4,-111.09960811551677,556.4,7.8,10.2
0.22364859193977052,0.19338619182940522,0.17214486102454868,0.20489502069645835,U12,MAD_M6C12,19.931579971689935,5.0898954022890885,WPG,CPG,0.13492850205359797,0.3344804980108153,6,-110.83139394646847,557.1,7.7,10.2
0.22378866686493257,0.19391148774842282,0.17196296962547808,0.20505919564709701,U12,MAD_M6C12,20.06640378108415,5.072922608601319,WPG,CPG,0.13467971140023513,0.3339251639178195,1,-110.6155713049676,555.9,7.8,10.3
0.22377670124927146,0.19301759576241773,0.17196611637642467,0.20490882508768976,U12,MAD_M6C12,19.9703050538593,5.055035289541292,WPG,CPG,0.13509220423881202,0.33436541885038035,2,-109.22206128545821,558.7,7.7,10.3
0.22376423905827872,0.19395895030428723,0.17209084741239544,0.20599203337193972,U12,MAD_M6C12,20.007281966435855,5.04825776549431,WPG,SSPG,0.13499631529562067,0.334960530228182,4,-110.58031081338223,564.3,7.8,10.3
0.22348457854151174,0.19375554743980794,0.17179927445067691,0.20529023221271323,U12,MAD_M6C12,20.076345836070697,5.092575084704647,WPG,CPG,0.13491857176474528,0.33467225256979455,6,-108.80834889175296,563.8,7.7,10.3
0.22355964323451555,0.19179112831013084,0.17172715497488622,0.20478251131525288,U12,MAD_M6C12,20.0791431361463,5.142422106723948,WPG,CPG,0.13483620946489502,0.33339279852286874,4,-107.76445023851431,564.1,7.7,10.2
0.22297852063567936,0.19172248367454167,0.1716061014296878,0.20399779308744237,U12,MAD_M6C12,20.277951824226918,5.20880445693186,WPG,SSPG,0.1345744783671697,0.333783717729382,0,500000.00000000035,567.6,7.6,10.2
0.22228227548866364,0.1931287902834502,0.17172523742321819,0.20410662574355895,U12,MAD_M6C12,20.385957725870238,5.175023475466919,WPG,SSPG,0.13416754198082292,0.33348624880053074,0,500000.00000000035,562.8,7.7,10.2
Time taken (seconds)
2026-03-21 16:56:06
