Thigh,Calf,Hip left motor,Hip right motor,Hip left ratio,Hip right ratio,Gearbox left,Gearbox right,Torso distance,Push duration,v2_actual,v2_error,v2_energy,v4_actual,v4_error,v4_energy,v6_actual,v6_error,v6_energy,total_tracking_error,total_energy,unique_id,v2_c1,v2_c2,v2_c3,v4_c1,v4_c2,v4_c3,v6_c1,v6_c2,v6_c3
0.25442508245702,0.22378446022798976,U12,VT8020,9.399872859650541,22.6568212865325,CPG,WPG,0.09310430711673819,0.13484949483553615,1.793330458008438,0.41130918206145495,368.48519570822606,1.875367168240405,0.6600965865090593,248.338874601889,1.0746052808718638,0.8618516359267635,425.24129756557994,1.9332574044972777,1042.065367875695,5e4e5a4b,205.6,4.6,33.9,189.2,4.2,32.3,200.6,6.2,29.7
0.25882454973770086,0.24338257749913952,U12,MN8014,18.862024578477357,5.2277510359806385,WPG,SSPG,0.12430785485703877,0.11612526741784397,1.8986290152455245,0.38474007940307786,656.2352022485385,6.462494058203866,0.12513948288242954,177.66965138405288,2.709509817773807,0.671360661863993,132.12988645596002,1.1812402241495006,966.0347400885513,099573eb,208.4,4.7,25.2,190.8,4.6,32.4,125.1,4.3,34.6
0.24966109364544614,0.2790147562077643,U12,U12,4.123184906637872,5.8988705054943615,SSPG,SSPG,0.10606873888977761,0.11947374326052075,8.938556597381835,0.6204891228311991,43.14059849477353,13.383807822024536,0.11450155376394437,178.83137649639534,8.777234163350535,0.17210139847898542,610.9898985500196,0.9070920750741288,832.9618735411884,06ddafb4,98.8,3.3,31.2,181.6,4.2,28.4,163.4,5.9,36.6
0.24895383698296283,0.25498436783118195,MN8014,MN8014,18.744709441036463,8.287192855725136,WPG,CPG,0.10197661253752337,0.11783388120460565,6.700664524977541,0.11569039306068343,1084.0539836464868,7.350598713879767,0.07019327174895545,609.902600978039,21.72964253400266,0.20128039393536779,498.3465821983992,0.3871640587450067,2192.303166822925,46512db7,204.5,5.4,31.1,258.1,6.1,32.0,184.9,4.9,35.7
0.1928062406675489,0.26578737451698575,MN8014,VT8020,7.608589071383827,4.463147602214313,CPG,CPG,0.08122248070485641,0.1040434581762035,0.3094981920629604,0.8800322884104254,136.6178992418668,4.792554652957624,0.27117487042433297,39.120341831632125,15.602536511696446,0.0016135566574547611,237.45324741503467,1.152820715492213,413.1914884885336,9dec2b88,239.3,4.8,27.6,189.0,7.1,31.4,233.6,5.8,34.1
0.21492518279045908,0.26260596660810787,MN8014,MN8014,24.116730348717216,4.3218181141092105,WPG,CPG,0.10498332146057203,0.13590452341292972,18.4808369898312,7.269318637856045,590.4329383557857,9.109596302060835,0.007928187453037402,663.6617217982472,22.846060356016043,0.27360294715665157,858.0852838998218,7.5508497724657335,2112.179944053855,5401b76e,202.1,4.5,33.3,187.3,2.7,25.3,220.6,7.2,24.1
0.2712270287737476,0.23579062926787508,U12,MN8014,16.39253733684493,7.190119350019204,WPG,SSPG,0.09784810931762035,0.1238127051381985,0,1.0,1000000.0,0,1.0,1000000.0,1.652100517962937,0.7918507581447346,32.63856327165092,2.7918507581447347,2000032.6385632716,7410a6e1,168.8,4.4,33.2,180.0,4.5,32.0,222.5,5.8,30.7
0.2871466201446262,0.2197763199531868,U12,MN8014,5.370183941355861,7.63391384259741,SSPG,CPG,0.10644851304124589,0.1399469051309324,0,1.0,1000000.0,0,1.0,1000000.0,0,1.0,1000000.0,3.0,3000000.0,18917eca,232.1,5.1,28.5,200.1,4.9,33.2,171.6,5.0,29.6
0.2220335173344286,0.2829779751105349,U12,MN8014,4.605868278109911,6.4146943867826085,SSPG,CPG,0.07505398384134443,0.1112595289919514,0.8207310079571346,0.6986515723140394,668.9973940054609,8.301503325113828,0.02884890954599384,75.28502183000184,11.134344596572985,0.06641462976908656,166.47080561374642,0.7939151116291198,910.7532214492091,8f84f3f4,186.7,3.6,27.6,202.9,5.5,34.1,194.1,6.9,34.1
0.21276973533303706,0.2895732161780068,U10,MN8014,7.934274843936463,4.000384772417856,CPG,SSPG,0.08938829604521309,0.1297763647360583,2.839614375805913,0.18669064180897899,20.635487207192142,6.586225968513038,0.11653853138054741,467.5057561862428,3.0476940279438067,0.6349227468873339,19.576085843552065,0.9381519200768602,507.717329236987,17f76265,143.0,4.3,27.4,215.8,6.6,27.6,236.6,4.9,39.3
0.21118446905151098,0.2539410995438299,U12,VT8020,4.866972011285048,5.162498299521127,CPG,SSPG,0.0871369643309635,0.09181396219650734,5.103015396151212,0.0004244868737676487,111.59944090412172,13.253335237567931,0.10584190168001188,134.82695643689223,8.197676390024133,0.20565158442148937,87.80953706813709,0.3119179729752689,334.23593440915107,57f15cea,150.7,3.6,27.1,126.1,5.7,28.0,182.1,5.3,34.4
0.24810455888691318,0.24051350510027114,U12,MN8014,11.727781781608972,4.037419660970204,WPG,SSPG,0.10284571273708742,0.1323743877402207,12.722457830415589,2.3854541977018817,311.54433158246286,1.8506747447867553,0.6641150211525643,224.4723823460179,8.730930088451833,0.17467216691501575,238.16122770130377,3.224241385769462,774.1779416297845,e594c543,175.7,4.6,24.7,151.8,6.0,34.4,238.4,5.3,31.5
0.23478271830445147,0.2645323058815495,U12,VT8020,10.534933070795937,5.357437051396831,CPG,SSPG,0.07169719669909783,0.1167109546094278,17.594751582720413,6.345110697217534,338.23187702143593,15.14158900935868,0.2643593754115797,259.3592036322153,19.321456315911185,0.08299993195701631,359.97510136212446,6.692470004586131,957.5661820157757,765395be,125.1,5.0,31.7,186.8,5.0,28.0,163.3,5.3,37.5
0.24998979872218302,0.26788152189356057,U12,MN8014,4.73004841580224,7.386901528020498,CPG,CPG,0.10517787685908186,0.09597243135834324,5.317012670446523,0.004019881328945439,439.3125626859031,0.26113560948710324,0.9484547961680012,683.4270157667501,4.257772098743444,0.5128687123668214,87.3519332057536,1.4653433898637682,1210.0915116584067,9cb763c0,128.3,4.3,30.1,215.5,6.0,31.6,171.1,6.1,36.4
0.20258383835411076,0.306322658213819,U12,VT8020,16.281376625481343,13.294294684012904,WPG,WPG,0.08869355699367464,0.1146605901247869,4.674001438211847,0.004251002491517772,1539.616366641761,15.257343652241913,0.27639662277768334,228.80772092362972,3.2362888899321596,0.6150439959161491,1584.8269536855942,0.8956916211853503,3353.2510412509846,7e758d62,224.7,2.8,23.2,128.9,5.8,30.3,216.7,5.2,37.9
0.2192192685927674,0.2801826794245329,U12,MN8014,14.309423301802966,8.819654770373699,WPG,CPG,0.09922269004952938,0.11042025575236375,10.592154301396018,1.2508875892248796,721.8450646299067,0.012499187952817918,0.9975017247064312,1412.4410745102434,13.23904051656865,0.01378212578794136,539.3854340617714,2.262171439719252,2673.6715732019215,f7a56922,185.0,4.8,33.3,200.1,6.7,36.1,186.5,5.2,33.4
0.18992005885701554,0.27128541127214073,U12,VT8020,6.077970392153913,10.404534998431455,SSPG,CPG,0.07692813052027536,0.10728096625986194,5.2624627922734675,0.0027554686931194135,460.99902501356775,2.581286131685113,0.5503731545992763,557.1156806290429,0.35338950900906935,0.9534364394435804,1224.9024090036214,1.5065650627359761,2243.017114646232,3f2f2f94,93.3,4.9,32.1,184.9,5.6,29.5,239.1,6.4,31.0
0.2171352686663988,0.3036826318273609,U12,VT8020,5.922055075044587,4.004781266497376,SSPG,CPG,0.06807728443372653,0.10318282553764593,6.388130130030915,0.07707621031598581,288.683639125123,7.537613616140521,0.06063346703416561,125.37203957550939,12.607728383011322,0.025435393286442773,129.52730120317725,0.16314507063659422,543.5829799038097,b9096d7a,176.6,3.5,26.2,172.5,6.5,33.4,250.4,4.1,38.1
0.19421940848435734,0.2800888763691153,U12,VT8020,4.038127543669691,11.23806868624303,CPG,CPG,0.08536601726335255,0.09162609414521683,6.553993199515278,0.09659579456558927,515.4808726656541,5.179280614409486,0.23239335394608182,338.7927373497174,9.22346594787744,0.14830375846813992,231.62003505894825,0.477292906979811,1085.89364507432,359a573f,67.7,3.5,31.2,160.6,6.2,26.7,238.9,6.0,33.0
0.24176936715634195,0.30093837752569963,U12,VT8020,14.09224728767611,4.005820657322919,WPG,CPG,0.08981341766893931,0.09491841648069743,0.13705363134674994,0.9459298953759133,110.79200574742039,8.52176107804475,0.021851903103834173,699.448896330085,10.124828063961795,0.10563245069304224,301.71432207426636,1.0734142491727898,1111.9552241517717,aca028e4,175.7,3.4,28.9,141.0,6.6,35.3,231.0,3.5,36.2
0.2515608055794072,0.25107803570791565,U12,VT8020,8.100392241146963,4.732829535740041,CPG,CPG,0.091816575454918,0.12714950972536415,3.1307126838948744,0.13976940280606012,102.89721854521646,0.9003668353129644,0.8280332373187221,199.75636593142306,7.1702476167058755,0.27246676614977783,380.71468431607417,1.24026940627456,683.3682687927137,19ac5b4c,191.6,5.1,31.2,184.1,6.6,29.1,272.9,4.8,36.1
0.2448270749688845,0.2922726069280386,U12,MN8014,12.783924999076435,4.326249108748555,WPG,CPG,0.08108214981367999,0.1004969404952862,2.407020265440018,0.2689417561535502,481.9337604653792,1.9771856710532394,0.6436554975675345,432.1689753857094,7.735825056059017,0.23452550051635548,402.7084146662249,1.1471227542374403,1316.8111505173135,822f5f9a,101.1,4.2,33.7,133.3,6.3,34.9,199.3,4.3,32.8
0.2350298703622812,0.27120113565837384,U12,MN8014,5.862075874511646,4.176569836258141,SSPG,SSPG,0.1058486919385008,0.10654030285578778,6.491265602672646,0.08895492390858442,271.3020084874454,0.11976933298553177,0.9761895803341316,100.73044000712295,13.22926787727416,0.013935521113125167,618.6193459885735,1.0790800253558412,990.6517944831419,bd2f70d5,207.6,4.6,27.4,164.1,5.2,25.2,224.2,5.7,32.5
0.23492688975040776,0.243492911781731,U12,U12,11.803414240750334,4.029429471915985,CPG,CPG,0.10257234630818218,0.12064404129121203,2.927268845809425,0.17184857750208776,290.6548661691485,1.9324897419700788,0.6508472176341802,266.4126004088105,14.628479970001532,0.0006134539230669447,557.945331577265,0.8233092490593349,1115.0127981552241,e4dbd48f,239.9,4.8,33.7,186.4,5.1,23.7,174.3,5.5,35.5
0.22496212629010226,0.2846582525870891,U12,MAD_M6C12,4.969288708196681,8.349175331954587,SSPG,CPG,0.08588843786511031,0.11291324672664786,5.234345443104279,0.002196711468149632,10.286365029105221,3.5373681154213332,0.4176561087557281,83.64969099840548,9.796403187533864,0.12034408794092326,80.993629477513,0.540196908164801,174.9296855050237,84c754bf,136.6,3.3,32.4,116.9,6.4,28.6,201.6,5.4,33.4
0.20497927880663783,0.2774475881573028,U12,MN8014,4.794928550970665,4.234016576374346,SSPG,SSPG,0.07812209177962653,0.08584198762188353,2.1078179550267526,0.33458867925062535,260.91402173313327,14.043117661101494,0.16346800421510815,282.4717951468222,7.130219917006492,0.27525972690969464,33.53387595734622,0.7733164103754282,576.9196928373017,263c93f8,166.4,5.1,23.7,218.4,6.3,28.1,218.3,3.9,38.0
0.24573447454317904,0.290539027248931,U10,VT8020,17.895464623987817,4.006310277014291,WPG,CPG,0.09312105561081986,0.10137856709107393,0.3763789711833439,0.8551148567246236,490.0269205107607,0.3268159204846746,0.9357049023618874,30.03317328146478,6.683385021916638,0.30740482086080223,388.661379814001,2.0982245799473134,908.7214736062265,57c1ab81,228.2,4.5,23.6,202.2,5.5,32.2,227.3,5.8,34.6
0.23257171706528473,0.3046587094031218,U12,MAD_M6C12,4.5606483465664525,9.09365558186632,SSPG,CPG,0.08087176071021338,0.0912733446720365,5.851359821556207,0.028992541830408634,144.75809785230862,7.595102459494868,0.05783532180327634,200.2210763386426,5.677347731488876,0.3862748680870027,79.15887816839202,0.4731027317206876,424.1380523593432,6676c478,188.6,4.6,24.1,135.1,6.0,30.3,302.4,3.4,36.5
0.2265350475636121,0.2939737155943895,U12,VT8020,4.5527523023470495,11.020958143643618,SSPG,CPG,0.07470641699373128,0.12947611794878097,9.358269603376037,0.7597805574284607,183.73194824798196,12.013259901905931,0.04053215432622279,647.8150139596858,4.706119673114594,0.47095098748550407,501.375195076577,1.2712636992401876,1332.9221572842448,30449624,168.3,4.5,37.6,202.5,5.1,28.2,260.2,5.0,35.7
0.2269193993549842,0.26620733509614636,U12,MN8014,9.170891685634789,9.161856415501978,CPG,CPG,0.08565474866262078,0.13691945963284174,15.674358846772375,4.557677471586706,509.6528186318567,3.9573519351642927,0.3651359563546272,712.9635297090741,4.519429879018469,0.48818822249249255,1332.8327233884086,5.411001650433826,2555.4490717293393,a14e8a85,198.0,5.0,29.8,165.3,7.4,31.8,252.6,3.6,40.5
0.20554300615077906,0.2774973900264952,U12,VT8020,9.480773521168915,9.405147022740898,CPG,CPG,0.06657303496675447,0.1299175204968534,0.2197526555435321,0.9140305869673245,1172.6866622322555,4.760382776717047,0.27453588646523364,248.82312508065408,17.73641329751362,0.03327981215470832,479.9833289133768,1.2218462855872665,1901.4931162262865,d69cb276,218.8,4.9,29.1,238.8,6.1,30.5,295.5,4.8,33.1
0.21508772287774855,0.28572149981073436,U12,VT8020,11.312642020315085,4.836495006048251,WPG,SSPG,0.08935110285645598,0.11042991687503761,11.860063227839612,1.8824186995982897,766.4871058791884,7.341594057000738,0.07067122157773795,907.6571703307776,6.412303234073808,0.3277712699711075,320.86603900467713,2.2808611911471353,1995.010315214643,eb0dfbd8,249.0,5.1,28.2,189.1,4.4,31.2,250.4,4.6,40.2
0.20863976278289675,0.27886285739089767,MN8014,MAD_M6C12,4.004706313187584,4.065615026074252,SSPG,CPG,0.08352451701776066,0.12030669844493153,11.779285521968498,1.8383484875348681,48.09296315950938,0.5275968621397268,0.8972642120614513,36.66877492674472,8.698017438865064,0.1765110408926616,135.8526305163608,2.912123740488981,220.6143686026149,d9df9751,214.1,6.1,33.2,134.4,6.2,33.5,254.6,4.3,30.4
0.23460884072240687,0.2905047063925967,U12,VT8020,4.04037580495763,5.061613360971588,CPG,CPG,0.07847124544143717,0.11664191504420966,3.41418842081418,0.10059193458719295,7.693061152583976,2.7137227711666134,0.5308983585541593,321.1029243010565,7.3859218653598635,0.2576630481795779,134.6329503634624,0.8891533413209303,463.4289358171029,5660411e,179.3,3.6,30.3,104.7,6.3,29.7,238.3,3.6,35.2
0.2328444642896776,0.29718185354193605,VT8020,MAD_M6C12,4.082106843836467,4.133913780133052,CPG,CPG,0.07586618664022593,0.09886654417704765,9.146586971283897,0.6877673404168545,55.434953589414086,2.2844998068509295,0.5952894323048334,21.544070933334194,0.1102116155789243,0.9853591028126257,1.6729192909339337,2.2684158755343136,78.65194381368221,cda13835,128.3,3.6,33.5,132.2,6.9,27.2,250.4,3.8,31.7
0.22359794113872666,0.25840260123213055,MN8014,MAD_M6C12,5.7242029471970035,5.332332744159785,SSPG,CPG,0.07334914106791567,0.1214606641580462,19.115345939696446,7.969719639892198,64.36551252399127,5.686385153368778,0.18607273045077305,21.43792625599313,6.5756547802601135,0.3154204105837969,66.51843684207132,8.47121278092677,152.32187562205573,40ad3472,153.4,2.9,33.2,136.5,6.5,33.0,195.0,5.5,26.9
0.2161265360749283,0.26613316244845886,MN8014,VT8020,12.121151765901985,5.676972210958699,WPG,SSPG,0.09101663001617528,0.1083967179211827,7.303078874060283,0.21216689200571126,178.30335700130652,12.880526986065956,0.08297435717454217,100.88328230204118,13.035716735777736,0.017148483298238537,137.244961831947,0.31228973247849195,416.4316011352947,304d4fe6,109.3,3.4,28.2,151.2,6.0,34.6,225.9,5.9,43.8
0.22281844451398355,0.28334155523224425,MN8014,VT8020,11.036361718648951,4.116664111686298,CPG,CPG,0.08062542453360269,0.11346181868114906,11.03939152540398,1.4589699998848564,201.60746311627048,0.3622138320463947,0.9288692221919783,82.82246790236063,20.79619730767733,0.1493151254645596,991.7251714024076,2.5371543475413945,1276.1551024210387,0ae258a2,161.5,5.1,26.4,129.7,7.6,32.0,287.6,5.0,38.0
0.21498027072961423,0.30455059263643663,MN8014,MAD_M6C12,5.50846565889567,10.899944520739284,SSPG,CPG,0.0816077782183795,0.11237680703891754,9.468346227345421,0.7986447202972823,758.5405862418901,7.244729201800845,0.07591517171409011,162.04529013911863,7.123324994409056,0.27574226286089376,308.5424858213288,1.150302154872266,1229.1283622023375,1346c40c,208.1,3.8,26.2,205.6,7.9,32.8,239.9,4.6,32.3
0.2073808229096859,0.27420716121434036,U12,MN8014,8.983053542159094,9.64229763493519,CPG,CPG,0.09330138614204384,0.11895439875196613,0.16301299550403875,0.9358577312665127,2191.3818573077133,11.71940536978144,0.02956354825633248,533.1973515009694,3.085879433654986,0.6308723060862456,859.4389375222893,1.5962935856090907,3584.018146330972,b8e5154a,226.5,4.0,25.0,131.0,5.6,28.4,211.0,4.5,35.3
0.16367858911791186,0.27572651478117655,MN8014,MAD_M6C12,4.8968951871440085,4.396522412318686,CPG,SSPG,0.08422162611109367,0.10736373573982676,9.449593237247441,0.7919551990783266,87.05967347256612,0.17883389957468054,0.9645530357214347,31.631210497987976,4.936894469589691,0.4500715240718868,78.79251215927404,2.206579758871648,197.48339612982812,282a67ab,122.7,4.3,35.7,116.5,6.3,29.2,201.9,4.1,34.6
0.22940926086620758,0.27651969995979125,U12,VT8020,4.653424891000205,4.110147862383495,CPG,CPG,0.08588928825810896,0.10509344103466532,10.373792918475496,1.1551060132262956,155.29613321725944,12.516872401749254,0.06334646686687058,103.81994423905529,2.885918912967249,0.6522264914809094,61.88521361362762,1.8706789715740757,321.00129106994234,e9f1cc93,206.7,3.5,29.2,98.7,4.1,30.9,322.6,4.2,25.7
0.19370102220378568,0.29280872003447855,MN8014,MAD_M6C12,4.012927790021772,9.276918034474614,SSPG,CPG,0.06910975048737829,0.08737689541634719,0.09858220425259306,0.9609558563387748,466.1253882968284,5.686068373175488,0.18610006080916777,80.34929758947689,6.690590780990775,0.3068723625286912,307.87468697722767,1.4539282796766337,854.3493728635331,be489dd9,135.0,5.7,28.8,127.6,6.7,23.7,354.8,2.3,31.7
0.22655105464700442,0.28909614849453347,MN8014,MAD_M6C12,4.041844044691576,4.7820522224383,SSPG,SSPG,0.06507974863009769,0.09959810658594903,10.41044174758373,1.1709151961598758,122.89731775795629,8.43176209262284,0.024593701341346936,28.54012568409146,9.421231123309534,0.13832294302013423,64.00462995731046,1.333831840521357,215.4420733993582,d0942bc7,147.5,5.3,32.8,146.5,5.3,29.6,247.3,3.8,27.2
0.2390951476629219,0.2979027419552111,MN8014,VT8020,4.0034452868999955,4.00146706596798,SSPG,CPG,0.08107538947160894,0.12330892133913467,7.758785016097259,0.3044357906017102,99.70298673042701,3.3488388779047336,0.44237944272071555,71.4455163774873,3.305272172401847,0.6078518176071049,17.304718549693018,1.3546670509295309,188.45322165760732,5550fd14,137.3,3.0,37.2,156.4,7.0,29.7,214.6,3.8,27.3
0.21677691734114016,0.3121500364483667,MN8014,MAD_M6C12,4.18393650571503,4.080619758604909,SSPG,CPG,0.07529400908338593,0.11224363386375208,8.980004844246515,0.6336175424090291,129.16256006927952,6.878335893945006,0.09744786791032127,73.21711836891298,12.050994670960645,0.03865169969201119,146.61686262737277,0.7697171100113616,348.9965410655653,23993cb5,136.2,5.7,35.1,69.9,6.3,34.8,253.9,5.0,27.6
0.21203548079685003,0.2953164468106141,VT8020,MAD_M6C12,7.941412307194637,6.5363594211433576,CPG,CPG,0.09286639796778287,0.09612193192643817,13.535465342250694,2.9141667443505104,135.4417418053924,8.70994487225122,0.016642422326309192,148.16245572219213,10.760634502318151,0.07987653254637897,167.6707708795865,3.0106856992231985,451.27496840717106,24bfecc8,175.3,4.1,33.6,150.1,5.1,30.9,257.8,3.3,36.2
0.24506275085590246,0.23794693009376944,VT8020,VT8020,4.386409470506085,5.076698187828844,SSPG,CPG,0.07532524957127214,0.0901236445045322,2.430535374846902,0.2640859383965261,69.3715866886517,1.3515474791918585,0.747957310046727,42.868419176889375,2.9732584880430877,0.6428556062019006,67.07907571621604,1.6548988546451537,179.31908158175713,fb608ce5,206.6,6.3,29.0,110.6,8.7,34.5,223.7,4.1,29.8
0.2246160457662992,0.27804798682634,MN8014,MAD_M6C12,4.611056081325608,4.775873401338348,SSPG,SSPG,0.0757819529106787,0.1265647962993467,5.451364523168664,0.00814919731101101,117.6268581765435,7.588159650759297,0.058169738702255155,57.72369486907895,0.12421756517176209,0.9835062357704194,5.5273208050423674,1.0498251717836855,180.8778738506648,2f24852a,50.2,5.8,30.2,193.6,7.5,32.7,205.3,4.5,26.9
0.2186198385850192,0.24873812695221814,MN8014,MAD_M6C12,9.366914255304367,4.3547231001064395,CPG,SSPG,0.07138750993038812,0.09075951250546693,14.040857489259674,3.2694841656441094,227.00392437133826,0.5121405511206949,0.9001947692168832,338.1480755332764,1.0456259276821058,0.8654424700007906,202.99312595962178,5.035121404861783,768.1451258642365,e482bb78,114.7,3.7,29.1,98.6,8.0,30.4,265.0,3.7,26.5
0.23925089197782828,0.2625924016321295,VT8020,VT8020,7.848185890168818,6.9870122159182575,CPG,SSPG,0.07642405321718426,0.09660935852783552,9.588236305713487,0.8420764958826937,58.19578919161086,9.26826935805843,0.005354297323562233,56.858705432077535,3.435848935123432,0.5943537326723817,374.2999158678673,1.4417845258786377,489.35441049155565,0615684b,145.2,4.7,34.2,79.3,6.5,33.6,231.5,2.4,26.6
0.2194370928926465,0.24151289570960743,MN8014,MAD_M6C12,4.899007179878319,8.078813603440953,CPG,CPG,0.09735871586943022,0.09337930224215743,0.9044816274054923,0.6709308296103665,24.854630395225307,5.48442139594171,0.20390450129429016,82.66562514986093,2.538528367706835,0.6901701121886545,324.09040895056444,1.5650054430933111,431.61066449565067,b6007161,157.6,5.9,30.1,129.2,8.5,33.4,330.1,4.8,34.8
0.24991876048263129,0.25899266869933646,MN8014,MAD_M6C12,4.536555726816978,6.117254723197508,SSPG,SSPG,0.08030132912083784,0.10231860142557854,3.6187746706851214,0.07631133641363978,16.4699194215323,21.246110908997718,1.2647501057747748,44.641360449289145,0.720872621604197,0.9061932386153447,10.518473092917377,2.2472546808037595,71.62975296373882,9d5ccac1,244.5,5.1,32.1,91.2,7.4,25.2,184.0,4.1,28.6
0.23409480997189897,0.27046847113177985,MN8014,VT8020,5.385333342325019,4.649960925970876,SSPG,SSPG,0.08124783719596744,0.09529004465925062,7.454062788350756,0.24089696676671543,48.031067795577286,6.119664025431775,0.15057007275528334,146.24081322131974,13.878468755041167,0.005590365926306264,167.51341322868325,0.39705740544830503,361.7852942455803,a57610e2,139.0,5.3,33.3,143.1,7.5,33.7,230.1,2.7,25.4
0.2110645396732117,0.2765120215910968,VT8020,VT8020,4.115134086493731,10.909094312221065,CPG,WPG,0.0692756884302528,0.10222425277247918,6.517640824783124,0.09212934692193599,596.7323874192731,7.883943273770877,0.04477696068619516,229.30888842309565,12.362179885792955,0.03092486646629009,712.1649387590334,0.16783117407442125,1538.2062146014023,8a2c40d8,169.1,7.7,34.1,53.4,8.8,27.1,224.8,4.0,33.3
0.22646894706309229,0.26590074682691295,MN8014,VT8020,4.07555244992322,10.639207954255678,SSPG,CPG,0.07743668386702668,0.09469659907569364,9.121388125217756,0.6794336031474372,733.7129403901921,9.281471321350246,0.005162834620421618,111.50834112282426,9.999690852589975,0.11112485142076611,569.1832384820859,0.795721289188625,1414.4045199951024,23415c39,231.2,5.9,24.5,130.0,8.8,27.3,188.4,3.2,28.3
0.21914967299338178,0.20697876546305996,MN8014,MAD_M6C12,7.41726126108965,4.199261678862318,CPG,CPG,0.08670576304948671,0.09969242186523622,7.0996640707208,0.1763435683950336,34.356202207990165,11.540803303737746,0.02374074820809154,76.60036829245571,4.39247254784404,0.5000872828810768,3.8707737356971252,0.7001715994842019,114.827344236143,23f999fb,123.0,5.9,30.2,104.3,8.2,31.0,134.4,3.4,26.9
0.24897159571668043,0.24929786951887767,MN8014,VT8020,4.001809972016952,4.097523479382264,SSPG,CPG,0.0690712502336041,0.10621391910629446,2.235445659681597,0.30571042802293286,5.953773042792429,2.394536799283938,0.578430704974462,17.722974551949672,3.00038068764276,0.6399593939622081,20.217133076142524,1.524100526959603,43.89388067088463,55748d10,150.5,5.7,29.1,197.9,8.3,28.9,235.5,4.8,20.0
0.23937594803970333,0.26573430329346376,MN8014,VT8020,4.108885024472966,4.2585890373252475,SSPG,CPG,0.10238948269895878,0.13495535222240534,5.902076675055234,0.03254969310714825,45.05573023587691,0.6852999875228888,0.8676363632244108,149.90950659362872,8.044427640588442,0.2150221637644892,15.021561357717246,1.1152082200960483,209.98679818722286,9cb431bf,180.3,5.0,30.3,191.1,5.7,25.5,137.3,4.3,26.2
0.24900046849202823,0.24389117678047756,MN8014,VT8020,4.827980678153204,6.098605607482749,SSPG,SSPG,0.09222325972815054,0.10322521547005264,8.130635689886867,0.39203519291173694,89.47751502793635,0.40922625937764556,0.9198294094381132,98.79398941540913,0.4830449895715837,0.9366310345546788,116.77894759598011,2.248495636904529,305.0504520393256,abfa2432,150.3,5.5,33.1,151.3,8.3,30.9,226.2,3.7,28.5
0.2267710781462858,0.2683440163610091,U12,MAD_M6C12,4.000788011215472,4.002079483012501,CPG,CPG,0.0765501931336991,0.10758424234610346,7.948647945113431,0.34778098816886643,103.02893226005483,12.366871365876442,0.05602080062605813,77.16032722463096,14.046824038196467,0.004037975174044843,72.67468072369775,0.4078397639689694,252.86394020838355,19b634d8,146.7,5.4,30.5,125.5,7.6,28.9,212.9,3.3,25.0
0.26933850895509737,0.2430775384799108,VT8020,MN8014,4.002812836624821,5.009801642014902,CPG,SSPG,0.07310487098950813,0.10969532759856525,4.424645604911488,0.013241307197906704,188.4767308671473,2.800738111323402,0.5182937174175134,190.01476210299623,3.68049352068349,0.5694721197123932,186.27842597950203,1.1010071443278133,564.7699189496456,52eee63d,159.0,5.9,28.9,107.7,7.3,28.8,131.0,5.0,33.1
0.23596143780634096,0.2782715183119293,MN8014,VT8020,5.929833781970148,6.863283148740768,SSPG,CPG,0.09089792750609782,0.1166086518473513,4.841283662840358,0.0010076350272549214,590.764634729281,6.032087505086558,0.15744329567290216,32.08046498166634,7.728960807727684,0.234968937491378,27.958823289443206,0.39341986819153507,650.8039230003906,9df67e1d,159.1,6.0,35.4,172.9,6.8,33.2,155.1,5.0,29.2
0.23975598931350428,0.2798850864519211,VT8020,VT8020,4.475316833611385,5.5560991309639265,CPG,SSPG,0.06716542825219024,0.12224446979313812,2.933387219934351,0.17083553530922685,212.7119834140306,2.997903568540308,0.4902935443546056,207.98030925806177,8.421285838175255,0.19235324454663758,94.91805687090917,0.8534823242104701,515.6103495430016,2af52488,197.5,4.6,35.4,197.6,6.5,32.9,242.5,4.0,24.8
0.22698955559034614,0.2059966238965426,MN8014,MAD_M6C12,7.351618534997802,4.056167863241798,CPG,CPG,0.08403937232041947,0.08998668602408925,3.2064957550844198,0.12866629906120822,0.38110752191193537,5.074431914767494,0.24261220962261013,57.88785891853947,2.175618312839009,0.7309545140355119,1.181460097317281,1.1022330227193302,59.45042653776869,ffe588f7,198.7,6.2,31.0,174.6,8.5,29.2,185.3,4.3,25.3
0.25890694468490294,0.24321606774150856,MN8014,VT8020,4.155032829480936,8.057288450173337,SSPG,CPG,0.06176879631426528,0.1054735561569512,3.954866528702344,0.043692158913067526,77.60703967646728,9.809795328977629,0.0003617781687872856,8.968956428378469,3.679745941683156,0.5695473419770622,133.77648339198237,0.613601279058917,220.35247949682812,5545addf,130.0,5.6,26.3,234.3,9.1,32.3,142.6,4.6,27.9
0.2528908589623653,0.2534111771048686,MN8014,MAD_M6C12,8.891323515259437,4.149568016084068,CPG,CPG,0.0777751262431731,0.11834000317855653,0.3154225846277802,0.8778106224246188,24.82324136159207,1.3793295566311528,0.7431595889317324,1.6718725974201578,4.54387821745797,0.48591325658377743,97.2302776786815,2.1068834679401287,123.72539163769373,6cf79b0c,183.1,5.9,28.8,164.7,7.9,31.0,203.0,4.0,24.4
0.20911976449890302,0.2256307379987142,MN8014,MAD_M6C12,8.805031461934941,4.409288756114716,CPG,SSPG,0.08784959234250475,0.1056224350892918,4.879275126364959,0.0005829798045678628,39.91931930599499,6.549812518857058,0.1190379365503548,36.870067720877174,12.404332707799911,0.02994439418576596,97.99834492478882,0.14956531054068864,174.787731951661,7b8e6431,135.8,5.9,33.6,127.9,7.8,30.2,147.3,3.2,15.9
0.20591089593423395,0.20425131128420004,MN8014,VT8020,4.0001388197800845,6.654556563041451,SSPG,CPG,0.07554893517877337,0.12145138299918384,2.903590129026562,0.17579737388459463,306.73457075384863,3.61234221516137,0.4080217197620956,254.96688417941294,3.244213538820305,0.6142156236482482,260.3689695535582,1.1980347172949384,822.0704244868198,976b02f8,133.6,5.3,26.5,183.1,6.9,26.6,150.4,3.9,23.9
0.23436020140591882,0.24894809804738707,MN8014,VT8020,6.056801832441984,4.13966231217436,SSPG,CPG,0.079579019014587,0.10715217258115563,2.814606925111979,0.19103771567074077,3.6082641081894904,0.3763209962298661,0.9261519756760611,17.256664183776355,6.665107451917482,0.30875748350258436,47.76355148220729,1.4259471748493862,68.62847977417314,bbf1d85d,120.0,4.6,31.6,255.7,7.1,24.8,221.0,4.8,25.2
0.22281213939830996,0.2513910882584971,MN8014,MAD_M6C12,4.187495544397895,4.354504040083533,SSPG,SSPG,0.06964993896474547,0.09849496459171911,9.702578034301371,0.88456960674775,38.835256394144096,7.773750114259137,0.04956188553761206,32.14665093688634,11.22476025801969,0.06334415604190023,32.708591346102764,0.9974756483272623,103.6904986771332,07c64852,152.2,4.8,20.9,227.1,10.0,28.4,191.7,2.8,27.8
0.23893001047734397,0.24170194862519503,MN8014,VT8020,11.27054929282502,14.57967326086599,CPG,WPG,0.06774522280375675,0.0959720557997408,5.7970453018090256,0.025411248525433625,556.6869153001538,1.150681087029763,0.7831044522345273,678.7077125984144,5.948943650986653,0.36409609348006594,573.8469537060384,1.172611794240027,1809.2415816046066,416c5cf5,100.5,5.7,32.9,226.5,7.5,27.4,169.0,5.2,20.9
0.2252845800279542,0.1981921688450801,MN8014,MAD_M6C12,4.02571388342254,4.208564451453126,SSPG,CPG,0.09211854170268882,0.0955298124130526,7.714631693697911,0.29476900929716765,45.20529613048116,3.890361823889426,0.3732767864298773,12.86845145697759,6.636946016941982,0.3108474307713004,44.68310277985475,0.9788932264983453,102.75685036731349,955545db,183.1,3.6,25.0,285.5,9.4,26.6,233.8,4.8,29.3
0.20026587656097267,0.20439150670635114,MN8014,MAD_M6C12,4.000942070435367,5.035251259299385,SSPG,SSPG,0.0889319790142494,0.10341726580470362,0.907769488981031,0.6698540222125831,23.277215910814586,1.8889456580480992,0.6578920253809678,8.02585723835755,6.09525848688331,0.3524196507352166,161.88374315567702,1.6801656983287674,193.18681630484917,cb331dfe,167.5,6.7,32.5,202.3,9.3,30.3,222.1,5.1,24.1
0.23008185080088892,0.1942411478122352,U12,MAD_M6C12,4.170511366464607,4.000785893928502,CPG,CPG,0.08921512867841926,0.10138065339586659,12.059117951263593,1.9932458499940762,67.06716071535139,3.2896473424461576,0.45028832788739925,367.3712811344475,8.39709380185066,0.19377053449581763,27.116990293876142,2.637304712377293,461.55543214367503,663fef91,132.4,4.8,32.6,277.4,8.2,24.8,201.6,4.8,24.8
0.25074871243805985,0.21034949603755068,VT8020,VT8020,8.67973324038416,7.963804620230475,CPG,CPG,0.08707768070802364,0.10808219454074051,7.547079949111325,0.259504650686598,60.46901813182763,0.16164492373281103,0.9679323060671234,237.73501061888615,3.6610292938346873,0.5714322518901115,67.29135702549436,1.7988692086438332,365.4953857762082,e7c03169,155.2,7.3,24.7,184.9,7.5,31.4,242.4,4.8,26.3
0.21373804351774026,0.22323233908831677,MN8014,VT8020,4.785611650854526,4.001504188065278,SSPG,CPG,0.0684368775794712,0.09527643063459995,7.47229390129051,0.24448948537433007,107.33054929999695,1.3292190937109494,0.7518244152486675,15.068188820356257,3.5301920764454993,0.5846955280143717,100.52464239692497,1.5810094286373693,222.9233805172782,27ee8fd2,157.1,4.4,28.7,209.0,8.7,27.1,182.7,5.4,25.7
0.21059976559766988,0.23860303431236135,MN8014,VT8020,4.491568484243476,4.421991934899665,SSPG,SSPG,0.09257254577514815,0.10121011981004181,8.265613926262665,0.4265693726160263,41.80970832241651,7.1149644742562215,0.08323429984803682,89.64072156351689,3.8798081110379017,0.5495940784326154,249.29523560823782,1.0593977508966785,380.74566549417125,69f681c5,136.5,3.9,31.7,199.1,9.9,32.7,170.9,6.2,22.4
0.22578789651934725,0.21343700659280132,MN8014,MAD_M6C12,4.0403906447478315,6.09187989173927,SSPG,SSPG,0.09487679603535532,0.09015228566901204,8.71636044308392,0.5524533977167564,49.82628972391312,0.3279564583062651,0.935484262724195,25.840616598525017,3.121736999680919,0.62708058624333,22.39986454937999,2.115018246684281,98.06677087181814,7862874f,227.4,7.2,30.7,224.9,9.0,26.1,205.7,4.3,31.6
0.21863403580147472,0.22673353862802462,VT8020,MAD_M6C12,8.334886779919831,7.557694755274532,CPG,CPG,0.07845484627540392,0.11835383646988196,10.289825596875998,1.1192901938145803,52.04140112384294,1.878020709127241,0.6596654760136595,263.5010705887827,3.1741318815581607,0.6215606966879073,160.59979308243828,2.400516366516147,476.1422647950639,6a53c1c0,187.4,4.9,29.4,225.8,9.2,22.3,174.9,4.0,21.9
0.24146267232686527,0.19380478394123454,U12,MAD_M6C12,5.543141802637165,15.17850977195265,SSPG,WPG,0.0953871430047584,0.094886206120921,2.064947658988744,0.3445812897790262,524.6401030903336,0.509665772369119,0.9006644375214221,35.75179823176812,1.8355760249180246,0.7702313715365027,31.30000507940768,2.015477098836951,591.6919064015094,5e0bd8a6,178.2,3.2,26.5,236.3,10.0,30.7,239.0,4.3,27.2
0.24451026630954134,0.17938466549178492,MN8014,MAD_M6C12,6.022292586349966,5.939218056173441,SSPG,SSPG,0.08604125288526182,0.08669388825513728,10.299327706390587,1.1233149655887564,35.71541791000316,0.5838614015534426,0.8866366610515511,18.279398162621817,0.06950651692383969,0.990753936214132,19.979944460641544,3.0007055628544395,73.97476053326652,46cd742d,222.6,6.5,28.9,249.5,8.6,26.0,241.1,4.2,24.2
0.2265141581304086,0.19309171365404343,U12,MAD_M6C12,11.022079791437207,4.035910005657293,CPG,CPG,0.08511584806909236,0.09340728173841983,0.16545359268720375,0.9349135585784427,154.95282835114008,16.74049957487503,0.4543433451889047,148.41834415154858,12.441706039284373,0.029088302175262443,112.19453187224092,1.4183452059426098,415.56570437492957,8fdb3401,195.5,4.8,29.2,274.9,10.0,32.9,249.2,3.2,29.1
0.22937895216393006,0.19883080454277197,U12,MAD_M6C12,4.107807922548261,5.3764267464557305,SSPG,SSPG,0.09214359910934466,0.08995672622081044,6.117814758584848,0.04998039338040411,121.56823371280336,0.4546238862990535,0.9111420515201258,206.50776462258005,10.829294034226452,0.07731017001306252,51.51313192051497,1.0384326149135925,379.5891302558984,0133a80b,155.3,4.1,24.2,303.8,8.5,22.7,167.3,4.5,29.8
0.22252482719749359,0.206840194636663,MN8014,MAD_M6C12,10.558253974698207,6.694407879083443,CPG,CPG,0.10158679356535169,0.10007181059121824,7.864424897582885,0.3281971997557089,226.0312327637489,6.100211813822784,0.1520834789704738,639.2654592018057,11.152695749644419,0.06578555553246276,118.50416323596313,0.5460662342586454,983.8008552015177,0dd5167c,158.7,4.6,24.2,256.2,10.0,26.7,222.6,3.7,30.1
0.19627682618336273,0.21853389011824614,U12,VT8020,4.017838979584711,4.5063618489161374,CPG,CPG,0.08291812022257602,0.103793015776076,4.052835580408589,0.0358848175095974,156.12240141442032,0.7939076499142651,0.847521363583071,231.0351895306711,16.756260747704,0.013708674728559187,557.07294764616,0.8971148558212275,944.2305385912514,66330e84,192.8,3.0,24.6,256.3,9.9,27.8,353.0,2.6,33.2
0.227477783575052,0.20998895192284545,MN8014,MAD_M6C12,6.671969762008965,12.629173636283092,CPG,CPG,0.08879595840037646,0.08370894374556549,9.075440929179718,0.6643687506893299,223.78938186624316,4.408656225243623,0.31263125207506887,147.43206515111666,8.84127748580266,0.168577168919472,348.90414488026664,1.1455771716838707,720.1255918976265,b46ca080,210.2,5.3,23.7,232.4,10.0,30.4,281.3,4.8,30.5
0.2255793213631791,0.22569970344714482,MN8014,VT8020,4.936568351203657,10.605507304018936,CPG,CPG,0.10156167855697404,0.0837266881299224,14.369578387173705,3.511559966135704,308.35211887532574,14.200792272484868,0.17646655716568585,333.7691094516791,15.116176044040218,5.99861031503763e-05,300.10280047824983,3.6880865094045405,942.2240288052548,c42c5145,215.0,5.7,29.6,246.6,9.7,26.7,172.4,3.9,30.5
0.23355811607473087,0.18246074139467522,U12,MAD_M6C12,4.582170842075348,4.447750923600339,SSPG,SSPG,0.09346192992903724,0.07417291842685048,3.9350772915851784,0.045362414995902364,159.69763006718975,7.942184409196439,0.042346050057542106,96.75100656586581,0.048115869951154626,0.9935948401706958,13.089476361960209,1.0813033052241403,269.5381129950158,e690ea3d,291.7,6.8,32.5,264.9,8.3,31.3,221.9,6.0,26.0
0.25593904531812345,0.20707327305162257,U12,MAD_M6C12,4.067087914639539,5.918230495270555,SSPG,SSPG,0.09550742606161994,0.08023038850453733,0.300985146584791,0.8832296237046702,74.86252260806562,1.7199929520809298,0.6855851671358949,87.29275697919181,4.777606655602568,0.4644325586114707,25.444411587726492,2.033247349452036,187.59969117498395,1fd7a71b,157.8,6.4,23.8,274.4,7.9,24.6,183.4,3.6,29.7
0.23204997077637102,0.1536552834970326,MN8014,MAD_M6C12,4.5667395313849655,4.464253991849842,SSPG,CPG,0.07458619647246843,0.06651012023775732,9.67530906228158,0.8743405931140905,77.57559991734662,6.71217258773382,0.1080980909284893,51.63208243597373,10.277706008773444,0.09911138017588635,81.8635310774323,1.0815500642184661,211.07121343075266,f9796445,240.5,5.8,34.2,278.2,7.4,26.2,179.7,3.7,29.8
0.2395844985182345,0.15473860879651663,MN8014,MAD_M6C12,4.005349386508727,4.194888180830834,SSPG,CPG,0.0807374227049481,0.10521812420193857,2.907339437399474,0.17516912921054204,9.156425374065996,5.6755419752105345,0.18700937208166005,46.33772515589147,9.201644710077494,0.14942632919187696,81.83875710664906,0.511604830484079,137.33290763660654,f1163bf6,225.4,6.6,23.5,322.7,8.6,31.2,144.9,5.6,33.6
0.22575814802717162,0.170565668766746,MN8014,MAD_M6C12,4.30451427560203,7.063429226305577,CPG,CPG,0.081921374117577,0.08417696550999093,8.412928437251212,0.46592322071192,41.22557811926772,1.7495868301986863,0.6806931747243097,23.46810116994438,6.548895383417792,0.3174274188462983,35.51752342454264,1.4640438142825278,100.21120271375474,7fae7949,206.5,4.9,30.1,286.6,8.1,25.2,222.3,4.5,27.7
0.21836823727578122,0.1814023958692412,U10,MAD_M6C12,12.852912250987783,4.415001051140468,WPG,SSPG,0.08082867456250227,0.09036320674666758,0.012560138105872138,0.9949822550404207,62.65989009555547,0.4760944484625153,0.9070477695460653,51.642270079771166,1.9606787403894566,0.7556617729392511,106.93456406649538,2.6576917975257373,221.236724241822,38d7ab6b,233.5,4.6,25.2,254.5,9.1,22.2,275.5,4.3,26.2
0.1982119208763796,0.18718147740295155,U12,MAD_M6C12,6.453548680680193,4.248280607596885,SSPG,CPG,0.1011191992658708,0.09720428566638403,1.4954547289283449,0.491273502279628,187.6324980037197,8.73704440675407,0.015950568305111802,270.78979925363984,5.722532802878909,0.38253954486070163,151.7672418257234,0.8897636154454415,610.189539083083,a4c1e9e7,183.5,3.9,30.7,294.2,8.7,24.2,206.8,4.6,28.5
0.21488927809799369,0.19249367887013272,U12,VT8020,5.084487923540499,5.263453604668749,SSPG,CPG,0.07970539405813387,0.08708090752694814,0,1.0,1000000.0,2.938983699799942,0.4985795119169092,74.18367848637277,4.3710256212066625,0.502111539311312,70.19333423079213,2.0006910512282214,1000144.3770127172,0dd1d298,114.2,4.7,25.0,241.9,7.1,24.7,95.8,4.3,32.7
0.23817589415279944,0.15426269361587477,MN8014,MAD_M6C12,10.647402446845629,4.027978699150366,CPG,CPG,0.09912406460259854,0.0902771188317476,0.021989462824451467,0.9912235563292319,4.564832590028368,0.009334892392374002,0.9981338929236849,3.1178492986959503,0.6408284002898883,0.9163813734663177,0.23891304117176626,2.9057388227192344,7.921594929896085,6d1941f0,254.9,4.6,19.7,360.0,7.0,26.9,208.3,5.4,33.7
0.22876154426946627,0.15292610551401503,U12,MAD_M6C12,4.233704333110566,4.011596536429579,CPG,CPG,0.09323647633417191,0.082709137102041,1.337633184404255,0.5365172276790767,21.76952311904061,2.8428992546250025,0.5122409107944733,26.39048080623564,0.5092284281525424,0.9332553810998331,12.418696777421374,1.9820135195733832,60.578700702697624,3cfc29b6,199.5,7.0,26.1,265.4,9.4,35.7,236.3,4.6,25.0
0.25754093990587107,0.1500638515177008,U12,MAD_M6C12,5.078223381730156,4.470524210130119,SSPG,CPG,0.06433899668854291,0.10407101395695009,6.984793290812277,0.15757617629013718,14.46491870178991,6.183846285946353,0.14563029169285446,14.613451875542737,12.48177087701272,0.028184346292716836,128.22644807050307,0.3313908142757085,157.3048186478357,80bf2bdb,249.8,4.6,25.9,258.2,5.7,25.3,185.3,5.3,34.2
0.23469470971142362,0.15625234184560388,MN8014,MAD_M6C12,4.090108694005683,4.012220012241854,SSPG,CPG,0.07927478030449918,0.08537763811681479,2.8634002320805094,0.18260234273094486,18.676307294271933,6.148907220126899,0.14830915599190728,46.178205928999525,6.651498054430196,0.30976659882303476,54.26378716012346,0.6406780975458869,119.11830038339491,f614d680,229.8,5.1,26.7,211.8,8.2,32.9,174.2,5.7,30.3
0.2530990734580083,0.15096986376596208,U12,MAD_M6C12,4.0865976964867805,5.293172873123713,SSPG,CPG,0.08810308569661057,0.09146849731981369,8.74616941370901,0.5613514110483564,78.74435933682648,3.8511997434343095,0.37807744595142306,56.65026219483339,11.831122743176422,0.044630146972505426,70.31952703472429,0.984059003972285,205.71414856638415,e6736544,179.8,6.3,32.2,272.1,9.6,23.8,171.5,4.5,26.7
0.23982152956366604,0.16293038329061452,MN8014,MAD_M6C12,5.780741058405344,7.009828934472608,SSPG,CPG,0.08211215239546803,0.06033369185490191,12.153030621706186,2.046633883002656,76.82310944256737,4.36910637660145,0.31706962998030447,111.72275961933099,11.15886168031638,0.06557486040418628,46.384918350956376,2.4292783733871466,234.93078741285476,e758a857,144.6,6.2,27.6,361.5,7.9,25.8,222.1,5.9,28.9
0.24699371878822235,0.1843995159776107,MN8014,MAD_M6C12,4.313596548983401,5.800351585820165,CPG,CPG,0.08222065877275136,0.08344974572051728,0.7589049337404357,0.7194754944420488,7.077589633352048,0.838376581016716,0.8393534367126297,7.077589633352116,0.9678184267608182,0.8751205320193478,7.077589633352112,2.4339494631740264,21.232768900056275,d9f9030a,170.9,4.3,28.0,247.8,7.6,31.7,262.0,3.5,23.2
0.2153871957565619,0.16663988846702218,MN8014,MAD_M6C12,4.988405826895699,5.873757965362357,SSPG,SSPG,0.0779223643132037,0.08462130440789617,5.573989912375184,0.013178576780338874,19.237861550218508,3.81012460465574,0.38314557409888256,62.743195776508934,11.993169145967073,0.040182363487841696,63.3081916722601,0.43650651436706317,145.28924899898755,4b1ad212,240.3,5.6,31.9,310.2,9.1,26.0,175.1,3.9,43.3
0.25031092723870085,0.15001810218419578,U12,MAD_M6C12,6.5534011442654645,6.228551835756599,SSPG,CPG,0.08769191605925149,0.10608993273416861,0.07316172539661879,0.9709494153638729,17.37022213743434,1.1474139292432137,0.7836828014015708,23.896479749019388,7.069087773984793,0.2795527499411444,32.50237913616881,2.0341849667065883,73.76908102262254,35e302de,241.0,4.6,24.7,277.7,7.5,27.2,191.9,4.9,35.1
0.24893522516120814,0.1680378743438955,U12,MAD_M6C12,6.483187334776004,7.513152122523519,SSPG,CPG,0.09684950095325288,0.0922678546828111,1.8101693495008084,0.4070007831545638,32.592017277681485,2.54506601943667,0.5557604065455782,41.04680823042372,2.184479664415563,0.7299447176523478,43.5375268263125,1.6927059073524897,117.17635233441771,39beefa9,263.9,5.3,26.7,263.1,6.5,31.8,226.6,3.5,27.0
0.2593125285138534,0.15355390080647482,MN8014,MAD_M6C12,4.000658595890122,5.03660866455831,SSPG,SSPG,0.08894642491170891,0.05090169873634543,0.058179027707414545,0.9768637808876336,25.86424849406827,0.25488578647254273,0.9496725103469489,19.741385165674103,0.32190665388704237,0.9575396634542467,20.09973347340907,2.884075954688829,65.70536713315144,4f73b504,305.6,6.6,22.5,340.2,5.9,23.4,357.6,4.7,23.9
0.2673781833365025,0.196428892052727,MN8014,MAD_M6C12,5.955890613197838,4.111335848191634,SSPG,CPG,0.089826436547784,0.10855086466325437,7.79890465089832,0.31335468979281,49.97321852050715,10.661484424852112,0.004375616443219299,56.08569611320571,7.075010552439768,0.27913536775084896,46.533600933949906,0.5968656739868783,152.59251556766276,b5912a75,212.6,4.7,24.0,198.2,6.1,23.7,217.0,5.9,22.8
0.2648354088565782,0.19037446340010533,MN8014,MAD_M6C12,4.0005626877680305,4.036000390181636,SSPG,CPG,0.08178545511811637,0.07335654291889965,0.9136090810545388,0.6679436296975974,75.5970435448963,0.08385118717802978,0.9833000727803056,32.697010499213604,3.314682228442715,0.6068740063212111,62.87373060003022,2.258117708799114,171.1677846441401,13491204,274.4,6.3,23.5,362.0,8.0,36.6,206.9,4.0,24.2
0.2410063081906481,0.18936075421850376,VT8020,MAD_M6C12,4.79024180989598,4.445746718500053,SSPG,SSPG,0.08723796513334639,0.10035562937794332,0.5281718897681403,0.7998898658983938,39.47472126553517,1.4543416072380322,0.7302827736578306,44.97031577112743,1.2307978198283291,0.8426263496819748,35.38715817964947,2.3727989892381993,119.83219521631207,482f5e42,251.4,5.7,22.0,326.7,7.9,33.0,245.1,5.4,24.0
0.23823459985134557,0.16580068642900803,VT8020,MAD_M6C12,4.584261264974383,5.64082826820346,SSPG,CPG,0.08610600419580948,0.08051569306162887,2.6469850994893385,0.22146716488100793,33.54581861175361,2.9854671894194205,0.4920367055071148,31.901019339153976,5.858027567248755,0.371447377605261,34.90343159640919,1.0849512479933836,100.35026954731678,0fe100f4,176.1,5.7,18.9,284.7,7.9,35.2,197.6,4.4,30.5
0.23992648937840647,0.15257775178208707,VT8020,VT8020,5.579411034839925,7.791005913241583,SSPG,CPG,0.07891794987013417,0.07931070390848786,2.7890523842542407,0.19553157438287427,82.29077968808173,5.153164781815697,0.23491811632231682,82.29077968808166,4.992890339567171,0.4450766389152357,82.2907796880817,0.8755263296204268,246.8723390642451,6eb2c125,301.7,5.3,27.1,399.9,6.7,29.6,226.8,5.8,29.6
0.21374871281652075,0.1509098032949981,U12,MAD_M6C12,5.180351779668698,4.742397504549381,SSPG,CPG,0.07752513864470442,0.07488605145350148,1.8071331620933615,0.40777594578415755,11.242954281222774,3.3594082824219704,0.4409745835956592,8.247909063260773,0.8108560948535032,0.8948080211598044,16.560449563135904,1.7435585505396212,36.05131290761945,6fa32186,229.2,4.5,18.5,299.4,7.1,32.7,189.5,7.7,27.3
0.2334921591083286,0.16062841948583587,MN8014,MAD_M6C12,4.9944225874944435,4.008866544386418,SSPG,CPG,0.08284835340233251,0.06928505633544928,2.3246332279026403,0.2863034946097058,39.41229382620163,1.5085922080943779,0.7210400628843553,40.166096038163566,0.1620965971777433,0.978503899517708,11.91153335934105,1.985847457011769,91.48992322370624,80a33359,243.3,5.8,13.7,323.5,6.2,22.0,234.9,3.2,29.0
0.21136368950708687,0.19336936371409005,U12,VT8020,6.456326715594142,4.3822207824414505,SSPG,SSPG,0.09109295370155084,0.07612794806221497,6.082464456094242,0.04686917194829615,273.4000088074894,7.261763295067769,0.07497940252238125,175.13720489639215,6.827919352445672,0.2968128982672531,268.72334456790287,0.41866147273793053,717.2605582717845,25702f8e,221.5,6.4,16.1,143.3,7.6,37.3,232.1,5.2,31.6
0.2689287614645194,0.15254776274660045,MN8014,MAD_M6C12,5.309600032882262,5.413120243074612,CPG,SSPG,0.07597814252061653,0.07909620956882818,7.254059073599728,0.20323129229109055,95.02388620293875,9.418954085235509,0.0033761435506450446,95.29039679528164,8.333037911379876,0.19754837107154674,83.08898164651463,0.40415580691328234,273.40326464473503,fd254ee9,230.7,6.0,25.6,252.6,5.1,35.4,267.1,3.7,31.0
0.23806446122655534,0.15362163832279901,U12,VT8020,4.302067435520331,6.017149492321118,CPG,SSPG,0.08849995027605727,0.09291085024198328,1.0275314559487798,0.6312202533390568,12.327789484614279,1.0281439933293715,0.8049420020443184,12.327789484614254,1.0951165157152631,0.8593145987179308,12.327789484614277,2.295476854101306,36.98336845384281,02ee7789,191.5,5.3,19.0,267.4,7.3,25.2,285.1,6.1,27.7
0.23853728933013857,0.15032890128168122,U12,MAD_M6C12,7.125189648687985,4.473011518283527,CPG,CPG,0.09391915974512767,0.08247896815021176,0.22469983762083298,0.9121396656327398,7.680401924368988,2.219033404907637,0.6054344115394324,8.727936433556176,1.5895920022718057,0.7992846340690325,23.768183245734743,2.316858711241205,40.17652160365991,d80d006b,252.9,5.7,28.6,311.5,8.8,22.6,299.8,4.5,30.8
0.27285046473019,0.15620292314521883,MN8014,VT8020,5.3704647595771,4.763618500479569,SSPG,SSPG,0.0929983720941788,0.10995878518311214,1.3058533370453131,0.5458687826967699,70.36954560857784,0.16927663638329762,0.9664312185195929,47.819806217632014,7.064693976267821,0.27986258529013425,51.91951248823481,1.792162586506497,170.10886431444465,c2168db4,265.1,4.7,20.7,274.2,8.3,26.7,179.0,4.3,22.2
0.25026826794914436,0.16608469956784866,MN8014,MAD_M6C12,4.328156700072393,7.625875165679099,CPG,CPG,0.08200937411524156,0.1063670799190321,1.50881310001198,0.4875354388259185,68.51040741668947,1.6831928095323532,0.6916928184341433,68.51040741668945,1.6473366921996697,0.7924160773843435,68.51040741668945,1.9716443346444055,205.53122225006837,2beaec4e,137.7,4.9,22.9,246.0,7.2,37.1,224.4,3.3,30.3
0.23212730717117816,0.154525982676201,MN8014,MAD_M6C12,8.885578925468543,5.198181788470642,CPG,SSPG,0.09466024867812256,0.08438855827828841,0.3231819008489157,0.8749051013018865,26.87210205949827,1.0906739932986576,0.7937608989368486,111.73173183511932,1.3011264133824265,0.8340406112983494,4.660120246542215,2.502706611537085,143.26395414115981,33fb05d1,244.1,3.6,23.4,307.6,9.0,22.9,182.8,5.5,27.7
0.20843170958302462,0.15233516241353612,U12,MAD_M6C12,5.898939198528367,4.306049088681814,SSPG,CPG,0.09433465595088533,0.08425933821413809,2.6690189484768614,0.21733890650239668,17.398619639928278,3.3435249617013505,0.44308659935493017,52.56748096433983,4.496433432754944,0.4903329361446581,58.73108251506149,1.150758442001985,128.6971831193296,30d21dd2,274.4,3.6,18.5,283.1,5.2,24.8,275.3,5.9,25.3
0.26845288583244276,0.15036639867134577,MN8014,MAD_M6C12,5.146151602472712,4.000377603143327,SSPG,CPG,0.08255844125772947,0.08376419134449924,1.1761834327467524,0.5848629256000164,71.85177287659447,1.027093143997203,0.8051305744650201,87.99375829474556,1.8130712469913064,0.7728670663863441,81.11479810214593,2.1628605664513807,240.96032927348597,dc389f7a,265.5,6.4,17.6,334.1,5.5,32.1,280.5,7.4,24.5
0.22683515096628656,0.16239204150307093,MN8014,MAD_M6C12,8.184265889162743,4.154458533384596,CPG,CPG,0.09361860341457334,0.08178827483577875,0.04236868022994869,0.9831243321105978,6.2983306945884285,3.7890635513409525,0.3857573156928147,15.994271970062197,0.0006496859472215245,0.9999133770830008,2.8820525849134966,2.3687950248864134,25.174655249564122,ac17cd3c,289.1,5.5,22.3,227.5,6.8,32.5,284.2,6.5,19.9
0.24755692279340982,0.16668109784733834,MN8014,MAD_M6C12,9.27799493161025,4.067584081238793,CPG,CPG,0.08753145287050036,0.05655598671114532,1.2092649828956117,0.5747868787960564,17.71212653473695,0.004571154038716822,0.9990859781467493,1.3924389064036686,5.040976228848122,0.4408095754416363,17.427383081712964,2.014682432384442,36.53194852285358,607bc383,179.3,7.4,17.2,388.5,7.9,28.6,268.6,8.2,29.1
0.1934475133014144,0.17191850847041595,MN8014,VT8020,4.377034374386345,4.470645536048259,SSPG,CPG,0.09282433656253472,0.06875424362772968,1.9500223501254772,0.3720945465893647,113.14569057655146,2.49982648019522,0.5625260282718083,179.78812819913793,13.564592293171273,0.009157312376992462,20.016932114818953,0.9437778872381655,312.9507508905083,367d4660,183.4,3.9,11.7,368.1,8.8,33.8,269.9,6.5,28.4
0.23802820801887564,0.16839386780106658,U12,VT8020,4.438681292225747,10.140223045685488,SSPG,CPG,0.10665611449875037,0.072249895832098,1.4065145959217829,0.5165254939729275,181.7840492331005,2.225891587265147,0.604367616129548,181.15518520369002,2.291270313965101,0.7178302677009099,198.48158504788015,1.8387233778033854,561.4208194846707,1a49cb96,266.0,6.2,20.4,348.0,7.2,32.4,193.3,6.5,31.1
0.23579263335618234,0.1655952317167894,MN8014,MAD_M6C12,4.0028923936003835,7.211889369154571,SSPG,CPG,0.08930163459331568,0.08322921800782071,1.4356072926778611,0.5081958148804498,68.80554568079954,1.6417134018310429,0.6986095485713081,68.80554568079957,1.636122581255712,0.79374764294766,68.80554568079955,2.000553006399418,206.41663704239866,a638d01a,183.1,6.9,24.0,240.7,8.6,29.5,238.0,5.8,22.2
0.23926715347796662,0.15047233163398474,MN8014,MAD_M6C12,6.569294718747043,4.027257745105827,CPG,CPG,0.10316071284387195,0.07042246036889149,0.7540558749809257,0.7211216605113595,63.703526390425544,1.2977027852603256,0.757299768136659,79.97549217205274,9.369569699700733,0.14089664607345817,74.32948811436738,1.6193180747214766,218.00850667684568,8cbfe3df,191.1,6.4,19.5,325.1,6.0,26.2,184.9,6.1,30.0
0.2481117060776154,0.15110338079113197,MN8014,MAD_M6C12,4.731169344084198,5.701240778948774,CPG,SSPG,0.09712516314097858,0.07883899761196828,0.44293452749826,0.8306738288267002,17.24212298437189,10.124370745660906,0.0001546808237624982,79.70415683589766,4.958438612230456,0.4481464671304187,56.207171533951055,1.2789749767808813,153.1534513542206,212e2f26,305.5,4.5,18.8,243.2,7.4,35.3,257.8,8.7,29.5
0.22608829815346593,0.16413945649254444,U12,MAD_M6C12,4.025998063013994,5.689593477128205,CPG,SSPG,0.09115377645669735,0.05336990501286527,0.07186842478207842,0.9714592329063949,11.676215520919849,1.0653867616488082,0.7982731371892038,27.360434323676465,1.6171124949529634,0.7960074576566405,25.39142644228609,2.565739827752239,64.4280762868824,7eed2b11,267.1,6.4,12.7,290.3,5.3,31.4,261.9,6.8,28.2
0.23449719534034763,0.17948662085333078,MN8014,MAD_M6C12,13.013325488128055,8.24116323905461,CPG,CPG,0.09806445126948055,0.08059384198782905,1.219735342149501,0.5716160353357421,42.392244457580574,1.5238904518091527,0.7184443307293203,60.49692829226723,0.663768729521645,0.913455675736184,109.42098802257307,2.2035160418012465,212.3101607724209,85bcf214,265.0,6.0,26.3,248.2,7.2,23.5,205.7,6.6,20.4
0.23116846775323918,0.15659876802666006,MN8014,MAD_M6C12,7.032111914666895,5.071417867552248,SSPG,CPG,0.09266325796889394,0.08230970975859522,1.692466912110983,0.4375910050992263,18.693924639672684,0.042111609437955486,0.9915954119889033,40.851331986923064,0.02606231516318055,0.9965280435083389,3.347671522644185,2.4257144605964687,62.89292814923993,25461fe0,303.3,5.6,17.4,284.4,7.1,29.0,289.7,7.0,19.4
0.23181030930331645,0.16395429776810036,U12,MAD_M6C12,7.5981197963117095,4.092978483642733,CPG,CPG,0.09257542572967747,0.08618301661220558,0.04194543314334686,0.9832922035171244,0.4235465473201834,2.453828653441869,0.5694470199161494,33.55480270518627,15.466783947599762,0.0009683877943858537,215.57114112664786,1.5537076112276598,249.54949037915432,86a8b8da,233.2,6.2,18.8,291.2,6.6,32.1,269.3,7.6,20.9
0.2586190060544371,0.19336620501348933,MN8014,MAD_M6C12,4.8826265635159665,10.216473254773518,CPG,CPG,0.10532660504912832,0.06145577859507324,0,1.0,1000000.0,0,1.0,1000000.0,0,1.0,1000000.0,3.0,3000000.0,1061c7c1,256.6,5.2,22.6,334.5,7.3,34.6,306.6,7.2,22.4
0.2430032985587593,0.16092896676815732,MN8014,MAD_M6C12,4.860621837896273,9.463505162522704,CPG,CPG,0.0961829868159679,0.06258998921856007,0.7005957270751586,0.7393950840817752,79.78669876625139,0.8236095152466368,0.8420614232867206,79.78669876625145,0.9203266632574464,0.8810542278639076,79.78669876625138,2.4625107352324034,239.36009629875423,e8a7373b,183.6,5.8,14.1,376.9,8.8,34.4,230.3,7.0,16.8
0.24534422507209408,0.15798324147691198,VT8020,MAD_M6C12,4.609155204056506,4.869073961438111,SSPG,CPG,0.07245753565152585,0.07109264406471041,1.902381620250278,0.3838095850625317,17.73508931749268,7.8073455733146035,0.048077334348630645,61.27692647378664,0.6525598751385077,0.9148846139399359,30.04672048203907,1.3467715333510983,109.05873627331837,a669d5f9,275.5,4.2,23.7,286.3,7.6,36.7,262.7,6.0,16.8
0.24195612011666773,0.15023678705686083,MN8014,MAD_M6C12,4.000363704494803,5.459448480287484,SSPG,SSPG,0.07386846002566397,0.05658916060396198,0.22788100077677093,0.9109247897098927,15.008347596168319,0.24674225344431544,0.9512603667074847,15.008347596168338,0.253147082889381,0.9665318709284175,15.008347596168335,2.828717027345795,45.02504278850499,47b43e86,256.9,6.8,15.6,222.5,9.5,28.3,309.4,6.6,29.0
0.23962131779658083,0.1528671036447254,VT8020,MAD_M6C12,4.886452267201341,4.278236510301163,CPG,CPG,0.08488136968556048,0.061205135927158025,0.19145619247554588,0.9248837419552708,17.114344558681534,0.21564689597011472,0.9573356566433924,17.114344558680358,0.22195688411964382,0.9706247037103056,17.114344558682507,2.8528441023089686,51.3430336760444,b81c12a4,233.6,5.2,18.7,297.7,8.8,29.0,240.8,5.9,24.4
0.25179202822773905,0.15503111373632655,U12,MAD_M6C12,12.351649199818414,6.6510281308613255,CPG,CPG,0.10366234625772414,0.0827018667633255,0.946379935986405,0.6572734249349432,23.701376575631457,2.5387768048997152,0.556698515671025,44.908553208710934,0.9942132313799983,0.8718313911468938,25.01335300243647,2.085803331752862,93.62328278677887,0c71e5aa,324.1,6.3,15.5,212.9,7.3,32.2,265.7,7.2,22.7
0.22323401856780037,0.1500199714474976,U12,MAD_M6C12,4.479227908556642,5.243322727932824,CPG,SSPG,0.10837746319901242,0.055363211159466075,0.017085492142170915,0.993177479704801,0.6089871825398765,0.1278544542965464,0.9745925767555254,8.948197044711208,1.1261857582284156,0.8554787627341511,66.1644987148497,2.8232488191944776,75.72168294210078,8bef31b8,293.4,6.9,20.4,267.2,8.2,24.9,259.6,5.4,29.5
0.27435841174126363,0.1879705692737943,U12,MAD_M6C12,7.123093727631886,15.112868101009322,CPG,WPG,0.06549230315585271,0.07019902807018771,1.477642472560914,0.49628010204427153,6.34388609900291,6.489921615827545,0.1232065026303471,45.707249823490784,5.858916007462238,0.37137518470502273,66.71720375156704,0.9908617893796413,118.76833967406074,e8a55c94,279.1,7.1,14.2,295.7,6.1,32.6,317.3,7.1,15.7
0.26429578395915304,0.15712034894991672,MN8014,MAD_M6C12,4.085113796208991,10.074942625993891,SSPG,CPG,0.10053356903382009,0.08313647708517993,0,1.0,1000000.0,0,1.0,1000000.0,0,1.0,1000000.0,3.0,3000000.0,c2c16cbb,339.4,4.2,14.1,236.6,6.3,27.9,305.3,6.5,20.9
0.2324374997472228,0.17072190496972367,MN8014,MAD_M6C12,4.615114438436373,6.705344085263105,SSPG,CPG,0.10390337273532621,0.07531233429691184,5.623932145046639,0.015571652864899987,97.50351510162477,6.578382509478532,0.11707466251442428,97.50351510162481,7.0384585422979775,0.28171618836759127,97.5035151016248,0.4143625037469155,292.5105453048744,4887ced7,407.2,6.2,16.9,404.9,7.6,27.9,285.8,7.8,20.5
0.2389837293087227,0.16212930102720635,MN8014,MAD_M6C12,6.438370516660588,4.195312029110217,CPG,CPG,0.08999807835150943,0.05257826618204665,0.13196289251942475,0.9479114111923137,13.11055523683998,3.041227868494348,0.48424509578219727,27.138036835339317,0.02883934839238925,0.9961584500277512,3.7985938179960814,2.428314957002262,44.04718589017538,9dd9f921,291.1,7.3,16.9,303.2,9.0,24.3,299.7,6.5,27.3
0.23378455098053708,0.1924850908362734,MN8014,MAD_M6C12,4.011384475352294,4.0166270903526,SSPG,CPG,0.06298569383886854,0.06146901532645488,5.368696459512765,0.005437483170289909,68.97410328080753,5.923564997134345,0.16617322332588316,62.58362621664086,6.156714899552509,0.3475719616346516,61.85927037009546,0.5191826681308247,193.41699986754384,b7f6190f,207.7,6.7,18.1,265.5,9.9,27.7,291.4,5.8,29.9
