thigh_length,calf_length,motor_left_name,motor_right_name,gear_left_ratio,gear_right_ratio,gearbox_left,gearbox_right,torso_distance,push_duration,best_index,best_cost,ac1,ac2,ac3
0.24590246978824826,0.24282338843908763,U10,MN8014,16.447936195467335,20.40133730946283,WPG,WPG,0.10603477088739913,0.11214661844792073,1,-33.678689997187156,132.0,5.6,26.1
0.2674468721808966,0.2600953605077986,U10,MN8014,13.802754958586604,19.571820407540102,WPG,WPG,0.11028815960862093,0.1278757222600715,3,-106.47098371757264,212.4,7.3,32.3
0.23398704627616843,0.2573946841475975,U10,U12,8.461896627008024,14.699882464744924,CPG,WPG,0.10414400441661364,0.1220048263471657,4,-88.5256289803663,199.5,5.2,31.6
0.22563319101726242,0.2623131664540296,U8,MN8014,13.005792627535321,11.157727189367483,CPG,CPG,0.10052336409560436,0.13209738413468972,2,-104.12349707529414,223.3,7.8,28.8
0.22372867161530408,0.28162690008783664,U8,MN8014,9.933730718034557,14.597300273489681,CPG,WPG,0.11941966794773476,0.12105140838752806,1,-106.53379423554885,186.3,5.7,30.7
0.18611405993346714,0.2694533759084066,U8,MN8014,4.720474636347526,19.28424631452168,CPG,WPG,0.1197464067967757,0.10371128550982242,3,-113.6697739669347,225.4,7.2,31.4
0.18816935472349308,0.2773665577214607,U8,VT8020,7.611910465942593,18.47164658968031,CPG,WPG,0.113940058745509,0.11057910718302022,0,-125.92852017774867,274.7,5.7,33.8
0.16958407563375577,0.28374524605835283,U8,VT8020,4.313364380352317,23.145965067794442,CPG,WPG,0.09846394210935876,0.09031754567730471,3,-192.71726268380414,288.3,4.5,30.8
0.1541215662263096,0.2763124223061892,U8,MN8014,4.2240672044419885,24.21870052758157,CPG,WPG,0.11585708320176925,0.07971407126115267,7,-202.30237630306672,366.4,5.1,30.4
0.17670061820068453,0.29819540882627127,U10,U12,9.78659291781403,36.20583607186567,CPG,WPG,0.1390179996000282,0.11363321202052463,0,-206.2733363629453,336.6,4.0,25.7
0.15168155981404427,0.3024168035236252,U8,MN8014,6.780904616023078,28.93158832946351,CPG,WPG,0.12701708019253666,0.09770109858876605,2,-280.71514797069193,374.7,4.6,29.9
0.15330293793453273,0.26720455478554683,U8,MN8014,16.839588477036376,26.598533102113137,WPG,WPG,0.13108650910578956,0.0660974076813345,6,-297.8203479028722,364.7,3.7,28.8
0.15618229351649524,0.2514946634681044,U8,VT8020,15.171670553766273,39.63829865691375,WPG,WPG,0.12827006898327098,0.05955277413723917,1,-274.97764654164547,469.5,2.0,26.8
0.1694848524985122,0.28644042564321526,U10,VT8020,12.044224893027394,37.681462978801456,CPG,WPG,0.1268225640445454,0.050595725044827525,3,-280.00006093889834,410.7,1.4,29.1
0.162994971172645,0.26616522535057585,U8,MN8014,9.78522730371029,41.95617787168612,CPG,WPG,0.14793375814303503,0.07707449130150165,2,-270.24186855865764,450.0,3.0,25.5
0.1730645682947291,0.28943913812571587,U8,VT8020,7.119182749088932,47.00327904089607,SSPG,WPG,0.14129149655368584,0.052129413372449605,0,-212.15834571333897,446.8,1.8,31.1
0.18061202393335507,0.3148360979444652,U8,MN8014,8.258986093961333,56.18211036011022,CPG,WPG,0.14551884015918937,0.05618855497694756,5,-265.42329815003797,497.2,1.4,25.7
0.19967369265191987,0.29009138832185855,U8,MN8014,14.983315239740383,43.34014692405297,WPG,WPG,0.14465248635640918,0.0697892506471185,5,-195.26084070583138,496.7,0.1,29.5
0.19351359704918808,0.3341146754110724,U10,MN8014,5.93391693439402,39.7657451377621,SSPG,WPG,0.14930036695985036,0.05088434672905794,7,-237.16557801724414,482.6,0.1,29.6
0.2186383657340889,0.3483250256565903,U12,MAD_M6C12,4.122929277326196,51.04841521731527,SSPG,WPG,0.10933134812252693,0.05825095586103075,2,-260.0669557948983,458.4,0.4,32.3
0.18006842793255295,0.3450492507917216,U10,MAD_M6C12,7.366817846411563,49.985746469639516,CPG,WPG,0.14236498539292652,0.05709530779683161,0,-251.01122631127092,417.9,0.1,28.9
0.17907022964206953,0.3122753878916203,U12,MAD_M6C12,4.440973447445996,40.509263317164354,SSPG,WPG,0.12736853996146713,0.05035404215628548,2,-215.49687497490726,499.4,0.8,26.4
0.16525800465255622,0.34994002796822044,U12,MAD_M6C12,4.034669506799323,45.09594871107995,CPG,WPG,0.1437707176266061,0.05948704863383386,7,-261.1794094272712,434.3,1.4,39.0
0.15019676921608296,0.2943437445282572,MN8014,VT8020,4.016710093853792,33.676528723492595,SSPG,WPG,0.12304075438259378,0.06840241881416863,7,-261.8424294682905,495.1,2.0,23.3
0.15437455810755077,0.2836339324417452,U12,VT8020,4.160938748555935,32.776544914205,CPG,WPG,0.1305426048710247,0.06882528534440009,2,-264.93381342556387,439.3,1.3,27.1
0.17273728758303264,0.2932481028380871,MN8014,VT8020,5.30940442849513,52.482286371662,CPG,WPG,0.14897140427820388,0.09340699280949177,7,-255.46796101711863,491.2,0.1,24.2
0.19016955419893078,0.3221588965626895,U12,MAD_M6C12,7.236828676212053,59.966333828595914,SSPG,WPG,0.14694808316700203,0.09665885463192125,2,-271.48771937916763,432.3,1.4,19.2
0.16445704129445984,0.30652212482798535,MN8014,MAD_M6C12,4.111121920984028,59.79453447168258,SSPG,WPG,0.14678573000801437,0.06433454581228057,5,-239.61194189740684,371.1,3.5,26.4
0.1515572747330467,0.31120566426884244,VT8020,MAD_M6C12,4.823944138244739,59.000058016499985,SSPG,WPG,0.13121844032580357,0.06816672908239495,3,-226.83725921098397,479.8,0.3,19.9
0.17537605158003458,0.34159068819770944,MN8014,MAD_M6C12,10.103518825150449,59.89637124086067,CPG,WPG,0.14686871855662567,0.08021778203573192,0,-329.4361460307569,446.1,1.9,21.4
0.1814078882587476,0.30889081545638897,MN8014,VT8020,5.840827869709228,59.149066092845565,SSPG,WPG,0.11907890637352646,0.05780357803856439,7,-238.81772317597446,495.7,4.9,24.4
0.1502378466050176,0.28041613105703156,MN8014,MN8014,9.14068868593288,59.06001641149645,CPG,WPG,0.1349195889686099,0.07529951364985471,0,-302.10993688036456,386.6,4.2,31.5
0.1762633993501758,0.34070075007009454,MN8014,VT8020,9.582894628663858,52.65997386306529,CPG,WPG,0.11005272798445884,0.05180362566715939,2,-289.06717457778774,419.4,4.8,25.5
0.15128016099056932,0.32962856338775604,MN8014,VT8020,6.8960223358471,53.7051045719051,CPG,WPG,0.13928048778830704,0.05095078339550586,3,-312.30751679435565,361.6,0.4,21.2
0.18632696526403014,0.3482331860785857,MN8014,MAD_M6C12,5.974110958364384,59.793026834213,SSPG,WPG,0.1254482494091967,0.05276733012049231,5,-288.8948653715348,409.9,1.2,31.6
0.20997552349144472,0.34135584140118946,MN8014,MAD_M6C12,7.3043137421054025,59.989612666289716,SSPG,WPG,0.12688494562678482,0.08944565838668556,7,-284.4324355972382,411.2,0.2,22.5
0.21551068582311103,0.33947667077662236,MN8014,VT8020,10.57397455692664,57.80096840702041,CPG,WPG,0.13489277790418985,0.09372605848787813,4,-262.48831625814904,456.5,2.2,32.4
0.1944936728056198,0.31685198111603263,VT8020,MAD_M6C12,4.087869376926501,57.101050122047994,CPG,WPG,0.11880346223792061,0.07773005896151139,2,-254.05033933127177,499.7,4.4,23.0
0.1734644844273301,0.34831334654403123,MN8014,VT8020,10.183246680957566,59.95973325633307,CPG,WPG,0.14182247854713215,0.08660635112669501,5,-330.2515020480156,497.9,0.5,24.6
0.16060653739223332,0.34999742779856435,MN8014,VT8020,6.563644709765299,59.616735161969196,CPG,WPG,0.13497901822363978,0.07423749396635608,2,-282.57662776006634,486.6,1.8,31.0
0.1739752033440995,0.32795151245033094,MN8014,MN8014,4.086680669338633,48.64979434356254,SSPG,WPG,0.14811720290020747,0.07541245517756913,3,-213.36909128243826,492.3,0.7,36.0
0.15000064421661857,0.3466937492421977,MN8014,MN8014,4.355842512321919,56.248915974068986,SSPG,WPG,0.14438707003596177,0.07416232586912756,3,-246.98420404537333,474.7,4.2,30.8
0.15172702482785932,0.347181668632745,MN8014,VT8020,4.650896847265402,57.58220101830559,CPG,WPG,0.14106812319682593,0.050000039124892204,2,-286.0420887060551,433.1,1.8,32.2
0.1553495277623059,0.34777566508793695,MN8014,VT8020,4.685322659326879,59.94553736340328,CPG,WPG,0.14104520061336845,0.05551141439773283,6,-243.2342743415223,339.6,0.0,31.6
0.17676374796723396,0.3265686994810393,MN8014,VT8020,6.2153925249533915,43.003130905693304,CPG,WPG,0.1383867234459501,0.07785581253194757,5,-292.9727366841418,473.7,2.6,38.8
0.2196484249689935,0.3188848100904097,MN8014,VT8020,4.037348740980174,55.69209127977727,SSPG,WPG,0.14368230161722273,0.0878294303176507,1,-228.35477397888556,439.6,0.4,42.2
0.20727818290328187,0.3057303198195638,VT8020,VT8020,8.634151506727996,52.96216669814486,CPG,WPG,0.14831755660125412,0.07604489377252407,1,-196.71083863508818,462.7,6.4,41.4
0.1986315595640587,0.34982997028533475,MN8014,VT8020,5.123665438189917,54.11875240398775,SSPG,WPG,0.14480418434629205,0.0500512313587781,1,-256.21041888398395,431.5,2.7,30.8
0.16823934746192676,0.34766396986808434,VT8020,VT8020,8.812669417346948,58.9451004973538,CPG,WPG,0.13675385899786807,0.05414700441668869,4,-262.2049652188396,437.8,0.1,27.4
0.17330734483839763,0.34937749340939,MN8014,MN8014,8.510067152839985,59.99966480759103,CPG,WPG,0.1473339030471854,0.05147155923313115,4,-334.63506927898425,500.0,2.1,36.8
0.19175758693972803,0.34563582749478594,VT8020,MN8014,6.784968968029934,50.2154689915509,CPG,WPG,0.14935304701250723,0.05149952657026119,3,-317.83996092776505,499.8,1.9,40.8
0.17630778836660665,0.3324828132936874,MN8014,MN8014,10.862028146779892,58.572160051527504,CPG,WPG,0.14928692258380627,0.056710356971797646,5,-279.325022746097,498.7,1.9,41.5
0.16685095289498753,0.336376596648318,U12,MN8014,6.334565282483403,59.7110379418307,SSPG,WPG,0.14925954908438066,0.07104698709880042,3,-318.30668016547435,500.0,2.2,38.2
0.17283867255774574,0.34111754661859034,U12,MN8014,9.457169449007276,52.67457080092484,CPG,WPG,0.14999649044664487,0.05177898090154065,7,-362.7247105814513,485.8,0.7,33.9
0.18636289304666254,0.3481109908240584,U12,VT8020,10.144964526161141,58.72948365893322,WPG,WPG,0.1474989954880376,0.051801603417447176,3,-345.57925578306964,495.6,0.0,30.4
0.17791779671960786,0.34994891644224657,U12,VT8020,6.897630068864831,52.37335974200309,SSPG,WPG,0.1488621753670667,0.05213750536716701,3,-346.9049765618144,434.9,0.0,39.8
0.16413527564633615,0.3473605392603711,U12,MN8014,5.101607597963494,55.026205739970045,SSPG,WPG,0.14574544547814067,0.05027629611132351,4,-363.1044965924517,491.7,2.4,38.3
0.1925573595469877,0.3224502437991975,U12,MN8014,6.056464364017534,47.655809759432444,SSPG,WPG,0.13104183940342085,0.055224159776719184,0,-293.0987305647383,499.0,0.4,36.5
0.1916254954705381,0.34639111619839524,U12,VT8020,10.04781087611383,49.57908230857571,CPG,WPG,0.12796571923290617,0.05020175694844541,6,-357.000864696973,496.2,0.0,33.3
0.17680905656595897,0.3493960087601653,MN8014,VT8020,7.315020698465624,48.68642454194683,SSPG,WPG,0.1423542977963497,0.07723931405681847,2,-326.1240597853932,497.4,0.8,36.7
0.16054529428680397,0.3497099439968989,MN8014,VT8020,7.06396044678907,43.66640788453379,CPG,WPG,0.1355575412285131,0.0897086600464545,4,-366.0316799969382,495.7,1.3,35.6
0.1597388861192015,0.3499618571253925,U12,MN8014,5.456259728766927,46.94339100713411,SSPG,WPG,0.13147685921889618,0.09704582348591582,2,-343.94143314362435,497.3,1.3,37.4
0.1888506881111247,0.33644560717088706,MN8014,VT8020,5.624518241611868,39.79891448389266,SSPG,WPG,0.13301801787161827,0.08364539212151922,6,-303.3368258656883,470.8,1.2,34.7
0.17168332227892485,0.34754459284423656,MN8014,VT8020,5.682834084292535,41.21322260068914,SSPG,WPG,0.12560465625565342,0.0916661260964211,3,-265.344812160846,441.3,2.3,29.2
0.17991399734338107,0.34119234710914964,MN8014,VT8020,7.526474985158184,50.812740317241435,CPG,WPG,0.1305568061895624,0.08543975437365692,1,-278.41172772262325,470.1,0.7,33.5
0.15595615938487334,0.3239522295492471,U12,VT8020,6.231708813738236,44.398959004747375,SSPG,WPG,0.11162677066761387,0.09636836926481143,1,-298.2696503139395,498.4,0.7,31.2
0.16971417927629562,0.34396124064353606,MN8014,MN8014,8.06322634582164,39.78430331602372,CPG,WPG,0.10412016102617977,0.10550943344111581,3,-354.0491748323682,497.2,2.1,30.0
0.17497554162587017,0.3491085945231765,U12,MN8014,8.363701806977623,48.46738855863189,CPG,WPG,0.11552380416482928,0.10564167595093037,4,-381.0316789728778,500.0,0.0,31.2
0.15785944607873026,0.3404760894593063,U12,VT8020,7.937864500475609,42.35874361690875,CPG,WPG,0.11959375332982895,0.10337064082423154,6,-343.4043101067136,498.5,0.1,35.9
0.16140508933832892,0.34397316309204623,U12,MN8014,8.981508798081673,49.76020422196558,CPG,WPG,0.11931040933920822,0.11139531569010591,7,-380.52538175918704,498.9,1.2,38.4
0.16044933288983082,0.349978666658724,U10,MN8014,9.317805819654946,49.48177670376278,CPG,WPG,0.11988610263521565,0.09914161337871705,0,-239.40688402266684,499.4,0.2,31.2
0.18243496390643188,0.33470945043689637,U10,MN8014,13.434264434800962,51.38523617817043,WPG,WPG,0.12740585288584783,0.0957722337936695,4,-295.0129266099736,485.7,0.9,33.4
0.16284536505061056,0.33009574593833363,U10,MN8014,12.358444990416157,55.26100589276388,CPG,WPG,0.1186937154746181,0.1236641112507889,1,-289.89636556683115,497.0,0.1,30.8
0.1592642511990861,0.34717463545788696,U12,VT8020,8.91444720559314,50.104488308634004,WPG,WPG,0.12485664750745336,0.10808158292830555,1,-401.4477793904323,500.0,0.1,30.5
0.16780779424018546,0.34307602073645405,U12,MN8014,10.801357404055771,49.88700759095684,CPG,WPG,0.13158670347035942,0.08768959759839723,4,-358.79532453989367,492.9,0.2,30.5
0.15360967088283647,0.3455369863860177,MN8014,VT8020,8.087959155134927,44.78414514211103,CPG,WPG,0.12746963473526637,0.1018679866522624,3,-340.5428316049691,495.3,1.5,28.5
0.15025282778607077,0.3499993669275094,U12,MN8014,10.384362963261557,48.498222950507255,CPG,WPG,0.12360119275059085,0.10749767676246579,2,-254.65939618051124,476.6,0.6,32.2
0.1515011832129635,0.34956619252173377,U12,VT8020,8.984665092652769,46.149759809052156,CPG,WPG,0.1222959443663798,0.10299024174757931,4,-357.2914621393175,497.8,2.1,31.6
0.15159771961831392,0.3495638136285854,U12,VT8020,7.811843307660119,40.418312668913785,CPG,WPG,0.12287776900935521,0.10124425024955569,0,-342.6340843945368,499.7,2.4,31.8
0.1533070968113522,0.34204067961437223,U12,MN8014,7.602509036434963,44.83207084218256,CPG,WPG,0.12398788716841369,0.11487087455649672,6,-365.5054831353112,489.1,1.6,30.6
0.15249565171369286,0.3494628819209554,U12,MN8014,9.641659700342766,48.407095744248174,CPG,WPG,0.1293905920116274,0.0850344897839653,6,-358.0890612233128,496.5,2.2,34.6
0.15066968564845065,0.3398057366033628,MN8014,VT8020,9.279066958258067,42.96954461826247,CPG,WPG,0.13635008109241548,0.08547321742727346,0,-327.28033908907145,485.3,2.6,38.4
0.15082014567228277,0.34740216099015736,U12,VT8020,8.41132384662836,44.78248886702638,CPG,WPG,0.1274288436324606,0.08932175193933939,2,-359.15315752301177,495.0,2.7,35.9
0.15602213394223408,0.34929628589746525,U12,MN8014,13.343830024544701,49.43783453116993,WPG,WPG,0.1274641443481696,0.08319935900627444,7,-377.8020353115765,496.6,0.0,39.6
0.15021694257992665,0.34931499646362696,U12,MN8014,8.629500942474422,48.27796193304939,CPG,WPG,0.1301200959543644,0.08441770347504104,1,-411.9700717018039,497.4,1.6,36.6
0.15023829390659846,0.3498907813255671,U12,MN8014,8.159844529659061,48.40898277528365,CPG,WPG,0.1273010949415947,0.09562023906388906,6,-332.2085316634189,493.5,2.0,32.4
0.1503848396871174,0.34983447906893517,U12,MN8014,6.295403472202546,42.82841355445659,SSPG,WPG,0.1291538382969981,0.08958366928262693,0,-356.858729771078,498.5,2.0,35.5
0.1500097354416525,0.34578217444669546,U12,MN8014,9.479685172288722,49.77580511747926,CPG,WPG,0.13506217386178795,0.08508992894754841,2,-387.96148615757687,499.8,0.8,34.6
0.15188257208752412,0.3494689117404604,U12,MN8014,9.402802565421725,44.406409489012574,CPG,WPG,0.13018779105803036,0.08357091739974477,2,-404.374409217014,498.7,1.0,38.6
0.15649566120836544,0.34639157774147494,U12,MN8014,10.156462859511397,49.11978787317781,CPG,WPG,0.13083355753050827,0.09703203730463636,3,-357.54025923887707,499.5,2.2,34.4
0.15081319160772902,0.34247586341364344,U12,MN8014,7.342783508570597,43.68279508820336,SSPG,WPG,0.12383814359770333,0.10341048760923881,5,-336.22049353862553,490.1,1.6,34.0
0.15011595051199084,0.3466353742780681,U12,MN8014,9.469800537193931,44.11753715362706,CPG,WPG,0.13041540817036762,0.09139312965146651,5,-338.76281703193024,489.1,0.6,38.6
0.15031611333913056,0.348107232392405,U12,MN8014,9.485940258136582,47.059866664533345,CPG,WPG,0.1310991948306175,0.08847093142142766,3,-349.94505328557835,499.2,1.4,35.0
0.15010877789366417,0.3499914109057185,U12,MN8014,9.520756538350852,47.63829124798677,CPG,WPG,0.13409515730961527,0.09260308062591242,4,-372.3975773620053,499.7,1.3,35.8
0.15031818467309152,0.3481691795361639,U12,MN8014,8.760971798167141,47.168251027376805,CPG,WPG,0.12978731525020545,0.08665213457728066,4,-309.87141390224417,499.9,0.6,37.9
0.15000181143501648,0.3494485216546106,U12,MN8014,8.663243796949072,46.48891989370112,CPG,WPG,0.1291848727267555,0.0885776970118147,1,-347.6778305734937,498.3,1.5,37.7
0.15330190184316833,0.3480701751388749,U12,MN8014,10.093034380859677,46.12169861020824,WPG,WPG,0.1297208765195971,0.08208020051616971,4,-369.1469681557869,491.2,0.2,38.8
0.15001965160956754,0.345640690840878,U12,MN8014,9.648288261902644,47.0676768641409,CPG,WPG,0.12842304683869515,0.08523240439606977,1,-321.70714841369517,497.7,0.3,38.1
0.1508339777400972,0.34372093690748745,U12,MN8014,8.933392231560079,46.25887333519795,WPG,WPG,0.12909139040374673,0.09064886946282523,3,-310.7218530078269,492.2,0.9,36.4
0.1507763871532747,0.344371748321214,U12,MN8014,9.421043983545031,47.814472416002026,CPG,WPG,0.13038467753143998,0.08456849180044959,6,-329.1060004318961,488.9,0.3,38.2
0.15000044633491047,0.33685041178206626,U12,MN8014,10.063167028703935,48.050093871760666,WPG,WPG,0.13062838720388564,0.0905390928457587,6,-309.02035989801584,497.6,0.5,36.9
0.15008820208566953,0.34058436283614274,U12,MN8014,8.550246880006835,46.19954265314991,CPG,WPG,0.12959007202745232,0.08881797859890911,3,-350.2221333976374,489.6,0.7,36.7
0.15104675813330767,0.33231897755807815,U12,MN8014,9.433352149533953,48.33725024242903,CPG,WPG,0.12994689812129642,0.08862763068070256,3,-323.86918510616175,489.3,0.2,36.2
0.15075763651759813,0.33263150268721897,U12,MN8014,9.711108274769938,48.20323719310881,WPG,WPG,0.12792838581338228,0.08638476144805407,5,-355.0944753330258,498.0,0.1,37.4
0.1503200281450284,0.3369295492243267,U12,MN8014,9.730517571110036,47.42592221117282,WPG,WPG,0.12852217676027428,0.08844098933260001,3,-331.61807325501866,499.3,0.1,36.8
0.15018558426747927,0.3408287973000849,U12,MN8014,10.115802089715388,48.36204857287827,WPG,WPG,0.13263605219104846,0.08551348652973967,0,-331.4523062328425,498.7,0.4,36.8
0.15161059929769954,0.34068901988489875,U12,MN8014,9.580030589088661,45.99614926327821,CPG,WPG,0.12753860368538592,0.08550279335522024,3,-349.19165283041525,494.9,0.3,36.1
0.15049391502348233,0.34222839655478976,U12,MN8014,9.245332351848532,49.35169875651963,CPG,WPG,0.13049515424331792,0.08706969430060593,0,-354.9376656808389,499.4,0.3,35.0
0.15061537354132115,0.3359010302077848,U12,MN8014,10.289936814900578,49.278917204509234,CPG,WPG,0.13228490920066366,0.08678997581609105,5,-342.5043438539572,495.5,0.2,35.3
0.15132679170451915,0.33880041204908384,U12,MN8014,9.885357652797527,48.37341547701531,WPG,WPG,0.1291432270289252,0.08607020602618455,7,-343.2965885906861,498.0,0.1,35.7
0.1511153052991951,0.33932728980688565,U12,MN8014,9.104888633908127,47.797255334856985,CPG,WPG,0.1294859283127172,0.0915129860423323,6,-340.5161534626782,497.4,0.6,35.9
0.15153280998990837,0.33756256950481506,U12,MN8014,9.13381496769907,49.76000939197114,CPG,WPG,0.13013235036889662,0.08744586706846158,0,-366.7977765258496,497.5,0.2,35.1
0.15075418942191246,0.33699102330256714,U12,MN8014,9.018788808022919,49.68580917447098,CPG,WPG,0.13092823448198848,0.0861424243199754,0,-333.7452707535707,497.7,0.3,34.9
0.15026252436093407,0.3325738882636915,U12,MN8014,9.223108328798691,49.84768154555298,CPG,WPG,0.13066822794218988,0.08764668729427905,6,-342.1276038238222,499.8,0.2,35.9
0.15019819157287434,0.330315376752958,U12,MN8014,9.015376964437008,51.91190677804078,CPG,WPG,0.1318697618165311,0.09036404109441012,7,-342.9325903027142,499.6,0.2,35.2
0.1500041517741101,0.3388856510851751,U12,MN8014,9.021417469922596,51.204560809766996,CPG,WPG,0.13163176440755603,0.08812238083557823,2,-334.4726565860741,500.0,0.6,35.0
0.15003128847798675,0.3318968612836839,U12,MN8014,8.844700673208646,51.95357972737657,CPG,WPG,0.13186083085913514,0.08594214650345423,2,-353.7787871880491,499.9,0.3,34.5
0.15000373953382184,0.3371853832154368,U12,MN8014,8.84912367958124,50.85808285849562,CPG,WPG,0.13307081155367576,0.08753872677304057,4,-334.25971860516495,499.9,0.7,34.9
0.1500410999732841,0.3330823558222711,U12,MN8014,9.172514417733096,52.11756100746318,CPG,WPG,0.13324876937273594,0.09025282697435752,3,-340.56995236797263,500.0,0.4,34.4
0.15001999482535444,0.3337793884417815,U12,MN8014,8.77994248819274,51.903280261956176,CPG,WPG,0.13237683631490305,0.0894652749339522,7,-328.3121546923435,499.1,0.4,34.2
0.1500558231333593,0.32988894918282363,U12,MN8014,10.071261512997769,54.9452875563681,WPG,WPG,0.13355733778340467,0.08751247236449439,5,-327.24941714181585,496.8,0.2,34.2
0.15017663162420936,0.33295526280737325,U12,MN8014,10.015876660770463,52.889803513421555,CPG,WPG,0.13319934721491344,0.08651012477150767,4,-333.26523839318963,496.2,0.1,33.9
0.1503808596272007,0.3283695203059132,U12,MN8014,9.830749135010521,51.23557730295069,CPG,WPG,0.13199414701341786,0.08576389282836736,5,-350.2121667680338,500.0,0.1,35.1
0.15048510544114274,0.3347133519484012,U12,MN8014,9.290518281187586,50.18952170908668,WPG,WPG,0.13083138601093663,0.08558570097708068,6,-331.28668655441743,499.9,0.3,34.2
0.15000049079413252,0.32941001486978283,U12,MN8014,9.636886886531796,52.922381101880475,CPG,WPG,0.13424188497786804,0.08665848702822218,6,-324.68964066734054,498.9,0.3,34.1
0.15004269415547888,0.3275046602139852,U12,MN8014,9.633522156947508,52.43729090322221,CPG,WPG,0.13188049822328385,0.09091112766761963,7,-333.7846393545176,497.3,0.1,33.6
0.15002851807159448,0.32887441676807555,U12,MN8014,9.160632946935028,51.34376745446423,CPG,WPG,0.1317435222173403,0.09213466737149194,5,-311.43527208777203,499.6,0.3,33.7
0.1500874481362474,0.32535346834141377,U12,MN8014,9.702308083288125,52.530204876255205,WPG,WPG,0.13239074606579346,0.09007752181898805,3,-326.88241249030045,499.7,0.1,34.0
0.1500671327559117,0.32957168536288367,U12,MN8014,9.577420388746939,51.17675057582513,CPG,WPG,0.13329229816155447,0.08677478005474118,6,-358.7523251961699,500.0,0.1,34.9
0.15017891955119314,0.3328019057759225,U12,MN8014,9.71171353296046,52.65682735822946,WPG,WPG,0.13398811190300125,0.08772045324161992,0,-324.68897940595235,498.6,0.2,33.9
0.15001890670790227,0.32847353079734354,U12,MN8014,9.77026481599366,51.95511567498173,CPG,WPG,0.13362396065217352,0.08951407037586892,3,-330.95755203130136,498.5,0.1,34.4
0.1501363838211123,0.3300425186115102,U12,MN8014,9.745117253214973,51.904645591468125,WPG,WPG,0.13408701524685057,0.08757941374694385,2,-350.6190642335469,499.8,0.2,34.6
0.15045261311058852,0.3297701104127028,U12,MN8014,10.073639323006233,52.44971429456411,WPG,WPG,0.13378645167326625,0.08757121076363561,0,-340.52012697903626,498.6,0.2,34.1
0.150550681055799,0.3272527290828204,U12,MN8014,10.418957508728102,52.81661049421853,CPG,WPG,0.13542259101416182,0.08662868976242843,7,-343.2476412135724,499.1,0.1,34.5
0.1508157056788992,0.32896715871527726,U12,MN8014,10.04029476471956,52.8734407271971,CPG,WPG,0.13506644365835352,0.08744284915760361,3,-307.3269935823177,498.6,0.3,34.0
0.15016644251530167,0.326627581474934,U12,MN8014,9.674389904661869,52.291934807310355,WPG,WPG,0.13356256711035358,0.0905470599945945,6,-345.5595996931322,499.1,0.1,34.1
0.15003154904652954,0.32500030026246934,U12,MN8014,9.717158129977435,52.34590226326604,WPG,WPG,0.13364331925297562,0.09107812678937424,6,-345.96673541597335,498.4,0.1,33.9
0.15008354691008505,0.32988912769774986,U12,MN8014,10.016286731110865,52.49404382604502,CPG,WPG,0.13549978727505085,0.08858292142009952,1,-356.25890883942157,497.9,0.2,34.1
0.15018927170806173,0.32965937077821017,U12,MN8014,9.764047169488176,52.61537798623732,CPG,WPG,0.13421657503908235,0.09148628105219575,5,-337.9697114424539,497.8,0.2,33.6
0.15005129135091963,0.33126033885814377,U12,MN8014,10.09091606911076,52.609736590068906,WPG,WPG,0.13416625343531013,0.0897180269421737,5,-337.56488100069487,497.9,0.1,34.4
0.15000745734871943,0.3342700639240576,U12,MN8014,9.78367893722912,52.87980408190619,CPG,WPG,0.13432446370565715,0.09058259879209928,4,-333.2408700240176,497.6,0.1,33.9
0.15000729492591966,0.33023795233920894,U12,MN8014,9.766999832613863,52.45247829892763,CPG,WPG,0.1339829696039665,0.09183448514657643,2,-328.23327795327253,497.9,0.1,34.0
0.15019064942022065,0.32833306385695465,U12,MN8014,9.743154130542472,52.16090046869103,WPG,WPG,0.13392823082952543,0.09264312094980905,7,-335.2228525562145,496.0,0.3,34.3
0.15005926753805932,0.3274149887093839,U12,MN8014,9.914082488681501,52.36462702180433,WPG,WPG,0.1343352147427918,0.0915582065815968,5,-327.31657955992796,496.9,0.3,34.1
0.15008368964171723,0.32829097300839727,U12,MN8014,9.53153220339219,53.12745871615862,CPG,WPG,0.13375852513887243,0.09238854404430838,1,-312.18271807315233,496.6,0.2,33.6
0.15007402378276008,0.3292044642307423,U12,MN8014,9.758891886131913,53.02004239995257,CPG,WPG,0.13301458156304713,0.09303857760179327,1,-345.4986007147149,492.9,0.2,34.0
0.15008775395100601,0.3279484194537516,U12,MN8014,9.645545588493274,51.4608432984534,CPG,WPG,0.132743815551586,0.09447843091243818,5,-325.54596174985954,496.9,0.4,33.8
0.15010817667763285,0.33069705250694564,U12,MN8014,9.77663131172966,52.66634503563372,CPG,WPG,0.13459396746913382,0.09207726935747929,2,-326.8168798012295,493.7,0.4,33.6
0.15002634050728236,0.32733530064095046,U12,MN8014,9.734305947946776,53.012332296735565,WPG,WPG,0.13429404038780152,0.09250552125629644,5,-252.19866295378463,495.4,0.3,33.6
0.1500129880011563,0.32982285960052343,U12,MN8014,9.730169917613168,52.58669950537699,WPG,WPG,0.13443569604451422,0.09196362075358021,1,-352.81480001016376,493.6,0.4,33.8
0.1504083739156657,0.32981263647274073,U12,MN8014,9.82928675722864,52.3942737455264,CPG,WPG,0.13494882387220375,0.09195372210169689,4,-318.07784199016663,497.6,0.3,33.7
0.1500956623128544,0.3289544375560091,U12,MN8014,9.775752236783507,51.45179820583516,CPG,WPG,0.13403862877236192,0.09112009147599394,4,-322.4023671956524,497.4,0.5,34.0
0.15018768423237153,0.32687543020428167,U12,MN8014,9.590960749439475,51.62327016323434,CPG,WPG,0.1349203256254391,0.0927780186853063,0,-309.9295530965659,498.1,0.5,34.0
0.15015000416837407,0.32880244686228316,U12,MN8014,9.448603712826968,51.1825966040702,CPG,WPG,0.13316240523469935,0.0924713791347585,2,-259.96384307323615,496.6,0.2,34.3
0.1500524412504418,0.3269024361590886,U12,MN8014,9.514675927771076,50.24070006506718,CPG,WPG,0.13291306369183975,0.09409363328724157,5,-312.71485844986455,494.4,0.4,34.5
0.15000109705967593,0.32843995348109023,U12,MN8014,9.32416452690392,50.501810238069304,WPG,WPG,0.13291198291436251,0.09571999413228036,1,-308.09194868690975,497.0,0.5,34.4
0.15040776808937933,0.32710792753454243,U12,MN8014,9.244396741718234,51.290870490822485,CPG,WPG,0.1340934268498835,0.09593631643691786,6,-307.14728361545525,495.2,0.4,34.0
0.15054459029290354,0.32931862702653736,U12,MN8014,9.189625204763292,51.0039048449276,CPG,WPG,0.13359640186360633,0.09568618154380264,5,-346.78845658500325,495.7,0.5,34.2
0.15083896399339689,0.32959549174855196,U12,MN8014,9.266644857108375,51.32696652124907,WPG,WPG,0.1332884999133891,0.09548625582753045,0,-276.67568261930876,493.8,0.4,34.4
0.1509636612105662,0.3325309843941509,U12,MN8014,8.735465254705252,50.20330661623866,CPG,WPG,0.1324314831271235,0.09751918419348898,1,-391.3726362228011,497.6,0.7,34.0
0.15056206570126912,0.33318396557462093,U12,MN8014,8.336575845401866,48.793627865446425,CPG,WPG,0.13129131049197545,0.09858342857769192,6,-287.2119741105461,499.2,0.6,34.4
0.15000796675705116,0.334402421556746,U12,MN8014,8.941893859833346,50.77304993507008,WPG,WPG,0.13333761747993164,0.09591774753579452,2,-312.8419026203149,499.6,0.5,33.8
0.15004686873345874,0.33840633609372084,U12,MN8014,9.202804293206093,50.42090989183147,CPG,WPG,0.13322692860736807,0.09613614790897015,1,-277.7618916360802,499.1,0.5,34.1
0.15020111458924432,0.3384479986891984,U12,MN8014,8.481082511896695,48.762387842709465,CPG,WPG,0.13265927899898317,0.09736618115791651,2,-376.2204619276829,500.0,0.8,35.1
0.15014021474316505,0.33831018890613207,U12,MN8014,8.956679902016443,49.04147957852966,CPG,WPG,0.13247820250723708,0.0981606597317633,6,-320.13205538782637,499.9,0.5,34.3
0.150005475092927,0.3404977859098795,U12,MN8014,9.378225890707565,49.40493469059335,CPG,WPG,0.13395152721621276,0.09548034111264911,2,-419.3597906136053,500.0,0.3,35.4
0.1504600231714517,0.34262067696062026,U12,MN8014,9.900616596470257,48.98166116866595,WPG,WPG,0.1325582195221902,0.09571095931273492,6,-315.7894752740197,500.0,0.1,36.4
0.1502016883880523,0.3383969747913233,U12,MN8014,8.91727237724051,48.01696995850489,WPG,WPG,0.1336080776537472,0.09679519810846487,1,-396.21934643596734,498.1,0.3,36.0
0.15036106651379447,0.34219449197725893,U12,MN8014,9.521227838961272,50.060482071660466,CPG,WPG,0.13368095693871507,0.09603277463656897,1,-279.664500232792,499.7,0.3,35.7
0.1504537575644644,0.33964648469894015,U12,MN8014,10.242537015957932,49.815784774856745,CPG,WPG,0.13389872895028454,0.09410075746501362,4,-344.3923539562951,500.0,0.1,36.2
0.15091202915709803,0.3438044302781873,U12,MN8014,9.81680167519016,48.75828597077506,CPG,WPG,0.1326467388977912,0.09459220603305532,7,-329.00712642181884,497.9,0.1,36.4
0.15081724396258306,0.3416738446118834,U12,MN8014,9.846047565649265,49.11368155400338,CPG,WPG,0.13314189062824824,0.09470105113210414,3,-349.91411745146024,499.7,0.2,36.2
0.15278374997624172,0.34591939286389123,U12,MN8014,10.390698931881307,48.69897625771983,CPG,WPG,0.13470330599891128,0.09132867959550792,3,-345.29827056841634,499.4,0.1,37.5
0.15076664054662745,0.34191974468581027,U12,MN8014,9.908640168880037,49.80258500283009,WPG,WPG,0.13288330046315916,0.09644674706245573,7,-327.38629531242714,499.5,0.1,35.9
0.15113555940095466,0.34182194242360464,U12,MN8014,9.91465515283505,49.71615591084778,WPG,WPG,0.13376337998465204,0.09292164990773025,5,-336.0702166360421,499.9,0.1,36.1
0.15181208568029517,0.34486912134052494,U12,MN8014,9.825067361345946,49.984461881063886,CPG,WPG,0.13258594779058352,0.09461882583135062,2,-304.22070323091384,500.0,0.1,35.7
0.15021201324130024,0.34124000256678844,U12,MN8014,9.653501845007293,49.50264216474147,WPG,WPG,0.1302734098022063,0.09569576521537804,1,-345.4104955788983,499.1,0.1,35.8
0.15000004415987048,0.33455188610296416,U12,MN8014,9.339301978478137,50.230510624814116,WPG,WPG,0.13026748886953826,0.09900967089632748,2,-325.4894108689647,498.4,0.0,35.7
0.15106612723541105,0.33808211732030014,U12,MN8014,9.608469427428414,49.01604817656663,CPG,WPG,0.12951888706674597,0.09532944449574013,6,-323.83363651221447,500.0,0.0,36.0
0.15054223469258385,0.33714686852214476,U12,MN8014,9.91825394933582,49.09038830598934,WPG,WPG,0.13057072017317906,0.09300374961269499,7,-331.99328194163354,500.0,0.0,36.6
0.15154359947531978,0.3384470177235237,U12,MN8014,10.179417773346248,48.478451210922536,CPG,WPG,0.12830511891823354,0.09271084511561203,3,-311.9311329191031,500.0,0.0,36.7
0.1554204412857457,0.341427641451559,U12,MN8014,10.505646958605505,46.88104351530601,CPG,WPG,0.12877487153831618,0.09144628636156144,4,-300.79362910983275,499.3,0.0,37.2
0.1527696069508468,0.34260615304314196,U12,MN8014,10.693353945404379,46.31360675692708,WPG,WPG,0.1284228633719262,0.09263646901541739,2,-303.0500302971118,498.8,0.0,36.9
0.1532022218420577,0.34226505817165886,U12,MN8014,11.01010757228776,45.47231619468104,CPG,WPG,0.1275848277426578,0.0907765010856294,1,-352.33533728967035,496.4,0.0,37.3
0.1522239743167373,0.3385420829692274,U12,MN8014,10.632059729915987,46.43626748812015,WPG,WPG,0.1259297472851627,0.09198856165251763,2,-356.8896986738141,499.8,0.0,36.9
0.15267266192522008,0.3404724651323485,U12,MN8014,10.491424174004194,46.41426557115448,CPG,WPG,0.12628962031863883,0.09378925921586392,1,-343.9173493789797,499.6,0.1,36.3
0.1513083727233215,0.34409210672871954,U12,MN8014,10.304032075792527,46.7105970558765,CPG,WPG,0.12589562074591193,0.09461004814483535,0,-369.96123842887584,499.6,0.0,36.1
0.1541688674797396,0.3463706378106765,U12,MN8014,10.665196735285502,45.506528019529604,WPG,WPG,0.127057047461877,0.09035507807523263,3,-360.15568992696876,500.0,0.2,36.3
0.15346241383529682,0.3455637949963293,U12,MN8014,10.810630839448809,43.8441908446274,CPG,WPG,0.12811041662635958,0.09017584705761025,0,-358.469153124168,497.6,0.3,37.4
0.15247545996767684,0.34577589696348787,U12,MN8014,10.806417390946736,46.726426944799684,CPG,WPG,0.12812448364493306,0.09131857032714638,5,-362.9862922260412,499.7,0.2,36.3
0.16146106395935933,0.34908665826502594,U12,MN8014,10.823317811540335,45.34271300086933,CPG,WPG,0.12606759531178074,0.0897028388032081,3,-384.6519401919081,498.7,0.2,36.0
0.16020683643433423,0.34989508879835346,U12,MN8014,10.600423364466439,46.07052065692898,WPG,WPG,0.12797863362029288,0.09021395412991957,7,-342.8944031041192,500.0,0.3,35.5
0.15801143880596663,0.3497332093822312,U12,MN8014,9.793208358796505,43.29861376218415,CPG,WPG,0.12607870679404581,0.09534400703793561,6,-354.3089604424313,499.1,0.4,36.4
0.15500308430004228,0.3498648898279807,U12,MN8014,9.244502945349776,43.01037607327885,CPG,WPG,0.12832534923436342,0.09718568674364961,3,-363.93068157471515,498.9,0.4,36.7
0.1556556769364774,0.34947610263937956,U12,MN8014,10.13269458843232,44.91663983414632,WPG,WPG,0.12895800004551194,0.09663239202016684,4,-360.71075677990336,498.9,0.3,36.8
0.15911577707949884,0.3497579695206421,U12,MN8014,9.39331130265558,43.68875146379719,CPG,WPG,0.12886511958381114,0.09493963322027557,4,-312.97034000209305,498.8,0.3,36.6
0.15832423263105277,0.3499538673011666,MN8014,VT8020,9.902531597596578,43.135142757851874,CPG,WPG,0.12845147035555,0.09501355088310921,4,-327.20275670448814,500.0,0.2,36.6
0.15404899192223492,0.34893146532737346,U12,MN8014,9.253020091157893,44.65130992606605,WPG,WPG,0.12996251389442187,0.10069260932621882,0,-360.4996296036097,498.9,0.2,35.6
0.1633396586077276,0.3490630380226598,MN8014,VT8020,9.742105600021457,41.930944189937414,CPG,WPG,0.12955563141442117,0.09742250867902272,7,-338.5956668554908,497.4,0.2,37.7
0.15805826155164326,0.3485462018698131,MN8014,VT8020,9.396137995970864,42.27292920660634,CPG,WPG,0.12901115899033827,0.10157800978658904,1,-313.82750796644746,498.3,0.4,37.7
Time taken (seconds)
2026-03-10 14:07:14
