thigh_length,calf_length,motor_left_name,motor_right_name,gear_left_ratio,gear_right_ratio,gearbox_left,gearbox_right,torso_distance,best_index,best_cost,ac1,ac2,ac3
0.2303878422956276,0.23286285122014852,U12,MN8014,13.989658857133449,10.33121769840853,CPG,CPG,0.0912811209790892,2,20.83697428228397,165.5,5.0,29.6
0.27924745543826746,0.21050561542686913,U12,U12,12.21864261761519,10.215993659639548,WPG,CPG,0.10393874041782217,3,5.542642165532595,118.3,5.7,29.8
0.2704921268691746,0.24034668027453399,U12,MN8014,13.371585283377692,16.0682381248767,WPG,WPG,0.10993087975353028,6,0.12267644391277199,52.9,4.7,27.5
0.2678900402644313,0.2160635087158365,U12,MN8014,21.09435728463575,8.78751828501067,WPG,CPG,0.0894860846149867,6,0.11810196484577842,53.8,5.2,35.1
0.24497777150438407,0.23018311564756094,U12,MN8014,22.964961140533376,16.812424449945844,WPG,WPG,0.10202858309092924,4,0.732641056282477,54.3,7.1,31.3
0.25785675130903096,0.20051733597348975,U12,MN8014,18.774467213567448,17.833624243063564,WPG,WPG,0.09155001455560373,6,0.03293614514086207,51.0,5.5,29.0
0.24930856228449372,0.1739547175162099,U12,U12,21.806260431511703,22.699737058824404,WPG,WPG,0.10363148675354908,7,0.1749658313538519,53.9,6.7,28.4
0.24455584585219986,0.2086156609029185,U12,MN8014,28.85070069256722,22.733198982473674,WPG,WPG,0.10513030192823919,0,0.037277641593666,59.3,6.9,33.7
0.2557165760526938,0.19351360415921595,MN8014,MN8014,28.467304838562843,18.240622728678584,WPG,WPG,0.10397014389700757,7,0.3953703645598598,68.6,7.1,35.6
0.25474442526719054,0.1932977399006862,MN8014,VT8020,29.141506846877526,24.940368268164185,WPG,WPG,0.09833867288343824,6,0.224650786990101,59.1,6.8,36.8
0.2517995583137621,0.19666484214335533,U12,MN8014,14.310627607619393,23.38788551385357,WPG,WPG,0.10557685228072955,6,0.17487281647817557,70.2,6.3,31.5
0.26033567412782277,0.15833821853676705,MN8014,MN8014,23.942870588941005,27.38295585913648,WPG,WPG,0.08883784627230547,6,0.007277792819621361,51.0,7.0,37.8
0.25438451817311747,0.1775694584109072,U12,MN8014,21.312612126128776,25.522704706656775,WPG,WPG,0.09719255425682641,1,0.01866223235073401,50.4,7.1,33.5
0.24015881120634383,0.15122633563940388,U12,MN8014,23.967301508911987,21.766540112505645,WPG,WPG,0.09040823019161348,4,0.03534492078609139,55.1,7.2,31.8
0.24905329566872308,0.15348567185096487,MN8014,MN8014,16.382404451378946,19.713782796520167,WPG,WPG,0.09752782743060368,3,0.05528110784518479,53.3,8.8,29.5
0.2585922854850379,0.1516989300657222,MN8014,MN8014,20.80324485641814,22.201294554817434,WPG,WPG,0.1063665243097606,2,-0.0027194887800971405,114.0,7.4,32.0
0.2353637268402635,0.1584531972998373,U12,MN8014,21.118342818506633,23.89684681379736,WPG,WPG,0.09930621855365868,4,0.016402563637145623,50.1,8.4,31.9
0.23770191473768892,0.15120586622726032,U12,MN8014,22.02596413746691,23.77877821253727,WPG,WPG,0.10653126156410189,4,0.0951935453781404,50.8,7.5,31.4
0.2603741212185148,0.15148741774678418,MN8014,MN8014,20.09140978175196,23.911155411891496,WPG,WPG,0.09746518174602528,3,0.04200498776822362,51.5,8.2,29.4
0.24059334571118382,0.15015696716161256,MN8014,U12,22.703163642974914,21.211967150004057,WPG,WPG,0.0979574740099731,3,0.018982043325032158,53.3,7.0,27.7
0.24521504925582405,0.15078187576002175,MN8014,U12,22.321187160977132,23.461278765139586,WPG,WPG,0.10456209963810874,7,-0.01105374929460748,83.6,8.4,26.7
0.24697505814430143,0.1665666518609717,MN8014,U12,20.710151121132245,22.676814164683005,WPG,WPG,0.09596381567512285,7,-0.009484546701636598,88.8,7.6,27.9
0.25222577171363963,0.15243750360127306,MN8014,MN8014,23.456099889517454,19.48717368214657,WPG,WPG,0.09794637618356111,3,0.05617586419460502,59.2,8.5,21.5
0.2453466673490185,0.18361692749435846,MN8014,U12,20.157352453672477,17.270188373019774,WPG,WPG,0.09988072394885575,2,0.00055721276723747,50.0,7.6,28.0
0.25698544753193764,0.15043402525394528,MN8014,U12,21.25206922201535,25.1049721124055,WPG,WPG,0.09383819386555611,5,0.020521873728028564,65.2,8.8,33.4
0.2577783768764601,0.15112153243312063,MN8014,U12,18.413914219310374,15.718066718595441,WPG,WPG,0.09680538142758659,2,0.004869936362230959,50.6,9.7,29.2
0.25754144124360834,0.15060512090395997,VT8020,U12,19.442877351976676,19.549644560968012,WPG,WPG,0.09934564164240581,6,0.012272758600127907,55.9,9.9,30.3
0.25935273642619716,0.15737683395275498,VT8020,U10,21.139110181829455,20.57359716810311,WPG,WPG,0.09736046086247427,5,0.022308786825243197,54.8,9.5,29.5
0.2542964708731056,0.1500432469660331,VT8020,U10,23.23506726042893,16.579520877129827,WPG,WPG,0.10044833628773986,6,0.03759214514897946,50.1,9.9,27.4
0.2643386067367415,0.15000182757641078,MAD_M6C12,U10,18.424718526636795,12.942956857967374,WPG,WPG,0.10367035306238431,7,0.05156233169560225,60.9,10.0,29.6
0.26076708614628086,0.15212855677041023,MAD_M6C12,U10,14.272265238849519,13.672855467515614,WPG,WPG,0.10383920718715604,6,-0.003254002090195657,84.6,9.5,26.4
0.2587850802796607,0.16007594055550933,VT8020,U10,15.591153318292275,12.815085757517409,WPG,WPG,0.09873500046321983,3,0.4293797521385872,87.3,9.6,27.1
0.24519403526807593,0.17900220143727466,VT8020,U10,17.28389176705295,16.638938381583984,WPG,WPG,0.09532323151462363,6,0.020141457953070225,57.3,10.0,29.0
0.2604482082633869,0.2162678229644781,VT8020,U12,20.189823551754888,21.774803859573883,WPG,WPG,0.09117125247361711,3,0.043908875344705764,59.6,9.2,30.7
0.2646272800623056,0.2041803935961074,MN8014,U10,17.544827338346273,19.966558974738575,WPG,WPG,0.0994505109086512,6,-0.005906057083965804,100.2,9.5,28.2
0.272256261767548,0.22915462571717765,MAD_M6C12,U10,15.181258745283538,21.215779510497,WPG,WPG,0.09604578850523911,5,0.013514621075697316,57.7,10.0,31.7
0.26086918925736613,0.2258303032532406,VT8020,U10,12.694563592040536,15.199545385383477,WPG,WPG,0.0990410982803964,0,-0.0011062221971884266,54.7,9.7,28.7
0.2734810520901371,0.21810073221126777,MAD_M6C12,U10,12.141659722275703,11.766428160536261,CPG,CPG,0.10197824691208215,0,0.014070317841069317,52.5,9.8,29.9
0.2629352597334996,0.21862138062574593,MAD_M6C12,U10,15.657150358860719,20.843579334149407,WPG,WPG,0.10673148244988312,0,0.02791822199515438,50.0,9.5,31.9
0.2673110511501919,0.20216212261915478,VT8020,U10,21.93984946857908,16.085323091031984,WPG,WPG,0.09478191240384645,1,0.03631221520571724,70.0,9.4,29.3
0.25268014257628524,0.20960085128486716,VT8020,U10,22.250237763407128,21.22527812770718,WPG,WPG,0.10060211915478148,4,0.05536411736176391,50.3,9.6,31.6
0.25481537720430264,0.2074589553941646,VT8020,U10,16.677077584535535,20.95197439265863,WPG,WPG,0.09046825415404189,4,0.02679342292126481,54.0,9.9,33.8
0.25950264738988554,0.16418170485368794,VT8020,U10,15.79735830209278,14.416551438115315,WPG,WPG,0.09582491392264236,7,0.0383839903283307,50.1,8.9,29.8
0.26012255823746966,0.15575228029495283,VT8020,U10,20.171754428503156,15.833052891315646,WPG,WPG,0.08815095421982355,2,0.007331190267988622,50.6,9.0,29.3
0.2651583100920401,0.1722914709053493,VT8020,U8,15.003372115775091,15.029306871552286,WPG,WPG,0.08566499047151678,6,0.005118924149215377,70.7,9.7,30.0
0.2571895863427052,0.17509610562837769,MN8014,U10,15.961519908220664,18.78518206882378,WPG,WPG,0.08978592437319757,1,0.0016263805843530126,50.4,10.0,31.0
0.26885605086640546,0.1977627825118501,VT8020,U10,10.605977007896325,11.060942609302863,CPG,CPG,0.09477482806354742,7,0.021253900456709312,50.4,9.8,30.1
0.26743492735321106,0.18060563819589248,VT8020,U10,11.667515444639129,11.155267729174497,CPG,CPG,0.08653886385732149,1,0.0010292164703847857,52.7,10.0,31.0
0.2670354117511926,0.20909346961462602,VT8020,U10,7.034356475451435,11.297922610084012,SSPG,CPG,0.09125842737208262,3,0.012367094210033269,51.8,9.9,30.9
0.2637975406358885,0.18242820682090619,VT8020,U12,6.144812651696627,9.06201500818234,SSPG,CPG,0.08582486229775538,3,0.010241354884785753,53.0,9.8,29.8
0.25438930370128093,0.15667829039056658,VT8020,U12,12.378078281095553,11.055083076959852,CPG,CPG,0.0809667321270636,2,0.002419103489178004,50.3,8.6,30.2
0.26416388285536124,0.15185706720861988,VT8020,U12,12.49148206044499,9.175984571263832,CPG,CPG,0.07339974037532587,0,0.0038476087146882636,82.6,9.9,27.8
0.2564323515217532,0.17609569347120838,VT8020,U12,4.8826278620749815,10.637756066148796,CPG,WPG,0.08353109768971897,6,-0.003513124009094504,96.8,9.8,34.3
0.2614955348655129,0.17494667586635138,VT8020,U12,4.292905460551285,7.274675934207365,CPG,SSPG,0.0793874659081065,5,0.04950028355024896,71.7,9.2,31.2
0.260226298304144,0.15524339898450362,VT8020,U10,4.033462776438947,9.828927318690658,CPG,CPG,0.07544990150035336,7,0.010586589808566827,56.4,9.6,28.9
0.2614626261460413,0.15145218317993628,VT8020,U12,4.718788796965573,8.444897008077298,CPG,CPG,0.07831932285004523,4,0.0042092535634889825,54.2,9.6,30.0
0.25476552571374494,0.15180526553314502,VT8020,U10,4.348605846256503,7.3527405019057195,CPG,CPG,0.08472397932385504,4,0.0062729296768105625,51.0,9.5,31.8
0.2629388700143711,0.15364050567811885,VT8020,U10,5.0138102793390615,6.751387600777852,SSPG,CPG,0.08494080903333656,0,0.004535216147384853,60.7,9.9,28.8
0.2600469751692626,0.15012585350220276,VT8020,U12,6.011309070512252,4.874733338962876,SSPG,CPG,0.09181622893344366,0,0.0035620623205058644,50.0,9.3,28.4
0.2556685411724472,0.1500167014237207,VT8020,U12,5.323154091288466,4.780513169306515,CPG,SSPG,0.09572321778442447,1,0.005235197158941381,50.0,9.7,30.8
0.2643580150413963,0.15186530366882708,VT8020,U10,4.357803978603495,4.18698148528691,SSPG,CPG,0.08620509578477346,6,0.006833139651210015,62.0,10.0,32.2
0.2616856166728307,0.1538765432658746,VT8020,U12,5.625764918180296,4.981467724647549,SSPG,SSPG,0.08157048792494799,4,0.0020243893339250032,51.5,8.8,28.3
0.2619150372579846,0.15042951932772788,VT8020,U12,7.481961696685142,10.26781387323371,CPG,CPG,0.08163247729188673,3,0.0015811597170038573,50.9,10.0,27.6
0.25944534543064396,0.1673064432711091,MN8014,U12,9.280753556099619,6.911218821313801,CPG,SSPG,0.0799620178434834,4,0.008876550559008397,50.8,9.4,28.7
0.2633303685208813,0.17904141748198052,MN8014,U10,7.506318218838436,7.915681743047219,CPG,CPG,0.09273538952599245,3,-0.0014118932097676898,81.8,9.7,28.3
0.2647860865675696,0.1584490791942077,MN8014,U10,12.500883017229148,5.9300110555954015,CPG,SSPG,0.09481508369852597,0,0.012886400265338103,53.0,8.9,26.3
0.26267637664891125,0.15161533459671833,MN8014,U12,9.68895574714594,4.184153026241772,CPG,CPG,0.08034677479937748,1,0.0037387516827100203,61.0,7.8,30.4
0.2600359924831324,0.15466206066532104,MN8014,U10,10.908098920511534,5.001587869995712,CPG,SSPG,0.08374308184122568,0,0.03340782931620317,55.2,7.5,28.5
0.2651201423546063,0.15024732785127365,VT8020,U10,5.414277189406796,6.692264896193892,SSPG,CPG,0.08253913769687597,1,0.0036683596465499476,57.0,9.4,25.4
0.26597815243310824,0.15648083211178712,MN8014,U10,9.807081069842408,4.648446730535216,CPG,SSPG,0.07287374572184924,0,0.0044428483887275355,56.4,8.8,26.3
0.2729017046915775,0.15248787234340122,VT8020,U10,13.497180634057367,6.106061744162917,CPG,SSPG,0.06439254518045455,0,-0.00024793760640767597,50.0,8.7,24.7
0.2690671414483795,0.1500064634737947,VT8020,U10,9.549450363537172,8.442200607480004,CPG,CPG,0.0667292733766443,6,0.005337374308391865,50.5,9.5,25.9
0.26928415664001637,0.15546854866380574,VT8020,U10,7.396652729727994,8.458286550814762,CPG,CPG,0.07038300907785155,0,0.000556012615934644,51.0,8.1,25.6
0.2710674936086363,0.15155353039337618,VT8020,U10,7.8417969570387696,8.79584573413383,CPG,CPG,0.07019592507796917,2,0.0025987000994505682,52.8,9.0,26.0
0.27043342551187316,0.15156364364434094,VT8020,U10,8.928338706308988,7.369841847936337,CPG,CPG,0.05881732053538797,1,0.002592456777168115,68.1,9.9,25.6
0.2736528823645377,0.15002688633815867,VT8020,U10,7.969402065850453,11.13992155709702,CPG,CPG,0.06144449556583831,0,0.004125473502899321,50.4,8.2,24.8
0.25976100817656433,0.15593681094614756,VT8020,U10,4.791809195611632,9.82704231150585,SSPG,CPG,0.07253796313931041,1,0.008527763634176136,51.3,8.5,26.6
0.26764159643651203,0.15103125840555617,VT8020,U10,5.009145810504041,10.131794721079347,SSPG,CPG,0.06852916970087364,5,0.006327600269427468,54.4,9.0,26.6
0.2624839502972083,0.155129942684569,VT8020,U10,4.413498910497947,7.849228899192205,SSPG,CPG,0.0674682878804342,3,0.0005471476845186423,53.8,8.7,24.6
0.2673789010916992,0.17327534612206255,VT8020,U10,4.565137897692251,7.7068565898081065,SSPG,CPG,0.07002287398258278,2,0.0015736488482723126,50.0,9.1,26.0
0.2579144429516136,0.15712719553407672,VT8020,U10,4.258559541781357,4.60470504468366,CPG,SSPG,0.07229330446843736,1,0.003110912335169032,50.8,8.6,26.4
0.26323980588275775,0.17174464196711325,VT8020,U10,5.352737151516494,5.707202421518002,SSPG,SSPG,0.07392314018076009,3,0.0007995110711717503,50.2,9.4,26.3
0.25955391827548063,0.190106755584178,VT8020,U10,4.2448033061664034,5.699784319627888,CPG,SSPG,0.0776785936728799,0,-0.002332065420666491,55.0,9.0,25.3
0.26367270024792,0.16768365548253417,VT8020,U10,5.175910278739928,5.624889636717221,SSPG,CPG,0.07690729672221942,5,0.0011364126335946206,51.0,9.5,24.0
0.2599852935835935,0.16401418328699016,VT8020,U10,5.1973014512351146,4.676487640354388,SSPG,CPG,0.0704557349123392,5,0.005292483728618452,54.3,9.0,26.6
0.26347231497245605,0.15120672830244047,VT8020,U10,5.011549587042923,6.772631206878058,SSPG,CPG,0.07196538902553519,4,0.0030198007683169452,52.8,8.9,24.6
0.2615681593079339,0.16058836159487982,VT8020,U10,5.046695759614954,7.503123380632213,SSPG,CPG,0.07646347195766343,5,0.00813527834982101,50.0,9.2,23.9
0.25871668432823136,0.16178718718342527,VT8020,U10,7.603168604907395,6.026659175277411,CPG,SSPG,0.07734203536628942,7,0.0027764988901342797,50.0,9.4,23.1
0.2599059814385689,0.17459989676830803,VT8020,U10,5.271446973731645,6.31377184347055,CPG,SSPG,0.0797431597162421,5,0.0016744337705360997,50.2,8.9,23.4
0.26393582654821895,0.15729031752013706,VT8020,U10,5.49111375943847,7.6671056836884635,SSPG,CPG,0.07722622467505943,0,0.007913562085283175,50.0,9.0,24.1
0.26399391734393385,0.16753757936042685,VT8020,U10,4.63049880617634,6.795489402688713,SSPG,CPG,0.07058572501231021,1,0.00800232812390418,50.0,9.1,23.7
0.2630730239603884,0.16695458020299872,VT8020,U10,4.517275019861793,6.1322348053820885,CPG,SSPG,0.07305841383559708,3,0.0003771108668186914,51.4,9.1,23.3
0.2626582731704431,0.16313712197326083,VT8020,U10,4.992065320716313,6.875252045647992,SSPG,CPG,0.07070332480499215,5,0.0018224594414659643,51.9,9.0,23.4
0.26427443997057726,0.16966120649098151,VT8020,U10,4.26563250543647,9.007332741274613,CPG,CPG,0.07313296991281872,1,-0.001473592379018548,54.5,9.6,22.1
0.26262490505272196,0.16905402997132266,VT8020,U10,4.541882082179486,8.707883655573124,CPG,CPG,0.07205511874653087,2,0.009005164874074188,57.1,9.1,22.2
0.26372041833406296,0.16990662369077575,VT8020,U10,4.38480272199785,8.38720579530634,SSPG,CPG,0.07420257871853535,0,0.002035226272227208,60.9,9.4,20.8
0.26572656160897123,0.16928289571474892,VT8020,U10,7.112476392247109,6.582542723222426,CPG,CPG,0.06563581111262264,2,0.0024911513894442386,68.5,9.2,22.9
0.26234872382991775,0.17028617333780194,MN8014,U10,7.745419864833777,5.650739822526875,CPG,SSPG,0.072029561013246,5,0.002740713581824905,55.4,8.9,23.6
0.2667746287956813,0.17337441699275574,VT8020,U10,5.497574044567303,7.09756005702398,SSPG,SSPG,0.0713819527535779,1,0.0006812565132844821,50.9,9.4,23.1
0.26540398724170616,0.1734141559067639,VT8020,U10,7.4114907418238065,5.303482048696248,CPG,CPG,0.07113214823112579,5,0.0010851120491793907,54.2,9.3,24.2
0.2665693022106934,0.17221404357656078,VT8020,U10,7.950958108920092,6.463812525650195,CPG,CPG,0.07127070362897087,4,0.0012780730272969672,59.3,9.3,22.4
0.26867847790745786,0.1719653019121074,VT8020,U10,4.700464706636761,7.259957879004414,CPG,CPG,0.07036190077104308,4,0.005205583760622402,52.1,9.1,24.0
0.2686154900229467,0.17792232975782557,VT8020,U10,4.462218545973413,7.144894824173361,CPG,SSPG,0.06838949920508822,0,-0.0006979864112892588,53.3,9.3,23.1
0.2665161673946356,0.17877101069776297,VT8020,U10,5.494074822712552,5.298353873331504,SSPG,CPG,0.07054278045377346,1,0.0004157762173173014,50.0,9.2,24.2
0.2677047710693904,0.1743227726246393,VT8020,U10,5.4103476053282415,6.506244525959847,SSPG,CPG,0.07290922833651113,5,0.00024088860146793782,50.4,9.4,23.7
0.2685872810915089,0.17810346148575185,VT8020,U12,5.553230109477363,6.7507138220970155,SSPG,SSPG,0.07193473749891165,5,-0.00027925981489539163,50.1,9.1,22.4
0.26880670491624664,0.17476730089884904,VT8020,U10,6.457851227186618,6.045419313960046,CPG,SSPG,0.07295227349328293,7,0.0004147928858640377,50.6,9.3,23.5
0.26682038042824946,0.1764916868536695,VT8020,U10,6.423473235257812,5.807089259723993,CPG,SSPG,0.06896457068102929,6,2.7259831257263724e-05,50.0,9.0,23.5
0.2686573054520447,0.17202556081473536,VT8020,U10,6.3508628088219865,5.920155031240001,CPG,SSPG,0.06720091609507846,5,-0.0003905720369903154,50.3,9.0,23.7
0.268331183422075,0.16994695260195247,VT8020,U10,5.756113898562581,5.590735930090438,SSPG,CPG,0.06592197318953817,0,-0.00026017796247150343,50.7,9.1,24.0
0.2679685039899872,0.1725618963654713,VT8020,U10,6.306271219773481,6.0147605018737496,SSPG,SSPG,0.06772430292620132,3,0.0004392184105043455,50.0,9.3,23.3
0.2688085780974822,0.1692700565486726,VT8020,U10,5.900846905869518,5.72908758709357,SSPG,SSPG,0.06903447224456594,3,2.0401125471413827e-05,50.0,9.1,23.5
0.2672477226941988,0.17376708521098172,VT8020,U10,5.139624725025403,5.995927353343589,CPG,SSPG,0.06676177879992895,6,0.0005622417024055549,50.1,9.2,23.3
0.26895606160770985,0.17481356890626645,VT8020,U10,6.581325275500582,5.547775012006203,CPG,SSPG,0.06820713059392638,4,-8.465848095145665e-05,50.3,9.4,23.4
0.2679704266159949,0.17446078948161822,VT8020,U10,6.026553475322082,5.739893837633319,SSPG,SSPG,0.06718045890576946,6,-0.0002287590677637701,50.5,9.2,23.6
0.26947122323029854,0.17501154589968898,VT8020,U10,5.41346449690292,6.297314708781881,SSPG,SSPG,0.06463830484446834,2,0.0002843924823091176,50.1,9.0,23.2
0.26899270815689913,0.1720049618078733,VT8020,U10,5.9572802660472775,5.822877570198984,SSPG,SSPG,0.06596808794742491,7,-0.0011930304055154314,50.0,9.1,23.2
0.2695003336449577,0.17140969860140687,VT8020,U10,6.082861924948491,6.40312973398227,SSPG,CPG,0.06618019292578156,2,-0.0005362178625999226,50.2,9.1,23.1
0.2686910457355451,0.17678561484905778,VT8020,U10,6.508015458383243,6.133716417524321,CPG,SSPG,0.06752810937234928,3,0.0006238588758314253,50.2,9.2,22.9
0.26989323227104633,0.1729081849282073,VT8020,U10,5.606557224302409,6.001094242834495,SSPG,SSPG,0.06743704145112744,7,-0.0010457519305680902,50.1,9.3,22.9
0.26977500065686333,0.17379418683029435,VT8020,U10,7.006143917835974,5.9982427253789705,SSPG,SSPG,0.06708340745762906,1,-0.0003574072508039645,50.1,9.3,22.7
0.27100497286337244,0.1732495394755772,VT8020,U10,6.615212698737569,6.282821784046062,CPG,SSPG,0.06587593094938746,3,0.0002689606728999321,50.0,9.3,22.8
0.26866711079061195,0.17304559742058007,VT8020,U10,5.940614791570842,6.550525511495262,SSPG,CPG,0.06749865357928911,2,-0.0005693554575633385,50.0,9.3,22.9
0.2693648408795737,0.17132021187253285,VT8020,U10,6.122534766986512,6.5028651340113415,SSPG,CPG,0.06686204517246855,1,0.00046737267708187383,50.0,9.2,23.2
0.2695746182908193,0.1718666341844648,VT8020,U10,5.68766842856032,6.40512089857377,SSPG,CPG,0.06851409261956384,5,-0.0012364078125659378,50.1,9.2,23.0
0.2693090328108837,0.1718699847494886,VT8020,U10,6.358259729515213,6.21187707387681,CPG,CPG,0.0681321552695823,5,-2.1810778021688886e-05,50.2,9.1,23.2
0.26901012487250286,0.17223798551995254,VT8020,U10,6.423212654458209,6.177958398324476,CPG,CPG,0.06845570172469373,2,0.00019041902028432115,50.4,9.2,23.4
0.26867156168329653,0.1734689311826911,VT8020,U10,6.383704482072924,6.1133493990750765,CPG,SSPG,0.06781244478824772,2,-0.0005823490418530113,50.1,9.1,23.2
0.26870804405940013,0.17291890726739795,VT8020,U10,6.546521767428477,6.158222919443416,CPG,CPG,0.06766656160509545,1,-0.00020601260225631512,50.1,9.1,23.5
0.26807911749647384,0.17362673968456876,VT8020,U10,6.432432105191008,5.965825394847212,CPG,SSPG,0.06686590719919036,2,-0.0005703819741175115,50.0,9.2,23.5
0.26902954785273536,0.17429142431696487,VT8020,U10,6.638931010237954,6.087151331238125,CPG,SSPG,0.06699797366425486,0,-0.000484926424605037,50.0,9.2,23.1
0.26881527086336876,0.1720687376826368,VT8020,U10,6.595544848054706,5.998830015359966,CPG,SSPG,0.0667059003768211,3,-0.0005609302731919763,50.1,9.1,23.6
0.26899533037370277,0.1730398040777116,VT8020,U10,7.044033836748925,5.961750627376112,SSPG,SSPG,0.06645794328614214,6,-0.0006304925007094705,50.1,9.1,23.3
0.26904438913161394,0.17519409469245126,VT8020,U10,6.845421139414778,6.348832762467641,CPG,SSPG,0.06621088046202406,7,0.0062465923133882585,50.2,9.2,23.1
0.269191083613023,0.1734380811869523,VT8020,U10,6.94177396443115,6.0433429507045355,CPG,SSPG,0.06619776176388142,2,-0.0005034487896578934,50.3,9.1,23.3
0.2691195008188037,0.17611188924447585,VT8020,U10,6.978897403825338,6.5021763030598345,SSPG,CPG,0.06632974393707627,7,0.00038777221734831056,50.2,9.1,22.9
0.2698328268684485,0.17694211441743585,VT8020,U10,7.291806262969381,5.943644469036133,SSPG,SSPG,0.0651236957681663,2,-0.0009559593464038398,50.2,9.0,23.0
0.26941277465638513,0.17814478096197175,VT8020,U10,7.088322281400316,5.955625178678476,CPG,SSPG,0.06709383393402502,0,-0.0007808755756479003,50.2,9.2,23.0
0.26959857373211205,0.17855786524176243,VT8020,U10,7.718822679593474,5.960671476360812,CPG,SSPG,0.0660337989908698,1,-0.00037647368829623815,50.1,9.1,23.0
0.27088347050287753,0.17908047696471757,VT8020,U10,8.313504347513817,6.14987470989028,CPG,SSPG,0.06640341746261513,6,-0.0008101612535082825,50.0,9.2,22.5
0.26908408113687415,0.17942145976162716,VT8020,U10,7.709633502734511,6.230783794794812,CPG,CPG,0.06570226031323792,0,-0.0008014648647887645,50.2,9.1,22.9
0.26962982241372535,0.17923601707964598,VT8020,U10,8.01973868026025,5.82399703900227,CPG,SSPG,0.06562649305734655,4,-0.0013663933324643517,50.0,9.1,23.1
0.2698553048088592,0.1780486752142382,VT8020,U10,8.169498767516663,6.046561173454575,CPG,SSPG,0.06745428198709498,6,-0.00017620409724817968,50.2,9.2,22.8
0.26952415962236925,0.18355399688399454,VT8020,U10,8.50262115896452,6.4659734326905856,CPG,CPG,0.06773685580690468,2,-0.0008483644027013795,50.0,9.3,22.7
0.26969986845332167,0.17934425510709046,VT8020,U10,8.651978218589408,6.25629212291148,CPG,SSPG,0.0677165031909234,2,-0.00015130378721806936,50.0,9.3,23.0
0.26904420374238913,0.17333841872329772,VT8020,U10,7.800053837219166,6.199135742144042,CPG,CPG,0.06669051272249862,7,-0.0004773670107088195,50.2,9.0,23.4
0.27001778332422477,0.17233727370638105,VT8020,U10,7.469071445521096,6.6683989979943945,CPG,CPG,0.06754197736413521,2,-0.00012997023413114988,50.0,9.2,22.8
0.2703016593110988,0.17208174060202042,VT8020,U10,9.025795839474833,6.278319370144948,CPG,SSPG,0.06698968546226598,0,-0.0011462096294180238,51.2,9.1,23.2
0.2708045615319902,0.17297695791633846,VT8020,U12,9.21156030336104,6.496896109039739,CPG,SSPG,0.06584074188127145,3,0.00025014792768194324,50.4,9.1,23.2
0.2702134515381845,0.1776207083496005,VT8020,U10,9.418997965797525,6.809695751027887,CPG,CPG,0.06510137312300249,3,-0.0007228188680000352,50.3,9.0,22.8
0.27079882961874296,0.17927334819335383,VT8020,U10,10.498021635544841,6.799003012481524,CPG,CPG,0.06464430650999997,0,0.0001391602766490801,50.2,9.2,22.0
0.27176410221742564,0.17722616651225637,VT8020,U10,10.243368278944866,6.744614281537985,CPG,CPG,0.06472298287727023,1,-0.0005259865493404525,50.2,9.1,22.1
0.2726494673735542,0.1786878460098668,VT8020,U12,10.142894718343733,6.849703303680373,CPG,SSPG,0.06205217144811154,2,-0.0008844191754031523,50.1,9.1,22.1
0.2709490042287992,0.1804379866533126,VT8020,U10,9.8400413346486,7.031326093843545,CPG,SSPG,0.0651369621061945,7,-0.0005434135772980732,50.2,9.1,22.2
0.2711996149910383,0.18041687817081192,VT8020,U10,10.077252528709197,7.313205158014512,CPG,CPG,0.06626688540738587,5,-0.0006643798619335997,50.0,9.2,21.9
0.2706894995085121,0.17967617147709608,VT8020,U10,10.325954349663151,7.039293254686007,CPG,SSPG,0.06679941687157688,1,-0.00080325543923041,50.0,9.3,21.8
0.2711702217639458,0.17785404661781357,VT8020,U12,10.521029657767965,7.062274937319821,CPG,CPG,0.06589587764993035,4,-0.0007693439127695969,50.5,9.2,22.0
0.2713710508040552,0.17773710369811863,VT8020,U10,10.709939345321398,7.192662802771897,CPG,CPG,0.06534311602240211,3,-0.00036536513874211576,50.1,9.1,21.7
0.27113471823261476,0.17681567522107086,VT8020,U10,9.540746766422732,7.618370350096232,CPG,CPG,0.06547418019333938,1,0.0005618551510777341,50.1,9.3,21.7
0.27218183829964737,0.17616573038341182,VT8020,U10,10.506371591066994,7.583607887899476,CPG,CPG,0.06535543844339323,1,0.0006580636589802228,50.2,9.2,21.1
0.27297098827447797,0.17735043470733963,VT8020,U10,9.54978067239509,7.666235930431053,CPG,CPG,0.06337058860783201,4,-0.0005005464581369051,50.2,9.3,20.9
0.2721487815148832,0.18011678455508398,VT8020,U10,9.183810785768435,8.547354348054832,CPG,CPG,0.06399011552945226,4,-0.000425924994369992,51.0,9.4,20.5
0.2725910299255665,0.1746527019518865,VT8020,U10,9.267680247359072,8.232350613037498,CPG,CPG,0.06561672701311942,3,0.0003694238736154608,50.1,9.2,21.1
0.27245694842118795,0.17954986147683613,VT8020,U10,9.734291478907235,8.353866402546643,CPG,CPG,0.06476664308694031,1,0.000660072411436281,50.9,9.2,20.8
0.27301495829543426,0.17929551373821856,VT8020,U10,9.892632350603886,8.503620320150443,CPG,CPG,0.0648384498618906,5,-0.001164912228910498,50.4,9.2,20.8
0.2734732130750363,0.17206638278441388,VT8020,U10,9.02541804729115,8.568267608918381,CPG,CPG,0.06547121515756703,2,-0.000835522544931983,50.0,9.2,21.3
0.27283717413160585,0.17952784409668535,VT8020,U10,9.301316668006361,8.797341561748214,CPG,CPG,0.06610851839832749,6,0.0002443472133641523,52.0,9.3,20.3
0.27406884958189787,0.17947276526960604,VT8020,U10,9.452350074740895,8.413954500197129,CPG,CPG,0.06455689854904172,1,-0.00045286764092046213,50.5,9.2,20.2
0.2742479733618456,0.17587189753297358,VT8020,U10,8.31482260274405,9.16529890591095,CPG,CPG,0.06624718070442694,3,-0.0008027669877518323,50.8,9.2,20.4
0.27458111937493473,0.17566733995987635,VT8020,U10,7.927131789704573,9.189103989683804,CPG,CPG,0.06448963531358706,3,-0.0008914184955654844,51.7,9.2,19.8
0.27485743721074535,0.17598911680772125,VT8020,U10,8.84975932019781,9.042868090455814,CPG,CPG,0.06398958776215796,0,-0.0008025502542563863,53.4,9.2,19.3
0.27506915225858386,0.17312889267897005,VT8020,U10,7.745109564062593,8.850595083071372,CPG,CPG,0.06404520644494067,1,-0.0004285167664352706,52.2,9.1,19.9
0.27449734565814443,0.1793688106474162,VT8020,U10,7.798641083479629,8.952055099525259,CPG,CPG,0.06506318517152572,6,-0.0007495974881183607,53.3,9.2,19.5
0.27416279559744033,0.17908610442033546,VT8020,U10,8.257934251509429,8.815657387025492,CPG,CPG,0.06612749456401273,3,-0.0011490072686469789,52.8,9.3,19.6
0.27311459671412835,0.1742820668663519,VT8020,U10,7.0944022604581365,8.469746735747222,CPG,CPG,0.06522656937549269,1,-0.001036991830001179,53.9,9.2,20.4
0.274290314813037,0.17256793475924967,VT8020,U10,7.861201123007726,7.55567355350803,CPG,CPG,0.06603463654245212,6,-0.0011039163886603276,50.9,9.1,20.7
0.2729963783937401,0.17797886189787182,VT8020,U10,8.403423265646634,7.566141840367088,CPG,CPG,0.06554341145233356,3,9.971265847778582e-05,52.0,9.2,20.6
0.27351389095857626,0.17671255185048518,VT8020,U10,7.583704446752982,7.6576976747222005,CPG,CPG,0.06497048119929652,2,-0.00022564041248637366,52.8,9.2,20.4
0.2734760158147167,0.18320425993185935,VT8020,U10,8.729660148717835,7.139641483036816,CPG,SSPG,0.06392225853637788,6,-0.0005935929230865139,53.3,9.0,20.0
0.27338939255534084,0.1784979800941295,VT8020,U10,8.840538572550312,6.402365621163964,CPG,CPG,0.0669217027362924,7,-0.0009994229840752916,51.8,9.1,20.7
0.27298296531894,0.17770085903999597,VT8020,U10,7.968042115929992,6.552254167089428,CPG,CPG,0.06625920322218129,4,-4.114788344104976e-05,54.7,9.2,19.9
0.2727436072713595,0.17702120113753694,VT8020,U10,7.74835423087267,6.1752854551193135,CPG,CPG,0.06727417723210186,7,-0.00042473527905031246,52.2,9.2,20.6
0.27419569936351007,0.17964642598113592,VT8020,U10,7.87047083351689,7.310522842537564,CPG,CPG,0.06644779364210765,2,-0.0009196211088182795,51.9,9.2,19.8
0.27461702918623393,0.17828938954087256,VT8020,U10,7.804748090922787,7.857284477155842,CPG,CPG,0.06567182738809299,7,-0.00064062163412329,52.8,9.3,19.8
0.2738513536243903,0.17590973307649221,VT8020,U10,7.8965808444540535,7.468636168071514,CPG,CPG,0.0687300875537394,1,-0.0010123204245433477,50.9,9.2,20.6
0.27419808414060315,0.17949409504061847,VT8020,U10,7.205047939769351,7.619593141592869,SSPG,CPG,0.06768846796330288,4,-0.0006045334813886678,52.2,9.3,19.9
0.2742850236640223,0.18140398143744313,VT8020,U10,8.011729822186389,7.41526674716791,CPG,CPG,0.06790406111992583,3,0.0005618498336699854,50.7,9.1,20.9
0.2746369605991798,0.1815301209231807,VT8020,U10,7.856514374668311,7.548909801331141,CPG,CPG,0.06626560704964331,3,-0.0009397438602741165,50.7,9.1,20.7
0.2756074195835626,0.18103139231607498,VT8020,U10,7.985979937588412,7.876766327421959,CPG,CPG,0.06510009231280796,0,-0.0008857629110298709,52.8,9.1,20.0
0.2748367825099844,0.1782556952137688,VT8020,U10,7.724289988751451,7.218826775922384,CPG,CPG,0.06627689435047175,5,-0.00015201452054959823,50.9,9.2,20.3
0.27475286963800033,0.18091727851766265,VT8020,U10,6.86637183775423,7.627204381128715,CPG,CPG,0.06780908340021209,7,-0.00047844367802786394,52.0,9.4,20.0
0.27520222058563915,0.18161174967757404,VT8020,U10,7.732145833113873,7.40301081074518,CPG,CPG,0.0643264906437023,2,0.00043945687728269177,52.4,9.2,19.9
0.2755840097479104,0.18212058481864715,VT8020,U10,8.126497094061621,7.431434164833107,CPG,CPG,0.06625549278314502,3,-0.00035420176194003836,52.5,9.2,19.9
0.2744097102515915,0.1825814051653541,VT8020,U10,8.578480686086337,7.425135850263174,CPG,CPG,0.06603259071151674,1,-0.0003553761534781546,51.5,9.2,20.4
0.27418483411171396,0.1781896446617296,VT8020,U10,8.445079176082658,6.891618099460917,CPG,CPG,0.06670600034244695,3,-0.0010327610207713717,50.6,9.0,20.9
0.27381972693775314,0.17973434561719803,VT8020,U10,8.144659487055016,6.58726890022778,CPG,CPG,0.06657598153154977,2,-0.0014437620761681784,50.6,9.1,21.0
0.27390123592467525,0.18129906166255638,VT8020,U10,8.677537185606507,6.8065895663569025,CPG,CPG,0.0669399858164346,7,-0.000298131028512354,51.1,9.1,20.8
0.27333011359155157,0.1810543733504143,VT8020,U10,8.524678561126915,6.589781043319511,CPG,CPG,0.06774352607508435,1,-0.000893305513005785,50.8,9.0,21.0
0.273078243118474,0.1788355553994155,VT8020,U10,8.529367873783299,5.829912183767679,CPG,SSPG,0.06851650426376328,1,-0.0005240129736228962,50.4,9.0,21.3
0.27226918550935875,0.1824043901802726,VT8020,U10,9.346463227555276,6.142917067550011,CPG,SSPG,0.06912758203407177,7,-0.0007443808781012931,50.7,9.0,21.3
0.2739755114728997,0.18233422003370675,VT8020,U10,8.574983520997211,6.393140947176392,CPG,CPG,0.06846992532646441,7,-0.0008054100672661635,51.2,9.2,20.6
0.27405095214560826,0.1807193910436026,VT8020,U10,8.677557085088461,6.37953469147359,CPG,CPG,0.0688425257764885,7,-0.0003037717397347177,51.0,9.1,21.1
0.27341053685905936,0.1812320654619805,VT8020,U10,8.496396092651787,5.793246775468257,CPG,SSPG,0.07021813135642731,7,-0.0003261133274997986,50.2,9.2,21.4
0.2724263077650304,0.1811972341528943,VT8020,U10,8.172561764133574,5.989539176416896,CPG,SSPG,0.07062254590316826,7,-0.0010628126671802444,50.1,9.2,21.7
0.27226264168149866,0.18043436390733997,VT8020,U10,8.144249254942848,6.456615025605018,CPG,CPG,0.0710775183327877,0,-0.00082145910686002,50.0,9.2,21.6
0.27337944665828373,0.17931992432942429,VT8020,U10,8.292328648623442,5.9736011807796885,CPG,SSPG,0.06843066808695017,1,-0.0008077735307819151,50.2,9.0,21.6
0.27307569590734115,0.18168118997934093,VT8020,U10,8.824820824919591,6.0766231102335295,CPG,SSPG,0.06798491960978907,0,7.949713132007503e-05,50.4,9.1,21.2
0.27436430708719173,0.1795667050204851,VT8020,U10,8.017179875477037,6.836546484754008,CPG,CPG,0.06902167309324632,2,-0.0006392233595180579,50.4,9.2,20.9
0.27425195551099046,0.17879005918530477,VT8020,U10,8.46134865396305,6.626936253688724,CPG,CPG,0.06860823549323525,7,-0.0011968719027081385,50.5,9.2,20.9
0.27398133753869175,0.17857532134595175,VT8020,U10,8.20462311660815,6.345325613317268,CPG,SSPG,0.06752164514052306,2,-0.0005537322966381604,50.6,9.1,21.3
0.27361471004288024,0.17962187118069342,VT8020,U10,8.929562414365371,6.506922571167838,CPG,CPG,0.06842796970566398,4,-5.1164321041814904e-05,50.1,9.1,21.4
0.2740530755858569,0.18150257164175992,VT8020,U10,8.658135754468697,6.728604774695454,CPG,CPG,0.06774556240399521,1,-0.000661085491487558,50.6,9.1,21.2
0.2737678611740231,0.1828223017131758,VT8020,U10,8.935988004263926,6.782717621495484,CPG,CPG,0.06738437011533088,7,5.087212333792731e-05,50.7,9.1,21.0
0.2736887110100374,0.18211814803010296,VT8020,U10,8.902715516750412,6.7088862722755165,CPG,CPG,0.06862169069128632,7,-0.0006862120764240464,50.8,9.2,20.9
0.2738254171390756,0.18170515278584437,VT8020,U10,8.911159293675759,6.993414712060008,CPG,SSPG,0.06736279527658197,0,-0.0008824425869687991,51.0,9.2,20.8
0.2736356252347975,0.18010619074537382,VT8020,U10,8.766486932002906,6.788309677258265,CPG,CPG,0.06780259173670061,1,-0.000846780169364379,50.8,9.1,21.1
0.2737542224658114,0.18223885731250983,VT8020,U10,8.735037187722789,6.862663229950722,CPG,CPG,0.06776156777587244,2,-0.00022333755635114928,51.5,9.2,20.7
0.27391951868533604,0.18118076892386625,VT8020,U10,8.623760085524403,6.665754519816397,CPG,CPG,0.06750953988019698,1,0.0005787997708479787,51.4,9.2,20.9
0.2737760608765377,0.18166014325277482,VT8020,U10,8.726043938196156,6.883840777329148,CPG,CPG,0.0667341437467282,2,-0.00017643302196931952,51.6,9.2,20.9
0.2736396896871883,0.18127185618909797,VT8020,U10,8.503083127565063,6.646747316499971,CPG,CPG,0.06681416080405271,0,-0.0010584393038057562,51.5,9.1,21.0
0.273731834630885,0.18070018051336692,VT8020,U10,8.79320334750496,6.741127019083831,CPG,CPG,0.06565308595844724,4,0.0006582108314016706,51.6,9.1,21.0
0.27361841192123426,0.17924232141267893,VT8020,U10,8.44996368428763,6.894715357806738,CPG,CPG,0.06672710474096913,4,-0.0011214691301283724,51.4,9.2,20.9
0.2738490371647812,0.17943282530376523,VT8020,U10,8.48500898455443,6.8129086688863385,CPG,CPG,0.06667176506491779,1,0.0005500195452411253,51.4,9.1,21.1
0.2739444189006259,0.17980895327254612,VT8020,U10,8.594696456057871,6.928431021420652,CPG,CPG,0.06668474558282632,4,-0.0011273780139663741,51.0,9.1,21.0
0.2744356898766191,0.18116750803121268,VT8020,U10,8.33021894361115,7.4089725663759936,CPG,CPG,0.06588015244304748,2,-0.00036551810440872386,51.8,9.2,20.7
0.2746178181695587,0.18063990883146047,VT8020,U10,8.379222712494759,7.884591504500226,CPG,CPG,0.06593738843235142,5,-0.0006401311073380301,52.4,9.2,20.5
0.2741460322168561,0.18139465486039774,VT8020,U10,8.434350975837006,8.057408593827601,CPG,CPG,0.06489622274206917,1,-0.0010416522161901883,52.9,9.2,20.5
0.27445394783534716,0.18177632527990484,VT8020,U10,8.264738977496412,7.952399665333611,CPG,CPG,0.06452693650323706,4,-0.0007233361462081482,53.3,9.2,20.3
0.27482880925326314,0.18061957960133765,VT8020,U10,8.382955218840168,7.921962513550695,CPG,CPG,0.064563138685754,5,-0.0005601096934814474,52.9,9.2,20.3
0.2748327041814066,0.18008617645063066,VT8020,U10,8.246776424016236,8.496233180691377,CPG,CPG,0.0650151356321815,1,-0.0015904553621966895,52.3,9.3,20.3
0.2753307292735251,0.1817113550833723,VT8020,U10,8.556541028574737,8.192107403046498,CPG,CPG,0.06472263892939258,7,-0.0003342268292581439,52.4,9.3,20.0
0.275414822180467,0.17826305341555757,VT8020,U10,8.282339640928733,8.738491321250443,CPG,CPG,0.06374775418736316,6,-0.0003528078050198946,52.3,9.2,20.1
0.27481827279173554,0.18045395759477265,VT8020,U10,8.322243956944835,8.801892547453523,CPG,CPG,0.06401197345536117,7,-0.001109020141547577,52.1,9.3,20.1
0.2752195277094528,0.17689562622283211,VT8020,U10,8.180797946350934,9.445806739403011,CPG,CPG,0.06299436327731557,7,-0.0008538477794517024,51.6,9.3,20.1
0.2744604421742423,0.1785320013507076,VT8020,U10,8.332930556367437,9.119120129924617,CPG,CPG,0.06236344110929831,1,-0.0013422629501729584,53.9,9.3,20.2
0.2746894942489521,0.18034580281767976,VT8020,U10,8.843018961550156,8.30641590642,CPG,CPG,0.06423834180994133,5,-0.0010790030898815434,51.8,9.3,20.1
0.27484247505538184,0.18130972198822704,VT8020,U10,9.11439303308636,8.522132443507457,CPG,CPG,0.06405375120602479,1,-0.001094229877546617,51.4,9.2,20.2
0.2744445008062844,0.17968659247760077,VT8020,U10,9.264240936810001,8.495299912523816,CPG,CPG,0.0647360812497391,7,-0.0012357180298287048,51.8,9.2,20.5
0.2747152063635126,0.1796457070378507,VT8020,U10,9.167411563957732,8.887294217244623,CPG,CPG,0.06423278087530515,7,-4.956707914103957e-05,51.0,9.2,20.4
0.2751370079262022,0.17663669924066433,VT8020,U10,9.022713090922078,9.706952035830442,CPG,CPG,0.061720057990957644,5,-0.001183285116266285,51.7,9.2,20.3
0.2745548286729052,0.1782007080582148,VT8020,U10,9.233568463581568,8.225773732741061,CPG,CPG,0.0636726066163925,3,-0.0006830944590854834,51.4,9.2,20.6
0.2746363343577178,0.1736901662154862,VT8020,U10,8.78551687635576,9.798498093232233,CPG,CPG,0.05998033344069902,2,5.229372867975122e-05,52.7,9.2,20.6
0.2749880956160654,0.17346562376089897,VT8020,U10,8.861112092082879,9.895238189411117,CPG,CPG,0.058595788957347815,0,-0.0008463581029816969,51.9,9.1,20.5
0.2754897178221507,0.17785343495543854,VT8020,U10,8.462622818425698,9.90667595263804,CPG,CPG,0.06072162644356262,5,-0.0011667885015905599,52.0,9.3,20.0
0.27475191305618263,0.175711168328318,VT8020,U10,8.337085900125377,9.582813017355871,CPG,CPG,0.059248528330191064,7,-0.0007199681463636836,51.6,9.2,20.1
0.2743406440596812,0.17722019296972868,VT8020,U10,8.699400359364304,10.044763210397518,CPG,CPG,0.060466902274766185,3,-0.0010526459103717618,51.0,9.3,20.4
0.27409160251424897,0.17808868769717634,VT8020,U10,9.017818832119463,9.553618997845325,CPG,CPG,0.06102711709078761,7,-0.0013006108241298948,51.5,9.2,20.4
0.27418492594381016,0.17632988395968507,VT8020,U10,8.036010256510757,10.007133484466369,CPG,CPG,0.059679990914298556,6,-0.0007664345353918932,53.4,9.3,20.3
0.2731625676340706,0.17609168924798127,VT8020,U10,8.505147819968716,9.69756803432849,CPG,CPG,0.06064561578384238,3,-0.0003671868183305303,52.2,9.4,20.2
0.2737644388568156,0.17775917570633798,VT8020,U10,8.29385728094572,10.274036504830468,CPG,CPG,0.061126075648122793,5,-0.00013476070895353503,51.3,9.4,20.1
0.2739981682630475,0.17567025790220211,VT8020,U10,8.184164683603825,10.388933183110712,CPG,CPG,0.059668364656414404,7,-0.001202991877941956,52.3,9.3,20.2
0.273654606329668,0.17651444299090013,VT8020,U10,8.256323583690001,10.692640963147586,CPG,CPG,0.05910413743465504,6,-0.001135242482980884,51.6,9.3,20.2
0.2737927022422949,0.176132046326172,VT8020,U10,8.097246746965764,10.577401877739245,CPG,CPG,0.061495289202695085,5,-0.0006425064016067456,51.3,9.3,20.2
0.2738601175814796,0.17704911113511454,VT8020,U10,7.843957241909547,10.524833211214581,CPG,CPG,0.06001234415454982,3,0.00012292609487456587,52.5,9.4,19.9
0.27320608296839755,0.1764595694315744,VT8020,U10,7.885840595076944,9.770368017971625,CPG,CPG,0.06368537297328952,4,-0.0012598873279481338,51.1,9.4,20.4
0.27343577899753546,0.17494254837872314,VT8020,U10,8.009084729828198,10.537040826925029,CPG,CPG,0.06249184161021144,7,-0.0004754182079463921,54.3,9.5,19.9
0.2734918716456409,0.17296798152238602,VT8020,U10,8.186321874255764,10.387684542600695,CPG,CPG,0.06194373952972448,1,-0.0012017494294480802,52.3,9.4,20.4
0.27363080074855417,0.17526327931661892,VT8020,U10,7.822485298464867,10.262223984616226,CPG,CPG,0.06085866038784471,3,-0.000339406359814335,52.3,9.4,20.3
0.2737618287566932,0.1778168406036518,VT8020,U10,8.398984957685126,9.80818814676762,CPG,CPG,0.06318465762887422,3,5.172570038242531e-05,51.9,9.4,20.3
0.27434075659524904,0.17553432726221743,VT8020,U10,8.015914960073859,10.467299277256078,CPG,CPG,0.061265460168379034,3,-0.0005571547583439343,54.3,9.3,20.2
0.2744003035075211,0.17598585569288028,VT8020,U10,7.651513116963039,10.979700710256786,CPG,CPG,0.06157078385588281,0,-0.0008203857462771712,52.3,9.3,20.4
0.2738252398925678,0.17513568174722194,VT8020,U10,7.677628021044667,10.447815276516124,CPG,CPG,0.061952391928060346,1,-0.00028680672873603757,51.8,9.4,20.5
0.2744952269053766,0.176313242261257,VT8020,U10,7.255416480446236,10.17850093024416,SSPG,CPG,0.06261595040134316,5,-0.0008185944598946427,51.6,9.3,20.7
0.2737702523203512,0.17513578356980156,VT8020,U10,7.172833596868401,10.144557056568914,SSPG,CPG,0.06221992735907581,6,-0.001134867124633376,51.8,9.3,20.8
0.2739837110687224,0.1754227301205583,VT8020,U10,7.749123963568524,10.284343697220056,CPG,CPG,0.06097222875399957,4,-0.0005154199871475625,52.4,9.3,20.6
0.2742802886924726,0.1711833305372876,VT8020,U10,7.390740434279391,10.66297813540871,CPG,CPG,0.0615807611915668,7,-9.111608754437239e-05,51.8,9.3,20.7
0.2737523722190972,0.17226681668217758,VT8020,U10,7.233692969979204,10.809054747386044,SSPG,CPG,0.061655111426521345,3,-0.0017126045068796935,52.2,9.3,20.8
0.2738440899978593,0.1733216004197579,VT8020,U10,7.513486493472925,10.8394940567121,CPG,CPG,0.06091621805139055,1,-0.0002516695990488335,51.0,9.3,20.6
0.2734256801380395,0.17293388502735335,VT8020,U10,7.337228619181098,10.81786002386975,SSPG,CPG,0.06097608682821734,2,-0.0017625396339819212,52.0,9.4,20.7
0.27371627208370575,0.1746038456555978,VT8020,U10,7.708940693447302,11.03291914852523,CPG,CPG,0.061519072270058026,5,-0.0007176573207189273,51.2,9.3,20.7
0.27335375491694736,0.1736413544663471,VT8020,U10,7.524706303719827,10.825839690611067,CPG,CPG,0.06117816242529486,7,-0.0003109926007707031,51.4,9.4,20.8
0.2735766741284841,0.17464155159209638,VT8020,U10,7.131554301431086,11.130609403944097,CPG,CPG,0.059679172127918095,6,0.00013747574058775905,51.6,9.4,20.6
0.27399310356485096,0.17382101396154281,VT8020,U10,7.198363325808481,11.259745594409024,SSPG,CPG,0.06025544204004611,4,-0.001287827970229871,52.1,9.4,20.5
0.273261797947454,0.17369329275853065,VT8020,U10,7.497750112361855,10.993893279008354,CPG,CPG,0.06056556942247435,1,-0.0013668784182170233,52.2,9.4,20.7
0.27355750933111944,0.176226677680022,VT8020,U10,7.553472134790025,11.065925396488952,CPG,CPG,0.06095070781272445,5,-0.00121545689742257,51.1,9.3,20.9
0.2733190850674071,0.1739177073699489,VT8020,U10,7.785488892974271,11.208765256594866,CPG,CPG,0.05992540169293235,4,-0.0013034198369569073,52.2,9.4,20.4
0.2733645511256284,0.17437137074399328,VT8020,U10,7.946193979792369,10.643616682290606,CPG,CPG,0.05999869830232229,3,-0.0010944744162314965,53.3,9.4,20.4
0.272967974574351,0.17536162660468355,VT8020,U10,7.844548611004189,11.029043791148693,CPG,CPG,0.06096064560757492,1,-0.0009653732533727905,52.4,9.4,20.7
0.2731274494758744,0.17781398940969245,VT8020,U10,8.046329588402237,10.988223043696749,CPG,CPG,0.06064124953530651,7,-0.0012126975836944135,52.6,9.4,20.5
0.27276073238236054,0.17613222513695592,VT8020,U10,7.828037599173335,11.0163072062182,CPG,CPG,0.06146927477677499,2,-0.0010304154491965615,52.0,9.4,20.7
0.27234276016571274,0.1757343986537361,VT8020,U10,7.9426695448011815,10.34915304147967,CPG,CPG,0.0621972347560428,4,-0.001850105254849584,51.3,9.3,21.0
0.2723624072309062,0.1766303965533259,VT8020,U10,7.856190441238767,10.480699400856814,CPG,CPG,0.06168357386777791,7,0.00036510329317794457,52.0,9.4,20.9
0.2723101803015806,0.1771258395487625,VT8020,U10,7.937674201654014,9.697425620979256,CPG,CPG,0.06284235777351051,3,-0.0010324131547725717,51.9,9.3,21.0
0.27278093650037216,0.17647161374570686,VT8020,U10,7.561362569003135,9.981283569907248,CPG,CPG,0.06209729983015629,2,-0.0008901971260366086,52.7,9.4,20.7
0.2730283732648715,0.17613296422121652,VT8020,U10,7.706093937018451,10.302106264950147,CPG,CPG,0.06110066302711743,0,-0.0005680665570566539,51.2,9.3,20.8
0.2730434561480063,0.17492900678091716,VT8020,U10,7.381274652952353,10.665435088033533,CPG,CPG,0.06189443803778565,3,-0.00010609646494626787,50.7,9.3,21.1
0.2732210755979748,0.17577462931984242,VT8020,U10,7.2816210383463496,10.380083964418528,SSPG,CPG,0.062169808416899786,1,-0.000590389607281345,50.8,9.3,21.1
0.2727624433081008,0.17647771705526005,VT8020,U10,7.326453599548763,9.757704400526801,SSPG,CPG,0.0632381934353419,0,-8.743040036691095e-05,50.4,9.3,21.3
0.27259478772009127,0.17622849856298395,VT8020,U10,7.260130682398389,10.195662627592428,SSPG,CPG,0.06192203805225696,1,-0.0008961009972710278,50.8,9.3,21.0
0.27309623623391943,0.1769998349175645,VT8020,U10,7.321798010637062,9.911797469292006,SSPG,CPG,0.06230585559286727,1,-0.0016166625861480646,50.6,9.3,21.1
0.27314166882783497,0.17612772203083604,VT8020,U10,7.2829699153921235,10.1462368680236,SSPG,CPG,0.06154969028067811,7,-0.0010249187232544746,51.1,9.3,21.0
0.2727611623098002,0.17682396934455935,VT8020,U10,7.253640711632532,9.62180783880438,SSPG,CPG,0.06258658749261926,1,-0.0010286995552538792,50.7,9.2,21.3
0.27318872874777084,0.17681325462538952,VT8020,U10,7.345898210607438,10.82009072756506,SSPG,CPG,0.06100446048535993,6,-0.001696906927639642,51.2,9.4,21.0
0.2731435535553101,0.17659956962470896,VT8020,U10,7.347746977647013,10.626891553777364,SSPG,CPG,0.061593958385529265,6,-0.0010101494909087849,51.1,9.4,21.0
0.27343104653686123,0.17801159382402654,VT8020,U10,7.299120933602999,10.15656528227234,SSPG,CPG,0.06269939179877726,4,-0.0008338983129795303,50.6,9.3,21.4
0.27272178557747107,0.17693052033070547,VT8020,U10,7.284878482021291,10.089553767444812,SSPG,CPG,0.062180871422839554,5,-0.001346943632810951,50.8,9.3,21.5
0.2730065068001066,0.17769636561020657,VT8020,U10,7.361341021636873,10.48168963378034,CPG,CPG,0.062219408142263594,5,-0.0009294657000397293,50.7,9.3,21.4
0.2730423601194143,0.1744719885132024,VT8020,U10,7.306585767400138,10.874223773303743,SSPG,CPG,0.06025465623647871,3,-0.0014197319795300107,51.9,9.4,21.1
0.27272256400060957,0.17654350780414393,VT8020,U10,7.15927864436629,10.578706121706242,SSPG,CPG,0.06193278174657971,0,-0.0008859756953890296,51.4,9.4,21.3
0.2729946204575888,0.17560553661581282,VT8020,U10,7.071898523344704,10.210335661278142,CPG,CPG,0.061878332883915296,4,-0.0005223727644735278,52.0,9.4,21.1
0.27310331431500245,0.17466407348493213,VT8020,U10,7.124633929732811,10.385993186183693,CPG,CPG,0.0610256658940006,5,-0.0007909650904913844,51.7,9.4,21.0
0.27281537264401906,0.17310897891102178,VT8020,U10,7.198136419377313,10.053378062023775,SSPG,CPG,0.06178633392651915,5,-0.001143466203591495,52.2,9.3,21.0
0.27325715133712,0.17742167378773108,VT8020,U10,7.332211377870614,10.43500547026637,SSPG,CPG,0.06163295381180449,6,-0.0007714019226484922,51.9,9.4,21.0
0.2727896754076636,0.1759818326050241,VT8020,U10,7.264549163989276,9.798784397525043,SSPG,CPG,0.062995484272102,2,-0.0008206181410467699,51.0,9.3,21.3
0.2728732329557534,0.17463406621028033,VT8020,U10,7.327935547692666,10.213587831799654,SSPG,CPG,0.06147910550981121,0,-0.0008408557839348022,52.5,9.3,20.9
0.27288804684460033,0.17620965028753274,VT8020,U10,7.111761882146187,10.607464725098378,CPG,CPG,0.061551743525208646,4,-0.0003427557193359178,52.6,9.4,20.9
0.2731902195792062,0.17696273594211,VT8020,U10,7.633135501696697,10.461979295631657,CPG,CPG,0.06163572268500767,6,-0.0008270126374273306,51.8,9.3,21.0
0.27327402102538045,0.1773043854241816,VT8020,U10,7.4496450665201905,10.866901300730834,CPG,CPG,0.06084389474437483,4,1.6572226409013353e-05,52.1,9.3,20.8
0.2727269799366323,0.17871426799799042,VT8020,U10,7.550763735058981,10.46036551528401,CPG,CPG,0.06175203839348243,2,-0.0007661374020073337,51.6,9.3,21.1
0.2729688901301088,0.1791675980725919,VT8020,U10,7.3179528512949625,10.264474791813129,SSPG,CPG,0.0627475508947655,6,-0.0005955440523590363,51.4,9.3,21.3
0.2723437036196407,0.1783475030799987,VT8020,U10,7.59411965825319,10.047452366184935,CPG,CPG,0.06229777300965121,1,-0.0010797208003501854,51.7,9.4,21.2
0.27267126034928796,0.17854095317070698,VT8020,U10,7.691717554451396,10.177699496963434,CPG,CPG,0.0619187252590576,1,-0.0001827411705247685,51.6,9.3,21.1
0.2724562082007029,0.1799747911658678,VT8020,U10,7.928240531696851,9.700373620728767,CPG,CPG,0.06244956819530942,2,-0.001069147793152202,51.9,9.3,21.0
0.27237664235030046,0.1801738550000086,VT8020,U12,8.153880986804122,9.622793437725228,CPG,CPG,0.062033734491032465,0,-0.0007144892670599219,51.4,9.3,21.2
0.2717842409303348,0.1781171124754831,VT8020,U12,8.410483393258222,9.644221705438099,CPG,CPG,0.061770986289888634,4,0.00040726993708544844,51.8,9.3,21.2
0.272459330663642,0.18105336792179455,VT8020,U10,8.174764804312511,9.750934456622652,CPG,CPG,0.062333122305476864,4,-0.0010864091999899022,52.0,9.3,21.1
0.27267481271549115,0.1810758802094537,VT8020,U10,8.146895953803291,9.747660239008376,CPG,CPG,0.06224710372390824,7,-0.0010857360835691782,51.7,9.3,20.8
0.2728309225883263,0.18232555990528765,VT8020,U10,8.218194813209852,10.13633239369885,CPG,CPG,0.0623372641207247,6,-0.0007984551054534743,51.7,9.4,20.9
0.2729494108719427,0.17928260396329623,VT8020,U10,7.893690434346074,10.312966743531865,CPG,CPG,0.061890639817818574,0,-0.0016591458599481777,53.0,9.4,20.5
0.27258830322622,0.18010214179572243,VT8020,U10,8.08050180497158,9.694156364938557,CPG,CPG,0.06344706868099677,3,-0.0010296083141026042,51.7,9.4,20.9
0.27277248961743106,0.1808644638318008,VT8020,U10,8.097706491439187,9.699006220990778,CPG,CPG,0.06392845084966986,4,-0.0009744021902768833,51.8,9.4,20.7
0.2723227019772765,0.1782677130645532,VT8020,U10,8.057492691172577,9.644891932171417,CPG,CPG,0.06295312147960055,2,-0.0008143689095822394,52.2,9.4,20.8
0.2725370386088489,0.18123127145535434,VT8020,U10,8.269579303572748,9.230386992669892,CPG,CPG,0.0643409545478004,7,-0.0010397623767440056,51.7,9.4,20.6
0.27260955786950464,0.18153567358841885,VT8020,U10,8.19563692262828,9.234187343307987,CPG,CPG,0.06530839521471139,4,-0.0007288590002596921,51.7,9.4,20.8
0.27212266076423713,0.1809512994684518,VT8020,U10,8.667983478339547,9.08915955374102,CPG,CPG,0.06467474825751353,5,-0.0007985028566340313,51.6,9.4,20.7
0.2732090646703662,0.18189183112032561,VT8020,U10,8.133099188129048,10.35600621108874,CPG,CPG,0.0627539353910658,3,-0.0004321410182912594,51.1,9.4,20.8
0.2727490969442516,0.18019736200089642,VT8020,U10,7.960531476802622,9.99580210915298,CPG,CPG,0.06353722094573656,5,-0.0009298757152364436,52.1,9.5,20.5
0.27209919878727795,0.18127658930376833,VT8020,U10,8.24509531729294,9.425561497371156,CPG,CPG,0.06426459598051357,3,-0.0010557735055533148,51.9,9.5,20.5
0.2720675733452026,0.17818636657577747,VT8020,U10,8.075211481583203,9.553446248170616,CPG,CPG,0.06350890640299486,0,-0.0007779200503721779,52.3,9.5,20.5
0.27221473369666865,0.1794398170027143,VT8020,U10,8.240745183905279,9.270435230510408,CPG,CPG,0.06424229768453768,6,0.0004357447650923658,52.3,9.4,20.5
0.2722301816431293,0.17918674210662683,VT8020,U10,8.14033693200867,9.18482997309142,CPG,CPG,0.06482723564247135,0,-0.0008712785685716759,52.2,9.4,20.4
0.27187459081184284,0.17806726567260994,VT8020,U10,8.13977220460649,9.422692076098745,CPG,CPG,0.06441864048000548,0,-0.0007928290314218836,51.7,9.4,20.5
0.2719430364563588,0.17889689875419174,VT8020,U10,8.402037617526332,8.953659841927537,CPG,CPG,0.06483991332545813,4,-0.0008916220185925332,51.7,9.3,20.7
0.2713960821562945,0.17826783391160378,VT8020,U10,8.409318895512682,8.938475008887607,CPG,CPG,0.06518755824903298,5,-0.00042491014653649314,52.0,9.4,20.6
0.2717793834443063,0.17912143586376034,VT8020,U10,8.220397841322661,8.840441675991872,CPG,CPG,0.06557757760994433,1,-0.0003570838519120095,51.5,9.4,20.6
0.2719528067874426,0.17743588492811085,VT8020,U10,8.120757495792201,8.678504959971297,CPG,CPG,0.06620144594822858,1,-0.00034770733396946173,51.8,9.4,20.4
0.27193290661664266,0.17780132006028454,VT8020,U10,8.334959675751278,8.711809520894683,CPG,CPG,0.06532769767778457,0,-0.00028102864320063057,51.9,9.4,20.4
0.2720321533679349,0.1772981847501724,VT8020,U10,8.27456741382271,8.607123390925812,CPG,CPG,0.06549839161922844,7,-0.001235919236009471,52.6,9.4,20.2
0.27224651720630233,0.1759144562105419,VT8020,U10,8.163732566400256,9.35751469858456,CPG,CPG,0.06363214333511383,2,-0.0008203076131601417,53.0,9.4,20.3
0.27222134787277813,0.17803593301673026,VT8020,U10,8.464945400213423,9.20969954236789,CPG,CPG,0.06432821119828795,6,-0.0004935664587818228,52.3,9.4,20.4
0.2720616094970445,0.17776659860595895,VT8020,U10,8.443575248878233,9.310882572147502,CPG,CPG,0.06409776788627906,5,0.00025179893201251753,51.5,9.4,20.7
0.2721340245744482,0.17880421440930852,VT8020,U10,8.504122627204394,9.062834448533511,CPG,CPG,0.06518018073520669,1,-0.0010952818035643063,51.2,9.4,20.7
0.2722135508888167,0.17817384842065812,VT8020,U10,8.511478267466785,8.832578911324717,CPG,CPG,0.06471046264521411,7,-0.0008182888421801046,51.6,9.3,20.6
0.2723412651066227,0.1797473018027469,VT8020,U10,8.585635494840067,8.522530420931306,CPG,CPG,0.06575145278310535,2,-0.0007666874324297034,51.1,9.3,20.6
0.2721138360585554,0.17780946045987156,VT8020,U10,8.458236415294717,8.573327265326053,CPG,CPG,0.06515168361155242,0,-0.0007634149898877989,51.4,9.3,20.7
0.27198219730362505,0.17783546285679086,VT8020,U10,8.571106497025005,8.458594385775925,CPG,CPG,0.0648924934666994,3,-0.0007725416026949873,51.5,9.3,20.5
0.27234459573463,0.1777172019438189,VT8020,U10,8.546842820747518,8.574876910398233,CPG,CPG,0.06507226497263166,5,-0.0008704701159751062,51.6,9.3,20.5
0.2724773724348374,0.17664121973296126,VT8020,U10,8.70432663266568,9.255377185032902,CPG,CPG,0.06369098788700422,5,-0.0007458016595583035,51.6,9.3,20.5
0.2724440825641038,0.1774097997965679,VT8020,U10,8.772346074941048,8.924317381087556,CPG,CPG,0.06403402143096537,7,-0.00041748984039963665,51.1,9.3,20.5
0.27204389141606633,0.17792052284564788,VT8020,U10,8.802789190840963,8.89380058225897,CPG,CPG,0.06405971763248097,5,-0.00046582705883143347,51.3,9.3,20.5
0.27279222637368855,0.17806172470747994,VT8020,U10,8.487053552169735,9.416076515177007,CPG,CPG,0.06283005651925791,3,-0.0001292577729479149,51.4,9.3,20.7
0.27245258642425263,0.1777069687986569,VT8020,U10,8.373665170949273,9.512270682274554,CPG,CPG,0.06309793905376627,5,-0.00034574343345462346,51.6,9.4,20.6
0.27230829311301036,0.17770524207219385,VT8020,U10,8.46887989184665,9.293151275214283,CPG,CPG,0.06344716743158071,4,-0.0013130297716255211,51.4,9.3,20.6
0.27212443992274954,0.1790599694273613,VT8020,U10,8.631122203128701,9.45046753655385,CPG,CPG,0.06302124581634772,1,-0.0003878212417866033,51.3,9.4,20.6
0.27251512801538674,0.17792545827564074,VT8020,U10,8.333510300443908,9.39454735143805,CPG,CPG,0.06358808741500951,2,-0.0007548223850741545,50.9,9.4,20.6
0.2724150091453379,0.17744439373363988,VT8020,U10,8.223848076469727,9.64966984027574,CPG,CPG,0.0631218308218431,4,-0.0010676070663186025,51.3,9.4,20.6
0.27250499806002915,0.176227281792245,VT8020,U10,8.174966721628437,9.84587653453866,CPG,CPG,0.06240666556132485,2,-0.0011252265453342918,52.2,9.4,20.4
0.27272266043424304,0.17636430032758363,VT8020,U10,8.322406360299276,9.434711227499836,CPG,CPG,0.06337888833077875,4,-0.0007864012881468995,52.2,9.4,20.3
0.2725629743504031,0.17630549428105152,VT8020,U10,8.227219068056637,9.766076982144495,CPG,CPG,0.06255632780042611,5,-0.001067980736461747,51.6,9.4,20.7
0.27295011401768243,0.17625947993544736,VT8020,U10,8.163849003727604,9.761833754968766,CPG,CPG,0.06264447389296056,2,-0.0011734883678943117,51.3,9.3,20.7
0.2729118604513714,0.17570696712515918,VT8020,U10,8.152639424776002,10.110989418293006,CPG,CPG,0.062263703854647634,1,-0.0007829373319752132,51.4,9.4,20.8
0.27287725796415263,0.1755739889388156,VT8020,U10,8.186489350736196,9.85002086907881,CPG,CPG,0.06190305201185216,7,0.00036477534933074273,51.5,9.3,20.7
0.2729349409455989,0.17424395516972396,VT8020,U10,7.722616919436045,10.80764912792673,CPG,CPG,0.06088077511752443,7,0.0005023755556463086,52.2,9.5,20.5
0.2728181754133975,0.17440117758952195,VT8020,U10,8.201207905921716,10.165441011942024,CPG,CPG,0.06176065026411493,0,-0.001040436037817241,52.0,9.4,20.5
0.27250832192683505,0.17380092841339637,VT8020,U10,8.263814090032547,9.72205740256437,CPG,CPG,0.0618101545112897,7,-0.0011387832478663177,51.9,9.3,20.6
0.2727091073942254,0.17355069178007276,VT8020,U10,7.978665468434838,9.925078500233846,CPG,CPG,0.06208762203921367,7,-0.00043116916292775995,52.5,9.4,20.5
0.2726325429244765,0.1731333681606879,VT8020,U10,8.05660223657307,10.08755807340727,CPG,CPG,0.0623190525460613,7,-0.0010299514559876045,52.2,9.4,20.7
0.2726016833295306,0.17088640494988477,VT8020,U10,7.755551305616757,10.457151244428283,CPG,CPG,0.061700144678305174,4,6.582175143491189e-05,52.6,9.4,20.6
0.27252259987016564,0.17223493985214952,VT8020,U10,7.943895964674508,10.592385357688755,CPG,CPG,0.061461592611734804,2,-0.0012931468418805152,52.4,9.5,20.6
0.27249407334908604,0.17289503678679513,VT8020,U10,7.690696580122232,10.30637165064088,CPG,CPG,0.06196347962672025,5,-0.0006574548648613451,51.7,9.4,20.7
0.27254152465416515,0.17185896476678322,VT8020,U10,7.716457433698834,10.962747779574713,CPG,CPG,0.06080715253574018,1,-0.0014789527016809976,52.6,9.5,20.6
0.27275476990975495,0.17118297444141076,VT8020,U10,7.64693528464271,10.879122786764722,CPG,CPG,0.060518652549856035,6,-0.00018032096458143738,52.5,9.5,20.6
0.2725368028680869,0.172122608395443,VT8020,U10,7.939013150994818,10.200182637230064,CPG,CPG,0.06218423113821946,0,-0.001334474635900325,51.7,9.4,20.8
0.272617833826835,0.1730770165522156,VT8020,U10,7.848961747305106,10.393729462269437,CPG,CPG,0.062028085243856806,7,-0.00018127541320127599,52.2,9.5,20.7
0.27251054737872416,0.17089450489847466,VT8020,U10,7.776782801123669,10.324715402762958,CPG,CPG,0.061586046536515685,4,-0.001209373062414356,52.5,9.5,20.7
0.2726049383722113,0.17183432707382196,VT8020,U10,7.764416194309044,9.95292115347277,CPG,CPG,0.06238079500753571,5,-0.00014668052112799552,52.0,9.4,20.7
0.2725632324113218,0.17234571022783401,VT8020,U10,7.989989347465931,9.347257036551753,CPG,CPG,0.06260475898181651,0,-0.0003787975874373847,51.6,9.4,20.6
0.27288408396209024,0.172097212328689,VT8020,U10,7.981401831740358,9.917558446273222,CPG,CPG,0.062104055924718155,4,-0.0003170733759604843,51.8,9.4,20.6
0.2726110715606432,0.17241697092316632,VT8020,U10,8.214004219934694,9.559889614167641,CPG,CPG,0.0628621205241688,0,-0.0010000951260254686,51.9,9.4,20.7
0.2726773379276895,0.17173743337957126,VT8020,U10,7.864497875887467,9.780107719423484,CPG,CPG,0.06240057165829234,4,-0.0012349112591130398,51.9,9.4,20.7
0.27265131457239966,0.1727225715932873,VT8020,U10,7.921915251061238,9.566686589812186,CPG,CPG,0.06249718629653107,0,-0.001103718697885526,51.8,9.3,20.6
0.27288604853135173,0.1735594425640474,VT8020,U10,7.924109505752169,9.713895282048856,CPG,CPG,0.06275708017698307,4,-0.0009217089281589696,51.4,9.4,20.7
0.2729773638792223,0.17272952184053597,VT8020,U10,7.799503238223827,9.963203705131894,CPG,CPG,0.06220329285978889,7,-0.00017982244719955153,51.5,9.4,20.6
0.2728792052668898,0.17303253499466784,VT8020,U10,7.865240381624986,9.551421103454054,CPG,CPG,0.06289738176178918,2,-0.0010478461611165058,51.4,9.3,20.7
0.2728175140947079,0.1742539755432788,VT8020,U10,8.11160427889699,9.451076874462746,CPG,CPG,0.06332787662070695,5,-0.00011163684469187203,51.5,9.3,20.7
0.2730730094912531,0.17394506809678562,VT8020,U10,7.896608138139046,9.827840837287326,CPG,CPG,0.06250734622253865,5,-0.0014062994693747977,51.1,9.3,20.7
0.2728770105794056,0.17327041278899946,VT8020,U10,7.939107396851008,9.791506979773892,CPG,CPG,0.06257281707870074,4,-0.001204299203327252,51.6,9.4,20.7
0.2729859240919038,0.17288874950575853,VT8020,U10,7.93125386266064,9.71584572047497,CPG,CPG,0.06273389805115767,0,-0.0009307669227408535,51.5,9.4,20.7
0.27300817258465576,0.17301315100532838,VT8020,U10,7.892220694125595,9.97879169622753,CPG,CPG,0.0619653703765357,7,0.0005876790310162251,51.5,9.4,20.7
0.2729489961784523,0.1730898108343373,VT8020,U10,7.941453003280191,10.092156686705737,CPG,CPG,0.061743729231795455,0,-0.0008849579573878216,51.6,9.4,20.7
0.2728290899809157,0.17344132077078095,VT8020,U10,7.998243304254721,10.00697312296122,CPG,CPG,0.06195828663070821,2,-0.0009279858022688862,51.3,9.4,20.8
0.2728908483880829,0.17400726167168026,VT8020,U10,8.138776247646405,9.671787793837002,CPG,CPG,0.06273491082049557,1,-0.001044616859356695,51.5,9.4,20.7
0.272929426969968,0.17361610147069795,VT8020,U10,8.174937446539262,9.742331380443872,CPG,CPG,0.06242878882266294,1,-0.0008513350953130465,51.4,9.3,20.7
0.27299695764348036,0.17441053592082434,VT8020,U10,8.108414264635712,9.736873295474242,CPG,CPG,0.06263741523828946,6,-0.000944060725650425,51.2,9.3,20.8
0.2729067873089844,0.1730585614258007,VT8020,U10,8.12656542514284,9.869371181493664,CPG,CPG,0.062134314967557315,4,-0.0016976995201909355,51.4,9.3,20.8
0.27284250635289814,0.17280289988945804,VT8020,U10,8.092568380634173,9.811138926058447,CPG,CPG,0.06223557476787227,6,-0.0013508537606449701,51.3,9.4,20.7
0.2729814306867979,0.17380293906810582,VT8020,U10,8.087129228369985,9.863692222782651,CPG,CPG,0.06247992669007106,2,-0.0016115025292547211,51.4,9.4,20.7
0.2729218072614751,0.17374820417851644,VT8020,U10,8.207861759683647,9.503329031875293,CPG,CPG,0.06288932894506964,2,-0.0011872837351086362,50.9,9.3,20.8
0.2728477516032036,0.17446043104642747,VT8020,U10,8.225436014458616,9.394365574617877,CPG,CPG,0.06303660914271604,2,-0.001023404639250482,50.9,9.3,20.7
0.272974151539067,0.17426396421127893,VT8020,U10,8.202557303143212,9.808299179134513,CPG,CPG,0.0625710192858301,6,-0.0009959120345073872,50.8,9.3,20.8
0.27294421125116924,0.1743156587591466,VT8020,U10,8.316329406106298,9.822086555758176,CPG,CPG,0.0625513549955141,5,-0.0005765099624227624,50.8,9.3,20.9
0.27307298003107894,0.1756741632748528,VT8020,U10,8.339431467873657,9.677737466052278,CPG,CPG,0.06295596727725053,7,-0.0009627757847142442,50.7,9.3,20.9
0.27307897186176877,0.1743086825631601,VT8020,U10,8.280295818715025,9.452357794289842,CPG,CPG,0.06290588844222007,2,-4.9222682070872896e-05,51.0,9.3,20.8
0.2730364027093576,0.17406470860418283,VT8020,U10,8.343549763459196,9.683663374188576,CPG,CPG,0.06257576508155147,6,-0.0010120062828320635,51.1,9.3,20.8
0.27309081218224673,0.1732726904897455,VT8020,U10,8.298662757362116,9.725278293325385,CPG,CPG,0.06268061008118227,2,-0.0009203209056078375,51.6,9.4,20.6
0.27262679012286123,0.17236927509273164,VT8020,U10,8.550008392304917,9.46613410520122,CPG,CPG,0.06289172643350098,6,-0.00029660164071595714,52.1,9.4,20.5
0.27325713219332504,0.17304628158858631,VT8020,U10,8.105140578189559,9.64356850513775,CPG,CPG,0.06297840702957244,3,-0.0007039897237648763,51.7,9.4,20.5
0.27276240163225357,0.17321892185851348,VT8020,U10,8.461331422357606,9.079739199294185,CPG,CPG,0.06376198823076419,4,-0.0012396647951946854,51.2,9.3,20.5
0.2729144439242848,0.1717508256391772,VT8020,U10,8.058900493296363,10.093917938906342,CPG,CPG,0.06203506558537895,7,-0.0009269401536619573,52.3,9.4,20.4
0.27302368173942376,0.16993171486673792,VT8020,U10,8.116963652671572,9.834115887922326,CPG,CPG,0.062151445238815974,6,-0.0013106485235973133,52.4,9.4,20.4
0.27309313806710034,0.16960347157551847,VT8020,U10,8.185522141624897,9.837820423034652,CPG,CPG,0.06245608006632282,3,-0.0011463039881440878,52.6,9.4,20.3
0.2727578988575575,0.16881102143058616,VT8020,U10,7.869057882759792,10.242660999017009,CPG,CPG,0.06163612072921284,3,-0.0011619328638149337,53.3,9.5,20.3
0.2729480761556053,0.16710456723242734,VT8020,U10,7.912092192748014,10.171523768043075,CPG,CPG,0.06157517105722983,0,-0.001256461197683783,53.7,9.4,20.1
0.2729529679302449,0.1669562275508294,VT8020,U10,7.740102404000533,10.59260889986869,CPG,CPG,0.06096160578293075,3,-0.0004853198347702823,54.5,9.5,20.1
0.27263246313781675,0.16794633078688614,VT8020,U10,7.563513838104786,10.679965086090583,CPG,CPG,0.06132543406722093,7,-0.0005082576520240719,53.6,9.5,20.3
0.27278471904303137,0.16600772280920514,VT8020,U10,7.764251854801833,10.613165573439254,CPG,CPG,0.06054110139179279,5,-8.755301485411336e-05,54.7,9.5,20.0
0.27244389381814055,0.1664508843654213,VT8020,U10,7.696364613173595,10.027031774665017,CPG,CPG,0.0625916367754699,0,-0.0005109297353950324,53.9,9.5,20.1
0.2730437546854082,0.1683092391149823,VT8020,U10,7.773084775866323,9.900167670598123,CPG,CPG,0.06287909300326644,6,-4.681796406398337e-05,53.9,9.4,20.0
0.27318490787679983,0.1653913767150434,VT8020,U10,7.730457150753383,10.276442380744044,CPG,CPG,0.06195587957925399,7,-0.0012250022345771925,53.4,9.4,20.0
0.27267881792586957,0.16797920597842914,VT8020,U10,7.97644650159074,9.074743893954768,CPG,CPG,0.06430884091600503,4,-0.001014686412049696,53.1,9.4,20.2
0.27252552274678676,0.16540905185129087,VT8020,U10,7.704102391969814,9.372038878112456,CPG,CPG,0.0635472213275511,0,-0.0004946235109423943,53.9,9.4,20.0
0.2724361677061962,0.1632864521134015,VT8020,U10,7.6127208203771595,9.859879172625334,CPG,CPG,0.06190149849382615,5,-0.0011465052016858567,54.7,9.4,19.9
0.2719585859133266,0.16071888168498114,VT8020,U10,7.432945166354296,9.898994740059813,CPG,CPG,0.06111639059707272,3,-0.001218751299943286,56.4,9.5,19.7
0.2729695694387953,0.16558050444032735,VT8020,U10,7.727713538325201,9.489947637057593,CPG,CPG,0.06311902225437191,4,-0.0011111935713194452,53.8,9.4,19.8
0.27301803500764477,0.16489489784879216,VT8020,U10,7.498352399264498,8.938850378280424,CPG,CPG,0.0646282213383145,1,5.308186706377209e-05,53.6,9.4,19.6
0.2727262009448326,0.163519824555867,VT8020,U10,7.842741749300204,8.928238557030825,CPG,CPG,0.06431052982894586,4,-0.0008339915303459448,53.2,9.4,19.6
0.27356010995495095,0.163542145741646,VT8020,U10,7.326509938094525,10.378672007860885,SSPG,CPG,0.06215102684079522,7,-0.0012973631914409232,53.1,9.4,20.1
0.27363060593151434,0.16390647741334882,VT8020,U10,7.175867178592609,10.600357605984374,SSPG,CPG,0.06167958548585026,0,-0.0016179429425238999,52.9,9.4,19.9
0.27325792125243287,0.16494329657622347,VT8020,U10,7.542996489833323,10.290168765968055,CPG,CPG,0.0621632311226683,1,-0.0002536809300441589,52.3,9.4,20.1
0.2741998931923808,0.1666157160655627,VT8020,U10,7.764581761706404,10.52170518771168,CPG,CPG,0.06167251234730336,7,0.0002954874301857274,51.6,9.4,20.1
0.2736871202726262,0.16481542642662836,VT8020,U10,7.756726319407652,9.82965752314638,CPG,CPG,0.06188292081156791,4,-0.00045309239617511896,52.0,9.3,19.9
0.2734358924630892,0.17118466369215773,VT8020,U10,8.178437652167254,9.419812139795773,CPG,CPG,0.06430206156288581,3,-0.0008298961433621944,50.3,9.2,20.8
0.27359303071927865,0.1652866306969229,VT8020,U10,8.115328701646018,10.92724489445827,CPG,CPG,0.05962190234405217,0,-0.0021698741275761268,52.0,9.3,20.4
0.273821102864574,0.1672187906385405,VT8020,U10,7.884654566591152,10.39690200414287,CPG,CPG,0.06112813863512479,3,-0.0012986070926179277,51.0,9.3,20.6
0.2737928970598906,0.16535290423007204,VT8020,U10,7.973112489042742,10.747634135624814,CPG,CPG,0.060386323094196975,1,-7.266386052377002e-05,51.4,9.3,20.4
0.2736727231709573,0.1635667248609286,MAD_M6C12,U10,7.783554403045254,11.23043024710243,CPG,CPG,0.05841336747913551,6,-0.0011744939465450676,52.0,9.3,20.4
0.27403078325238195,0.17005578080775544,VT8020,U10,8.28180010654883,9.60403466526109,CPG,CPG,0.06257025209304662,1,-0.0006732133492438524,50.2,9.2,20.5
0.2737991201164,0.16507090691451135,VT8020,U10,8.212645371101345,10.630765633929503,CPG,CPG,0.05998866510834556,2,-0.0007366847685662185,50.9,9.3,20.6
0.27371632297613346,0.1666894252166798,VT8020,U10,8.138571145069914,10.676682122123104,CPG,CPG,0.06042255338714474,6,-0.0010614400864335121,50.8,9.3,20.4
0.2738159367283047,0.1666081144185116,VT8020,U10,8.073200390950083,10.648542988741898,CPG,CPG,0.06039513800859203,1,-0.0005162690616047317,50.4,9.2,20.8
0.27358542555545334,0.16361030902803458,VT8020,U10,8.044233390761008,10.671647080517433,CPG,CPG,0.06049123896138291,7,-0.00019558558082268646,51.3,9.3,20.6
0.27399649841607865,0.1668692179501416,VT8020,U10,8.13363638486813,10.72417456903216,CPG,CPG,0.06029823038971726,2,-0.0010879431252748795,50.6,9.3,20.6
0.27368556684748935,0.16394601860196037,MAD_M6C12,U10,7.657633703278833,11.161749608594555,CPG,CPG,0.05917780381608888,4,-0.0009149933869093318,51.5,9.4,20.3
0.2734818793256769,0.16875272466377916,VT8020,U10,8.15288088425999,10.328731127337214,CPG,CPG,0.06083130540073632,5,-0.0013489144768324304,50.4,9.2,21.0
0.27364401624123086,0.16817942024126464,VT8020,U10,8.124155734163518,10.856351570888865,CPG,CPG,0.06033212632455816,4,-0.0009559948866746046,50.5,9.3,21.0
0.27362857049173067,0.16775513622710447,VT8020,U10,8.134815678556725,10.693546694833282,CPG,CPG,0.060475125414203815,7,-0.0011419361800692053,50.3,9.2,21.1
0.27390497672469816,0.17065960457069893,VT8020,U10,8.177284494600912,10.127251309849747,CPG,CPG,0.06235200458160613,5,-0.0006660835009457023,50.0,9.2,21.3
0.27399443515413824,0.16769211014676239,VT8020,U10,7.945985750644524,9.605736718151636,CPG,CPG,0.06320097522946683,0,-0.0009170854932588803,50.1,9.2,20.8
0.273812098123728,0.16857813704830915,VT8020,U10,7.929597852102253,9.587686836563197,CPG,CPG,0.06300697168905987,1,-0.0009598309988141289,50.0,9.1,21.2
0.2737608358472682,0.16936473453618714,VT8020,U10,8.03413964689142,9.129198207536856,CPG,CPG,0.06475161177239167,1,-0.0003921445386329673,50.0,9.1,21.2
0.2739006205112573,0.16878393032928757,VT8020,U10,8.072543692537646,9.40144577687703,CPG,CPG,0.06378110006233137,4,-0.0005252920667933446,50.0,9.1,21.1
0.27409609113353667,0.16871162599720324,VT8020,U10,8.08228039316096,10.122909484291984,CPG,CPG,0.06174619003212281,4,-0.0007860390102887838,50.0,9.1,21.1
0.27397293200156414,0.1707414123019213,VT8020,U10,8.253929539324542,10.481301325069785,CPG,CPG,0.061418516103569944,3,-0.0017903385770328913,50.0,9.2,21.1
0.27414935108273375,0.17015034145208874,VT8020,U10,8.33432276281749,10.305109554979012,CPG,CPG,0.06168208349701408,3,9.047703229756203e-06,50.0,9.1,21.2
0.27419305049410586,0.1699847619549919,VT8020,U10,8.475477125424897,9.932753295225794,CPG,CPG,0.0626367264374375,2,-0.0011376867377882835,50.0,9.1,21.3
0.27384589088153233,0.16921470464467828,VT8020,U10,8.334576303688738,10.083058262426217,CPG,CPG,0.06216016761398474,1,-0.000726720847857885,50.0,9.2,21.0
0.27380060115561966,0.1676587453088605,VT8020,U10,8.246196492748453,10.141892777448973,CPG,CPG,0.06143443425208374,2,-0.0005844174121667177,50.0,9.2,21.0
0.2741305321397756,0.16757199665404482,VT8020,U10,8.225164110832031,10.24492868000037,CPG,CPG,0.062350175571716286,2,-0.0009333251701648152,50.0,9.1,21.2
0.2739270405837991,0.1653741467609944,VT8020,U10,8.30423596095586,10.062834475269774,CPG,CPG,0.06173455303202706,2,-0.0006880481953375063,50.1,9.1,20.9
0.27402191974845014,0.16547806689173092,VT8020,U10,8.15641840910333,10.592232539324272,CPG,CPG,0.061255662523800034,3,-0.0007010454039762313,50.0,9.2,21.1
0.2738897685031155,0.16521304197272008,VT8020,U10,8.076237230638792,10.723384117258135,CPG,CPG,0.06064262458820165,7,-0.001035687967595085,50.2,9.2,20.9
0.2742138754062022,0.1691614792388767,VT8020,U10,8.220488177347999,10.18175950333035,CPG,CPG,0.06307580417613107,5,-0.0009858100117244562,50.2,9.1,21.3
0.27397479424848936,0.16752299953761274,VT8020,U10,8.158718590725794,9.73063088882907,CPG,CPG,0.06361331076360607,6,-0.000537630852297585,50.0,9.1,21.1
0.27430926617984097,0.16827674412234112,VT8020,U10,8.344486187182731,10.475967273941688,CPG,CPG,0.062268264269012004,4,-0.0015481154553011183,50.0,9.1,21.2
0.2742077914897071,0.16728701928054646,VT8020,U10,8.136779549418467,10.862982467502981,CPG,CPG,0.06211156287237257,4,-0.000843412590988347,50.0,9.2,21.1
0.2743490771198905,0.1687210163691177,VT8020,U10,7.942391080677652,10.721747230456089,CPG,CPG,0.06270017414617325,3,-0.00038548603852522553,50.1,9.2,21.3
0.2741427027619914,0.16804565493257553,VT8020,U10,7.94127991187116,9.667476675490056,CPG,CPG,0.0643436429063186,6,-0.0007082262538466724,50.1,9.1,21.1
0.27401878409119645,0.1672254814243656,VT8020,U10,7.903531536376076,10.161560773119241,CPG,CPG,0.06351374544940101,3,-0.0010892695900641726,50.0,9.2,21.1
0.2744536500722814,0.16830919445176676,VT8020,U10,7.9320207118068335,10.254598420411401,CPG,CPG,0.06402181782674442,3,-0.001346395970936191,50.2,9.2,21.2
0.27400413554993736,0.16731371997330108,VT8020,U10,7.836258666388511,10.348453554255865,CPG,CPG,0.06344391318772127,1,-0.00014112914412260842,50.0,9.2,20.9
0.2742018374791596,0.17011608542241632,VT8020,U10,7.911486253316777,10.594879426438876,CPG,CPG,0.06306131897808989,4,-0.0009725935861484732,50.0,9.3,21.1
0.2740675749337076,0.17038929536199932,VT8020,U10,8.078164903694747,9.749531531929897,CPG,CPG,0.06437512476474941,5,-0.0007775714385965349,50.1,9.2,21.2
0.2742075845186321,0.17051141062827463,VT8020,U10,8.25576192460197,9.95756458925697,CPG,CPG,0.06445459086751215,6,-0.0017102000015947077,50.2,9.1,21.5
0.2738407514033937,0.1669288862321726,VT8020,U10,8.067286552890355,10.200827114336997,CPG,CPG,0.06360946531697156,5,-0.00032558848412081193,50.0,9.2,21.2
0.273944396569739,0.16340095513478822,VT8020,U10,7.629083312951743,9.975390635266425,CPG,CPG,0.06380781648827466,4,-0.0006065517310027935,50.0,9.1,21.1
0.2739126491410073,0.1671901260803008,VT8020,U10,7.878001174836458,10.066275970826828,CPG,CPG,0.06421651629653011,3,-0.0007357680403717417,50.0,9.1,21.5
0.27367586126719423,0.16782574418718116,VT8020,U10,8.132296137854656,10.134451787841458,CPG,CPG,0.06320160921617873,6,-0.0007887092323174457,50.3,9.1,21.3
0.27414777849102895,0.1677311607330704,VT8020,U10,8.168908895132473,9.639295673854472,CPG,CPG,0.06491901065622456,1,-0.0006989492274983567,51.1,9.0,21.6
0.2740812583553791,0.16448703404484596,VT8020,U10,8.12396233979435,10.192242291681167,CPG,CPG,0.0626525773786005,7,-0.0002880834407254912,50.3,9.1,21.4
0.27438166172701317,0.1673626877876963,VT8020,U10,8.020688792997797,9.954713164565828,CPG,CPG,0.06322718539879454,7,-0.00046671955965936853,50.0,9.1,21.2
0.2744762700472893,0.16889980234082652,VT8020,U10,7.936940012702976,9.40688970372264,CPG,CPG,0.06480257260938466,7,-0.0009071754701328056,50.3,9.1,21.3
0.2739200751896719,0.16891950717105475,VT8020,U10,7.832398755985473,9.865686785943767,CPG,CPG,0.06436192431398134,5,0.0004691466338919055,50.1,9.1,21.4
0.2736023876790352,0.17085858829835038,VT8020,U10,8.273820987536332,8.81436904212454,CPG,CPG,0.0669340881367346,1,-0.0009824815671176832,50.4,9.0,21.6
0.27386716709419673,0.16883307695068023,VT8020,U10,8.219115867557964,8.69246256821816,CPG,CPG,0.0664783129074649,1,-0.000996945089210639,50.2,9.0,21.7
0.27402662131478844,0.17329867253512712,VT8020,U10,8.678068451545757,8.783154740581029,CPG,CPG,0.06591962776901475,2,-0.0001131687963378742,50.5,8.9,21.7
0.27405729508922255,0.16974054888570386,VT8020,U10,8.58334454265028,9.132302437494136,CPG,CPG,0.06494023279930083,3,0.00041394118377701295,50.5,8.9,21.7
0.2737956038026239,0.17311732605491037,VT8020,U10,8.583701945243654,8.980788454427852,CPG,CPG,0.06593239429070849,6,-0.001020346735235726,51.1,8.9,22.1
0.2738688745335601,0.17281774224817523,VT8020,U10,8.472002680530167,8.83119133617604,CPG,CPG,0.06654813338841148,5,-0.0006514239262903107,51.3,8.9,22.0
0.2738018263015326,0.17340481773912308,VT8020,U10,8.378768407700292,8.93438984721497,CPG,CPG,0.06694907528558171,4,-0.0002608802620736935,50.7,8.9,22.1
0.2743106823321656,0.17173777014076463,VT8020,U10,8.338805726314185,9.697017183367489,CPG,CPG,0.06501237784133133,6,-0.0007699606789149346,50.7,9.0,21.7
0.2740571191532239,0.17711108439427867,VT8020,U10,8.776333530299379,8.960933576025193,CPG,CPG,0.06539633039766722,4,-0.0009340685784764533,51.2,8.9,21.8
0.273903256976899,0.175190821345374,VT8020,U10,8.685404040211306,9.252626604383313,CPG,CPG,0.06514309842039033,1,-0.0008988486749762726,50.5,9.0,21.7
0.2741476998815062,0.17556814047418062,VT8020,U10,8.69562340618991,9.271530679543908,CPG,CPG,0.0641790674659167,4,-0.0006714266814486745,50.6,9.0,21.7
0.2741450076075236,0.17814563912284895,VT8020,U10,8.832471824996963,8.265020733760425,CPG,CPG,0.06666072877978708,2,-0.001028115132271298,51.6,8.9,21.9
0.27403793965331047,0.17358627949151276,VT8020,U10,8.14281916328859,8.724329594749346,CPG,CPG,0.06597866004645855,3,-0.0003527249154558032,50.3,9.0,21.4
0.2742142572563985,0.1746694950714973,VT8020,U10,8.209636927227564,8.672458952847006,CPG,CPG,0.06654190739751276,7,-0.0011642829999104262,50.5,9.0,21.5
0.27379528925186025,0.17323678038089413,VT8020,U10,8.199879651847436,9.167794488436734,CPG,CPG,0.06597084424917443,7,-0.0007097837219064856,50.3,9.0,21.6
0.27381225269976395,0.17667981591511098,VT8020,U10,8.350138615539707,8.719472806213627,CPG,CPG,0.06719718718773307,3,-0.00011628974450296524,50.3,9.0,21.7
0.2738877385851245,0.1737081837890691,VT8020,U10,8.229559926561574,8.924054794411646,CPG,CPG,0.06612235547877494,5,-0.001359544945688429,50.2,9.0,21.5
0.2738402231863247,0.17228923722959408,VT8020,U10,8.077075681488349,9.332200976516623,CPG,CPG,0.0656848655517773,7,-0.0013712280643346638,50.0,9.1,21.5
0.27413645389187924,0.173303583055992,VT8020,U10,8.10471359092993,9.472975296311308,CPG,CPG,0.06558553796253179,3,-0.00011518787666876156,50.1,9.1,21.6
0.2740050661074779,0.17313099478222893,VT8020,U10,8.165494356856986,9.587382155163349,CPG,CPG,0.06572875014383811,0,-0.0009721349035236059,50.0,9.1,21.6
0.27407085572631745,0.1721657983283884,VT8020,U10,8.242309572917888,8.810814557488522,CPG,CPG,0.06678312636448183,0,-0.00012732581891095312,50.4,9.0,21.7
0.27402304305759106,0.17445667222685712,VT8020,U10,8.315230238235912,9.147788666672856,CPG,CPG,0.0664882942312234,6,-0.0007644419162649114,50.3,9.0,21.7
0.27404146661860107,0.1728489038646647,VT8020,U10,8.314170252620457,9.294515102408225,CPG,CPG,0.06572664798065384,5,-0.0013630395532781433,50.1,9.0,21.5
0.27392699812494636,0.17548517415216752,VT8020,U10,8.791914954595686,8.864587258200274,CPG,CPG,0.0667676290896527,6,-0.00024231020134929718,50.6,8.9,21.9
0.273797210327378,0.17696225781669114,VT8020,U10,8.900520156361265,9.080204910573332,CPG,CPG,0.06610583412377782,5,-0.0008492565559363591,50.2,9.0,21.9
0.2739223468611373,0.17439196943864524,VT8020,U10,8.5766841950898,8.738337960034679,CPG,CPG,0.06773696426969336,4,-6.072599922129335e-05,50.5,8.9,22.0
0.27369107777393403,0.17476412649411677,VT8020,U10,8.822940904761015,8.52390994228593,CPG,CPG,0.06743559935387931,4,-0.0007411614555557829,50.9,8.9,22.1
0.2739066474364393,0.1788908553188016,VT8020,U10,9.031556311563106,8.447682285916777,CPG,CPG,0.06793917014740553,4,-0.0007455396294970482,51.2,8.8,22.3
0.2735953967434165,0.17683578111221612,VT8020,U10,8.857669632215455,8.232024533179185,CPG,CPG,0.068575836381806,7,-0.0011061880988641301,50.8,8.9,22.1
0.2739545672898428,0.17720327134995562,VT8020,U10,8.661508286246722,9.024208659219067,CPG,CPG,0.06782536775750561,2,-0.0014534637199720558,50.6,8.9,22.1
0.27360649169918966,0.17276823492490484,VT8020,U10,8.631766493140091,8.143925119548925,CPG,CPG,0.06878630794094967,4,-0.0010790387235933244,51.1,8.8,22.1
0.2737627619208703,0.17370220334891306,VT8020,U10,8.774697635651105,8.340291065844504,CPG,CPG,0.06853373746598554,5,-0.00111138297784448,51.3,8.8,22.2
0.27378382095439313,0.17702534496387812,VT8020,U10,8.644756504221107,8.921403740400049,CPG,CPG,0.06725387686966128,7,-0.00035514601079026514,50.9,8.9,22.1
0.27384837522911804,0.17495093311722468,VT8020,U10,8.42232087145609,8.477340102612164,CPG,CPG,0.0687116572474908,6,-0.0006852386444024491,51.1,8.9,22.2
0.2738759254015457,0.17994662434282643,VT8020,U10,8.705623933953046,8.172811846812754,CPG,CPG,0.07032737798825817,3,-0.0009872286871605075,52.1,8.8,22.6
0.27380972707564355,0.1783636458863774,VT8020,U10,8.564952040395635,8.463913041137097,CPG,CPG,0.06899557096648043,6,-0.0008514922970910422,51.5,8.9,22.3
0.27383086036859655,0.18096510574325686,VT8020,U10,9.15612688053211,8.276774442889284,CPG,CPG,0.06962321697244334,0,-0.0006684766508383033,52.7,8.8,22.8
0.2737764323195958,0.1798433171633674,VT8020,U10,8.95899742814873,8.395943399515277,CPG,CPG,0.06983692475754752,1,-0.0008118519290685662,52.7,8.8,22.8
0.27356420788027774,0.17814402233290244,VT8020,U10,8.568211858682165,8.081962827074378,CPG,CPG,0.07069533592570668,1,-0.0010271624204023352,52.4,8.8,22.8
0.2736007232158426,0.1784252408318156,VT8020,U10,8.670076036302387,8.200285781614502,CPG,CPG,0.0704500344691561,7,-0.0010354339296849459,52.1,8.8,22.8
0.2735163560044656,0.18283114841824552,VT8020,U10,9.071961067956021,7.642157140817982,CPG,CPG,0.07165790491989664,1,-0.000378603922913911,53.7,8.7,23.1
0.273509104171348,0.18154597514447035,VT8020,U10,8.951097524929818,7.726937665850058,CPG,CPG,0.0716276839152895,3,-0.0006645591227604285,52.8,8.7,23.1
0.273793178889575,0.18563763893326765,VT8020,U10,9.210147946230283,7.6373892587839665,CPG,CPG,0.0713586773210963,7,0.0004999701975383199,54.2,8.7,23.2
0.2736355230687027,0.18406331778171442,VT8020,U10,9.32440576502076,7.616310295184714,CPG,CPG,0.07087477157960606,3,-0.0005503400523456836,53.6,8.7,23.0
0.273563523943002,0.18825489607847953,VT8020,U10,9.615623840449196,7.0178297932201925,CPG,SSPG,0.07271604616595818,4,-0.00010294258162358823,54.6,8.6,23.2
0.27336103735665196,0.18666711714158346,VT8020,U10,9.522458774173918,6.485338954725348,CPG,CPG,0.07449721964224175,4,-2.4411563444340888e-05,56.0,8.5,23.4
0.2733259833255528,0.18771453923631215,VT8020,U10,9.570869482374448,6.897487660337254,CPG,CPG,0.07274848675105486,2,-0.00038198941490883223,54.0,8.6,23.1
0.273523549271885,0.1884050592626647,VT8020,U10,9.152352758404259,7.241389629517478,CPG,CPG,0.07332373477727835,7,-0.0002857914801988135,54.1,8.7,23.3
0.2736840477823154,0.19049990958812366,VT8020,U10,9.050666997631932,7.371890003332829,CPG,CPG,0.07384819034524037,7,-0.0005028613534414851,53.7,8.7,23.3
0.27362091141517925,0.18618687520322735,VT8020,U10,8.611957157048042,7.627377721797117,CPG,CPG,0.07302922799590657,0,-6.843698023732974e-05,53.5,8.8,23.2
0.2736010311568459,0.18548281882401788,VT8020,U10,8.890120601946679,7.810009902965261,CPG,CPG,0.07157936490245863,7,-0.0005684099475646094,53.3,8.8,23.1
0.2738336485119044,0.18431868989080166,VT8020,U10,8.564633207721798,7.864912389210183,CPG,CPG,0.0723672775067439,4,-0.0005238530848885865,53.5,8.8,23.1
0.27379367333314697,0.1838386955266679,VT8020,U10,8.486041270320785,7.6474352499301625,CPG,CPG,0.07291232370874066,5,5.769812074582037e-05,53.4,8.8,23.2
0.27404216198440146,0.17800436866453695,VT8020,U10,8.118700099966652,8.6129167140243,CPG,CPG,0.07049827973034209,4,-0.0010617956970862853,51.9,8.9,22.7
0.2740429583756866,0.18232567153939216,VT8020,U10,8.19589042007303,9.208465738159823,CPG,CPG,0.07044686610760993,5,-0.0005273930576529624,51.9,9.0,23.0
0.2743934109409814,0.18579681244116203,VT8020,U10,8.525975263561655,9.14099321558604,CPG,CPG,0.07099309034846027,1,-0.0007851504909289,52.6,8.9,23.1
0.2738455770302261,0.18662573767777668,VT8020,U10,8.938411480896649,7.762731050806381,CPG,CPG,0.07183810969517941,4,-0.00021787698275110455,54.8,8.7,23.3
0.27441165419170255,0.1797399036783064,VT8020,U10,8.157203200092276,8.799541952300473,CPG,CPG,0.06983870609455686,4,-0.0004483436207968763,52.9,8.9,22.9
0.27407250237137615,0.18311849408716188,VT8020,U10,8.16456779613977,9.051772041321737,CPG,CPG,0.07025744837904652,1,0.0001937009756750531,52.2,9.0,22.9
0.2738741999214157,0.18409322050070778,VT8020,U10,8.458327130020729,8.618520587361184,CPG,CPG,0.07028184504732951,1,-0.0007191580268578841,52.6,8.9,23.0
0.2739550940442964,0.18368075803066392,VT8020,U10,8.50460531919589,8.795011915726693,CPG,CPG,0.07022110838134837,0,-0.0007592832469209688,52.0,8.9,23.0
0.2738835191662412,0.17887002191145412,VT8020,U10,7.800642103895056,9.46034785580806,CPG,CPG,0.06908439016555573,0,-0.0004147990046613026,50.8,9.1,22.7
0.27426212364207603,0.17578635272634052,VT8020,U10,7.683072469086311,8.99009709077847,CPG,CPG,0.06955963715050459,3,-0.0007163213492311004,51.8,9.0,22.6
0.27381908322811516,0.1792342630053631,VT8020,U10,7.948032327741646,8.606255065704264,CPG,CPG,0.07092322108254628,6,-0.000640945942633394,51.8,8.9,22.8
0.2739076746817023,0.17908156320491697,VT8020,U10,7.993967025512813,8.305400589558165,CPG,CPG,0.07073978238047399,6,0.0002638813346866123,52.7,8.9,22.7
0.27373711093724995,0.1777396408816455,VT8020,U10,8.119234350763442,7.802992039303771,CPG,CPG,0.07121064407660446,3,-0.0009264483574353962,52.2,8.8,22.5
0.2736715529515686,0.1835076596759139,VT8020,U10,8.644199375943744,7.546835647767493,CPG,CPG,0.07206857669705487,2,0.00042720759891328505,53.1,8.8,22.9
0.27384265641797334,0.17893722717822388,VT8020,U10,8.252981244228977,7.9585783164641635,CPG,CPG,0.07098520564651963,5,-0.0007479163131810772,52.3,8.8,22.6
0.2735280367448407,0.1832737733789638,VT8020,U10,8.455234409186518,7.256287725670391,CPG,CPG,0.07236494256844467,2,-0.0003831797212796987,52.9,8.8,22.6
0.2735120308459891,0.1834650828953775,VT8020,U10,8.652840546753072,7.136045903684413,CPG,SSPG,0.07211883650464831,2,-0.0004795832598912535,53.2,8.7,22.7
0.2737709147574636,0.18079275192006405,VT8020,U10,8.36611438213886,8.129260585915187,CPG,CPG,0.07057797524573668,0,-0.001042006598399175,52.6,8.8,22.7
0.2736104005477764,0.1791248100030402,VT8020,U10,8.167670255268202,7.821523962693874,CPG,CPG,0.07130061341572735,5,-0.00023807185639541928,51.9,8.8,22.4
0.27367866562118337,0.18122630508804216,VT8020,U10,8.471389060621217,7.577157704988914,CPG,CPG,0.07140102817959786,3,3.150881891464765e-05,52.9,8.8,22.6
0.27366581690413727,0.1801529344995514,VT8020,U10,8.375025594262198,7.211090242487322,CPG,CPG,0.07229346939032631,5,-0.00024452861900100056,53.6,8.7,22.6
0.27371477550681095,0.1787803812963551,VT8020,U10,8.260395406884715,7.826348605259193,CPG,CPG,0.07121396300623592,1,-0.0008309497924413223,52.3,8.8,22.5
0.2735608376536918,0.1812602988635929,VT8020,U10,8.338243400712308,7.615276070218556,CPG,CPG,0.07163700679048693,0,-0.0005863546138727546,52.4,8.8,22.5
0.2736000238875108,0.17919030852995288,VT8020,U10,8.357421083420217,7.550010365536436,CPG,CPG,0.07138983306227392,5,2.764335912297652e-05,52.2,8.8,22.4
0.2736591716567185,0.180303568132329,VT8020,U10,8.357204826957194,7.4355687239341925,CPG,CPG,0.07197014496466853,3,-1.3896218273746737e-05,52.6,8.8,22.6
0.27359802408931333,0.18080851352832822,VT8020,U10,8.455033105588697,7.442973119117416,CPG,CPG,0.07165899756960137,1,0.00033804024466175847,52.6,8.8,22.6
0.27371096617170887,0.18170675851254178,VT8020,U10,8.34796311067131,7.525260392763592,CPG,CPG,0.07225883827031682,0,-0.0004462279910170709,52.9,8.8,22.7
0.27365718801863637,0.18129633266441958,VT8020,U10,8.446275724771057,7.5142281333226935,CPG,CPG,0.07180037629820794,7,0.0004938918595032993,52.8,8.8,22.6
0.2735826606355316,0.18199376415814977,VT8020,U10,8.534547649863184,7.530678710619649,CPG,CPG,0.07161423900712616,4,-0.0001362839110246115,52.7,8.8,22.6
0.27352939050922354,0.1818152845039118,VT8020,U10,8.29646351245701,7.612843946331251,CPG,CPG,0.0718117114019212,7,-0.0005529671122224647,52.2,8.8,22.6
0.2735568670551075,0.18256800797074976,VT8020,U10,8.270911971886422,7.686412246824302,CPG,CPG,0.071880202946341,6,-0.000954952083313052,52.3,8.8,22.5
0.2736922193741739,0.18382190645914992,VT8020,U10,8.388906954150645,7.718972691623488,CPG,CPG,0.07208330662723816,1,0.0010726096844423073,52.7,8.8,22.7
0.2734733176697714,0.18537890226184164,VT8020,U10,8.521895639800722,7.514745164369442,CPG,CPG,0.07249613326259337,7,-0.0003746493103201794,52.9,8.8,22.7
0.27354077594810383,0.18421339353160818,VT8020,U10,8.486112793621398,7.502916984289502,CPG,CPG,0.07225387418927735,7,-0.00010477495556404713,53.1,8.8,22.6
0.27347560124013615,0.18840423120370625,VT8020,U10,8.785141760732992,7.166116437869228,CPG,CPG,0.07270525657777356,3,-0.00034644675649595164,53.2,8.8,22.8
0.27330122192661427,0.18622443279192333,VT8020,U10,8.620870070139183,7.212517119943594,CPG,CPG,0.07278185475446786,3,-0.0003167703919617314,52.5,8.8,22.7
0.2732591256007033,0.18706006158249847,VT8020,U10,8.945928325973284,7.0088586096937435,CPG,SSPG,0.07274765458215846,3,-0.0005514229910370729,52.9,8.7,22.8
0.27325664439308417,0.1853152158589443,VT8020,U10,8.6439387776452,7.1834560042439275,CPG,CPG,0.07254319663904284,7,-0.0004628823695978167,52.5,8.8,22.6
0.2733421362659709,0.1874135780963546,VT8020,U10,8.980292625515368,7.066452423641988,CPG,SSPG,0.0727246409533691,4,-0.0004665750168842092,53.4,8.7,22.9
0.2733305328217112,0.1874554218198009,VT8020,U10,8.892097768883543,7.438809854924017,CPG,CPG,0.07179167063451088,1,0.0008180753429665078,52.6,8.8,22.7
0.27325352756368776,0.18741897252250184,VT8020,U10,8.917475507360972,7.082075466225842,CPG,SSPG,0.07219721643584584,0,-0.000441660596338041,52.7,8.8,22.6
0.27326947980580096,0.18725309994967407,VT8020,U10,8.885007175675996,7.047750647566614,CPG,SSPG,0.07231501809487109,7,-0.0005752391209300376,52.6,8.8,22.6
0.2732280698619406,0.18766720177503843,VT8020,U10,9.00176332114063,7.139397596228793,CPG,SSPG,0.07213968980785652,3,-0.0005368358698904416,52.8,8.8,22.7
0.27324553056261075,0.18709376245552004,VT8020,U10,8.996131810299968,7.060970521879633,CPG,SSPG,0.0722467851605377,1,-0.00041193680209789885,52.8,8.7,22.7
0.2733220240780921,0.18735902238721386,VT8020,U10,8.817466574131693,7.175054151785039,CPG,CPG,0.07246549343607243,7,-0.00034301883847259653,53.2,8.8,22.8
0.2731497745882438,0.1877988741073668,VT8020,U10,8.905992236642877,6.9786481685445265,CPG,SSPG,0.07268470467098642,7,-0.0005135111545998411,53.0,8.7,22.7
0.27323214656834394,0.18811091890411255,VT8020,U10,8.969174525846267,6.965342270337394,CPG,SSPG,0.07269007529715729,0,-0.0004831628933808915,53.6,8.7,22.8
0.27324195770008053,0.18720883208815278,VT8020,U10,8.822841226652184,7.247477234417973,CPG,CPG,0.07230887045047074,5,-0.0003371823423854981,52.8,8.8,22.7
0.27315773193689646,0.1894126565711218,VT8020,U10,9.016351560617483,7.114265518288881,CPG,SSPG,0.07254974361741232,4,-0.0005503948418113672,53.1,8.8,22.8
0.27318105022571054,0.1887480789680843,VT8020,U10,8.962569794459977,7.056085307904271,CPG,SSPG,0.07266105034468878,1,-0.00033293564819757105,53.3,8.7,22.8
0.27326416887858745,0.18817070081312579,VT8020,U10,8.95771973621904,7.096755542566787,CPG,SSPG,0.07256565070475574,2,-0.0003481284716621803,53.4,8.7,22.8
0.27326574798287273,0.1874370102821553,VT8020,U10,8.943607309914082,7.083701123578429,CPG,SSPG,0.07245628208779265,2,-0.00036744963700391636,53.3,8.7,22.8
0.27324764679455704,0.18935803236569587,VT8020,U10,9.15015783711079,7.018322551780597,CPG,SSPG,0.07244609484705622,3,-3.27898059080988e-05,53.6,8.7,22.8
0.27328603322316414,0.18939422386070706,VT8020,U10,9.038974996395387,7.249265292535417,CPG,CPG,0.07230212573104039,2,0.00032824027319158723,53.5,8.7,22.9
0.27323256869740997,0.19001578736768054,VT8020,U10,9.155424150418092,7.103564937163245,CPG,SSPG,0.07250355868746972,1,-1.9095955326443176e-05,53.8,8.7,22.9
0.27323272750197214,0.18904411581983693,VT8020,U10,9.081275464513594,7.2917898014216656,CPG,CPG,0.0721723266940738,2,-0.000216422922401987,53.6,8.7,22.9
0.2732019260506158,0.18943482718588134,VT8020,U10,9.160952082209802,7.14383232224476,CPG,SSPG,0.07236080634259731,3,-0.0002123489052106339,53.7,8.7,22.9
0.27316077152402174,0.18980684346122473,VT8020,U10,9.192891353892975,7.029988279957006,CPG,SSPG,0.0724888636118257,6,-2.0405653293067245e-05,53.7,8.7,22.9
0.27314501807884173,0.1894871756706547,VT8020,U10,9.178195485124448,7.115663077462383,CPG,SSPG,0.072213217087657,4,1.3268591748770734e-05,53.5,8.7,22.9
0.2731485768493155,0.18886272572321444,VT8020,U10,9.220414027950977,7.092528268588224,CPG,SSPG,0.07215602584718286,4,-1.6037416948647045e-05,53.4,8.7,22.9
0.27323317461646246,0.1892366862097315,VT8020,U10,9.216831555225447,7.052120436666045,CPG,SSPG,0.07236108864801886,4,-2.7595326212021204e-05,53.7,8.7,22.9
0.27315754862049385,0.1889373962671146,VT8020,U10,9.192266436941827,7.106313774421023,CPG,SSPG,0.07225981098721877,4,-0.00014329416541292812,53.4,8.7,22.9
0.2732422099440801,0.18740394811288433,VT8020,U10,9.038526706894945,7.215171281190832,CPG,CPG,0.07210707926266488,5,9.191648478759336e-05,53.2,8.7,22.8
0.2731417897985279,0.1887993465552132,VT8020,U10,9.211057708519098,7.0454117832157666,CPG,SSPG,0.0723374163354327,0,-4.6804000319269684e-05,53.5,8.7,22.9
0.273090277900986,0.1887265276451229,VT8020,U10,9.215889370847123,7.0486492642279766,CPG,SSPG,0.07226558530504412,7,-7.549470531009522e-05,53.3,8.7,22.9
0.27315102785559475,0.18866697910817062,VT8020,U10,9.161089414964405,6.985867942401133,CPG,SSPG,0.07248466042545262,5,-4.88690468123938e-06,53.5,8.7,22.9
0.2732062538796165,0.1882071765424362,VT8020,U10,9.155714361358676,7.179112370858807,CPG,CPG,0.07206804481437389,3,-0.0006267288717368472,53.5,8.7,22.9
0.27316512078876864,0.18772801182142834,VT8020,U10,9.17112164761356,7.084269681053334,CPG,SSPG,0.07208468490683477,2,8.534381373835869e-06,53.5,8.7,22.9
0.27314831119753075,0.18784157686362624,VT8020,U10,9.160231386837605,7.117135882816234,CPG,SSPG,0.07206242595239046,4,-1.4683438641186885e-05,53.2,8.7,22.8
0.2731312483837538,0.18768815694463525,VT8020,U10,9.15179446437233,7.049308803718305,CPG,SSPG,0.07219382564250035,7,-0.0001728841173230227,53.3,8.7,22.9
0.2731366543765957,0.1876688117861952,VT8020,U10,9.167726177701468,7.111044918794782,CPG,SSPG,0.07205188374482363,7,-9.157960049692155e-05,53.3,8.7,22.9
0.27312157407299686,0.18752813928219333,VT8020,U10,9.180794331251743,7.037376196268463,CPG,SSPG,0.07213309022769226,1,-9.217863769119612e-05,53.4,8.7,22.8
0.27315678475163396,0.18748543517670072,VT8020,U10,9.172012780221289,7.059623284409,CPG,SSPG,0.0720554470458168,4,-9.168691657638326e-05,53.4,8.7,22.8
0.2731206312427987,0.1881991546328355,VT8020,U10,9.211753139638713,6.94778219944009,CPG,CPG,0.07228012713877542,3,-0.00037869061548731443,53.6,8.7,22.9
0.27314277948955734,0.18835297661647174,VT8020,U10,9.244501051206887,7.050457762049771,CPG,SSPG,0.07206849755868366,7,-0.0001624198524413918,53.5,8.7,22.9
Time taken (seconds)
2026-03-18 05:33:31
