iter, gearRatio, moduleBig, moduleSmall, Ns, NpBig, NpSmall, NrBig, NrSmall, numPlanet, fwSunMM, fwPlanetBigMM, fwPanetSmallMM, fwRingBigMM, fwRingSmallMM,  mass, eff, peakTorque, Cost, Torque_Density, Outer_Bearing_mass, Actuator_width
1 , 10.88 , 0.5 , 0.5 , 60 , 48 , 28 , 156 , 136 , 4 , 4.309 , 15.441 , 22.435 , 15.441 , 22.435 , 1.371 , 0.904 , 41.559 , -0.15322697037082184 , 30.313 , 0.103 , 124.87593810347678
1 , 10.88 , 0.5 , 0.5 , 60 , 48 , 28 , 156 , 136 , 4 , 4.309 , 15.441 , 22.435 , 15.441 , 22.435 , 1.371 , 0.904 , 41.559 , -0.15322697037082184 , 30.313 , 0.103 , 124.87593810347678
2 , 10.88 , 0.5 , 0.5 , 60 , 48 , 28 , 156 , 136 , 4 , 4.309 , 15.441 , 22.435 , 15.441 , 22.435 , 1.371 , 0.904 , 41.559 , -0.15322697037082184 , 30.313 , 0.103 , 124.87593810347678
2 , 10.88 , 0.5 , 0.5 , 60 , 48 , 28 , 156 , 136 , 4 , 4.309 , 15.441 , 22.435 , 15.441 , 22.435 , 1.371 , 0.904 , 41.559 , -0.15322697037082184 , 30.313 , 0.103 , 124.87593810347678
2 , 10.88 , 0.5 , 0.5 , 60 , 48 , 28 , 156 , 136 , 4 , 4.309 , 15.441 , 22.435 , 15.441 , 22.435 , 1.371 , 0.904 , 41.559 , -0.15322697037082184 , 30.313 , 0.103 , 124.87593810347678
2 , 10.88 , 0.5 , 0.5 , 60 , 48 , 28 , 156 , 136 , 4 , 4.309 , 15.441 , 22.435 , 15.441 , 22.435 , 1.371 , 0.904 , 41.559 , -0.15322697037082184 , 30.313 , 0.103 , 124.87593810347678
1 , 11.0 , 0.5 , 0.5 , 52 , 52 , 28 , 156 , 132 , 4 , 5.057 , 15.421 , 23.342 , 15.421 , 23.342 , 1.365 , 0.914 , 42.017 , -0.1617819779274372 , 30.782 , 0.103 , 125.76262543867985
2 , 11.0 , 0.5 , 0.5 , 52 , 52 , 28 , 156 , 132 , 4 , 5.057 , 15.421 , 23.342 , 15.421 , 23.342 , 1.365 , 0.914 , 42.017 , -0.1617819779274372 , 30.782 , 0.103 , 125.76262543867985
4 , 11.314285714285715 , 0.5 , 0.5 , 56 , 48 , 28 , 152 , 132 , 4 , 4.662 , 16.53 , 24.009 , 16.53 , 24.009 , 1.376 , 0.903 , 43.217 , -0.1508710275580465 , 31.408 , 0.103 , 127.5389685579169
3 , 11.314285714285715 , 0.5 , 0.5 , 56 , 48 , 28 , 152 , 132 , 4 , 4.662 , 16.53 , 24.009 , 16.53 , 24.009 , 1.376 , 0.903 , 43.217 , -0.1508710275580465 , 31.408 , 0.103 , 127.5389685579169
3 , 11.314285714285715 , 0.5 , 0.5 , 56 , 48 , 28 , 152 , 132 , 4 , 4.662 , 16.53 , 24.009 , 16.53 , 24.009 , 1.376 , 0.903 , 43.217 , -0.1508710275580465 , 31.408 , 0.103 , 127.5389685579169
2 , 11.555555555555555 , 0.5 , 0.5 , 48 , 52 , 28 , 152 , 128 , 4 , 5.554 , 16.692 , 25.255 , 16.692 , 25.255 , 1.343 , 0.913 , 44.139 , -0.16841217470090847 , 32.866 , 0.081 , 127.94673167538704
1 , 11.636363636363637 , 0.5 , 0.5 , 44 , 56 , 28 , 156 , 128 , 4 , 6.144 , 16.224 , 25.432 , 16.224 , 25.432 , 1.342 , 0.92 , 44.448 , -0.17361681611402469 , 33.121 , 0.081 , 127.65579334840639
2 , 11.6875 , 0.5 , 0.5 , 64 , 44 , 28 , 152 , 136 , 4 , 4.023 , 17.421 , 24.1 , 17.421 , 24.1 , 1.394 , 0.887 , 44.643 , -0.13434265044638244 , 32.025 , 0.103 , 128.52143687342743
3 , 11.815384615384616 , 0.5 , 0.5 , 52 , 48 , 28 , 148 , 128 , 4 , 5.077 , 17.786 , 25.823 , 17.786 , 25.823 , 1.352 , 0.902 , 45.131 , -0.1580541311519844 , 33.381 , 0.081 , 129.608631818807
3 , 11.815384615384616 , 0.5 , 0.5 , 52 , 48 , 28 , 148 , 128 , 4 , 5.077 , 17.786 , 25.823 , 17.786 , 25.823 , 1.352 , 0.902 , 45.131 , -0.1580541311519844 , 33.381 , 0.081 , 129.608631818807
6 , 12.1 , 0.5 , 0.5 , 60 , 44 , 28 , 148 , 132 , 4 , 4.329 , 18.566 , 25.676 , 18.566 , 25.676 , 1.398 , 0.886 , 46.219 , -0.13225363374862859 , 33.061 , 0.103 , 131.2424259362291
5 , 12.1 , 0.5 , 0.5 , 60 , 44 , 28 , 148 , 132 , 4 , 4.329 , 18.566 , 25.676 , 18.566 , 25.676 , 1.398 , 0.886 , 46.219 , -0.13225363374862859 , 33.061 , 0.103 , 131.2424259362291
2 , 12.212121212121213 , 0.5 , 0.5 , 44 , 52 , 28 , 148 , 124 , 4 , 6.166 , 18.193 , 27.513 , 18.193 , 27.513 , 1.354 , 0.911 , 46.647 , -0.16370529046922327 , 34.451 , 0.081 , 131.70628465408737
4 , 12.272727272727273 , 0.5 , 0.5 , 55 , 50 , 30 , 155 , 135 , 5 , 3.799 , 14.082 , 19.917 , 14.082 , 19.917 , 1.365 , 0.903 , 46.878 , -0.15413649339407642 , 34.343 , 0.103 , 120.99890154479479
1 , 12.4 , 0.5 , 0.5 , 40 , 56 , 28 , 152 , 124 , 4 , 6.911 , 17.832 , 27.937 , 17.832 , 27.937 , 1.356 , 0.919 , 47.365 , -0.16787581691959186 , 34.93 , 0.081 , 131.76828894816808
3 , 12.571428571428571 , 0.5 , 0.5 , 56 , 44 , 28 , 144 , 128 , 4 , 4.683 , 19.873 , 27.475 , 19.873 , 27.475 , 1.373 , 0.885 , 48.019 , -0.13976975923741508 , 34.974 , 0.081 , 133.34872050106338
4 , 12.571428571428571 , 0.5 , 0.5 , 56 , 44 , 28 , 144 , 128 , 4 , 4.683 , 19.873 , 27.475 , 19.873 , 27.475 , 1.373 , 0.885 , 48.019 , -0.13976975923741508 , 34.974 , 0.081 , 133.34872050106338
3 , 12.692307692307692 , 0.5 , 0.5 , 52 , 50 , 30 , 152 , 132 , 4 , 5.067 , 18.606 , 26.309 , 18.606 , 26.309 , 1.402 , 0.902 , 48.481 , -0.14159783732111808 , 34.58 , 0.103 , 131.91515945771337
2 , 12.818181818181818 , 0.5 , 0.5 , 66 , 45 , 30 , 156 , 141 , 3 , 5.173 , 24.932 , 33.25 , 24.932 , 33.25 , 1.509 , 0.882 , 48.962 , -0.09259363555279071 , 32.447 , 0.128 , 145.18204111711674
2 , 12.916666666666666 , 0.5 , 0.5 , 36 , 60 , 28 , 156 , 124 , 4 , 7.876 , 18.008 , 29.101 , 18.008 , 29.101 , 1.367 , 0.923 , 49.338 , -0.16771153155055363 , 36.092 , 0.081 , 133.1090764240012
3 , 13.0 , 0.5 , 0.5 , 40 , 52 , 28 , 144 , 120 , 4 , 6.935 , 19.993 , 30.22 , 19.993 , 30.22 , 1.369 , 0.91 , 49.656 , -0.15763547269616324 , 36.272 , 0.081 , 136.21350057067482
5 , 13.090909090909092 , 0.5 , 0.5 , 44 , 54 , 30 , 152 , 128 , 4 , 6.155 , 19.011 , 27.948 , 19.011 , 27.948 , 1.373 , 0.911 , 50.004 , -0.1573884719108728 , 36.42 , 0.081 , 132.95840138284765
2 , 13.257142857142858 , 0.5 , 0.5 , 40 , 58 , 30 , 156 , 128 , 4 , 6.9 , 18.607 , 28.302 , 18.607 , 28.302 , 1.375 , 0.919 , 50.639 , -0.16160518973624283 , 36.828 , 0.081 , 132.90908954102468
1 , 13.333333333333334 , 0.5 , 0.5 , 36 , 56 , 28 , 148 , 120 , 4 , 7.901 , 19.795 , 30.995 , 19.795 , 30.995 , 1.375 , 0.917 , 50.93 , -0.16041592283109185 , 37.04 , 0.081 , 136.79045200320647
1 , 13.333333333333334 , 0.5 , 0.5 , 36 , 56 , 28 , 148 , 120 , 4 , 7.901 , 19.795 , 30.995 , 19.795 , 30.995 , 1.375 , 0.917 , 50.93 , -0.16041592283109185 , 37.04 , 0.081 , 136.79045200320647
4 , 13.5 , 0.5 , 0.5 , 42 , 54 , 30 , 150 , 126 , 3 , 8.687 , 26.543 , 39.012 , 26.543 , 39.012 , 1.434 , 0.91 , 51.566 , -0.13675981459034003 , 35.96 , 0.081 , 151.55502658229716
4 , 13.6 , 0.5 , 0.5 , 45 , 51 , 30 , 147 , 126 , 3 , 8.008 , 27.523 , 39.301 , 27.523 , 39.301 , 1.44 , 0.903 , 51.948 , -0.1294968845593043 , 36.075 , 0.081 , 152.8241299191381
2 , 13.64102564102564 , 0.5 , 0.5 , 39 , 57 , 30 , 153 , 126 , 3 , 9.504 , 26.133 , 39.419 , 26.133 , 39.419 , 1.435 , 0.916 , 52.105 , -0.14033996985837288 , 36.31 , 0.081 , 151.55229067983157
3 , 13.75 , 0.5 , 0.5 , 48 , 44 , 28 , 136 , 120 , 4 , 5.602 , 23.137 , 31.964 , 23.137 , 31.964 , 1.393 , 0.882 , 52.521 , -0.13163657101541099 , 37.704 , 0.081 , 141.10078670076717
2 , 13.92 , 0.5 , 0.5 , 40 , 48 , 28 , 136 , 116 , 4 , 6.963 , 23.051 , 33.422 , 23.051 , 33.422 , 1.346 , 0.897 , 53.17 , -0.1568905501248074 , 39.502 , 0.05 , 140.4727975825212
3 , 14.0 , 0.5 , 0.5 , 44 , 56 , 32 , 156 , 132 , 4 , 6.144 , 19.829 , 28.415 , 19.829 , 28.415 , 1.393 , 0.911 , 53.476 , -0.15071795270157534 , 38.389 , 0.081 , 134.24463712231125
3 , 14.090909090909092 , 0.5 , 0.5 , 44 , 50 , 30 , 144 , 124 , 4 , 6.178 , 21.949 , 31.011 , 21.949 , 31.011 , 1.395 , 0.899 , 53.823 , -0.14187862214184577 , 38.583 , 0.081 , 138.95964625699963
3 , 14.192307692307692 , 0.5 , 0.5 , 39 , 54 , 30 , 147 , 123 , 3 , 9.529 , 28.566 , 41.969 , 28.566 , 41.969 , 1.45 , 0.909 , 54.211 , -0.13045667725761706 , 37.387 , 0.081 , 156.53423024249096
4 , 14.3 , 0.5 , 0.5 , 48 , 52 , 32 , 152 , 132 , 4 , 5.554 , 21.031 , 29.024 , 21.031 , 29.024 , 1.402 , 0.9 , 54.622 , -0.14053406106476168 , 38.96 , 0.081 , 136.05555390853368
2 , 14.425925925925926 , 0.5 , 0.5 , 36 , 57 , 30 , 150 , 123 , 3 , 10.526 , 28.292 , 42.66 , 28.292 , 42.66 , 1.454 , 0.915 , 55.103 , -0.1330514821276994 , 37.898 , 0.081 , 156.95184365936296
3 , 14.5 , 0.5 , 0.5 , 44 , 44 , 28 , 132 , 116 , 4 , 6.218 , 25.211 , 34.814 , 25.211 , 34.814 , 1.363 , 0.881 , 55.386 , -0.1403660802759613 , 40.635 , 0.05 , 144.02532869903018
4 , 14.577777777777778 , 0.5 , 0.5 , 45 , 48 , 30 , 141 , 123 , 3 , 8.032 , 31.196 , 43.109 , 31.196 , 43.109 , 1.469 , 0.891 , 55.683 , -0.1123265153556377 , 37.905 , 0.081 , 160.3046201156235
5 , 14.636363636363637 , 0.5 , 0.5 , 66 , 42 , 30 , 150 , 138 , 6 , 2.596 , 15.164 , 19.38 , 15.164 , 19.38 , 1.394 , 0.859 , 55.907 , -0.11565930016290082 , 40.105 , 0.103 , 121.54383343156748
3 , 14.823529411764707 , 0.5 , 0.5 , 51 , 45 , 30 , 141 , 126 , 3 , 6.947 , 32.155 , 42.836 , 32.155 , 42.836 , 1.484 , 0.878 , 56.622 , -0.0982207436368755 , 38.155 , 0.081 , 160.9909903011141
2 , 14.909090909090908 , 0.5 , 0.5 , 33 , 60 , 30 , 153 , 123 , 3 , 11.761 , 28.557 , 44.088 , 28.557 , 44.088 , 1.464 , 0.918 , 56.949 , -0.13222241650203193 , 38.9 , 0.081 , 158.6458038611303
5 , 15.0 , 0.5 , 0.5 , 36 , 54 , 30 , 144 , 120 , 4 , 7.914 , 23.193 , 34.062 , 23.193 , 34.062 , 1.367 , 0.907 , 57.296 , -0.1568442572191313 , 41.914 , 0.05 , 141.25470051406987
7 , 15.085714285714285 , 0.5 , 0.5 , 45 , 54 , 33 , 153 , 132 , 3 , 7.986 , 29.343 , 40.432 , 29.343 , 40.432 , 1.476 , 0.903 , 57.623 , -0.11763379507856214 , 39.04 , 0.081 , 155.77540285547877
3 , 15.238095238095237 , 0.5 , 0.5 , 36 , 60 , 32 , 156 , 128 , 4 , 7.876 , 21.516 , 31.854 , 21.516 , 31.854 , 1.418 , 0.917 , 58.205 , -0.14631824548426403 , 41.047 , 0.081 , 139.3708868265822
3 , 15.3 , 0.5 , 0.5 , 48 , 54 , 34 , 156 , 136 , 4 , 5.545 , 21.926 , 29.614 , 21.926 , 29.614 , 1.455 , 0.9 , 58.442 , -0.12292417619093193 , 40.166 , 0.103 , 138.53998950346175
3 , 15.4 , 0.5 , 0.5 , 40 , 44 , 28 , 128 , 112 , 4 , 6.995 , 27.698 , 38.23 , 27.698 , 38.23 , 1.382 , 0.879 , 58.824 , -0.1329430104136382 , 42.564 , 0.05 , 149.927480437297
4 , 15.494736842105263 , 0.5 , 0.5 , 57 , 48 , 33 , 153 , 138 , 3 , 6.091 , 30.777 , 39.792 , 30.777 , 39.792 , 1.534 , 0.879 , 59.186 , -0.08281290126079532 , 38.583 , 0.103 , 157.5690401402875
3 , 15.583333333333334 , 0.5 , 0.5 , 48 , 51 , 33 , 150 , 132 , 3 , 7.413 , 31.24 , 41.766 , 31.24 , 41.766 , 1.494 , 0.892 , 59.524 , -0.10488038967028696 , 39.842 , 0.081 , 159.00600670888628
4 , 15.681818181818182 , 0.5 , 0.5 , 44 , 46 , 30 , 136 , 120 , 4 , 6.204 , 26.404 , 35.61 , 26.404 , 35.61 , 1.388 , 0.881 , 59.9 , -0.13220373896481263 , 43.156 , 0.05 , 146.01389090907142
3 , 15.785714285714286 , 0.5 , 0.5 , 36 , 51 , 30 , 138 , 117 , 3 , 10.582 , 34.327 , 48.963 , 34.327 , 48.963 , 1.45 , 0.899 , 60.297 , -0.12365258905624876 , 41.584 , 0.05 , 167.2892770281973
3 , 15.925925925925926 , 0.5 , 0.5 , 36 , 60 , 33 , 156 , 129 , 3 , 10.501 , 30.075 , 43.636 , 30.075 , 43.636 , 1.491 , 0.915 , 60.833 , -0.12084127568698089 , 40.8 , 0.081 , 159.71061529410076
2 , 16.0 , 0.5 , 0.5 , 30 , 60 , 30 , 150 , 120 , 3 , 13.348 , 31.393 , 48.443 , 31.393 , 48.443 , 1.448 , 0.916 , 61.115 , -0.136140943297478 , 42.206 , 0.05 , 163.8362473433554
4 , 16.11111111111111 , 0.5 , 0.5 , 36 , 50 , 30 , 136 , 116 , 4 , 7.944 , 26.771 , 37.787 , 26.771 , 37.787 , 1.393 , 0.895 , 61.54 , -0.140047880782326 , 44.178 , 0.05 , 148.55718708233513
3 , 16.2 , 0.5 , 0.5 , 32 , 48 , 28 , 128 , 108 , 4 , 9.286 , 28.745 , 41.627 , 28.745 , 41.627 , 1.381 , 0.893 , 61.879 , -0.14232604626383177 , 44.807 , 0.038 , 154.37208085719288
4 , 16.346153846153847 , 0.5 , 0.5 , 52 , 50 , 34 , 152 , 136 , 4 , 5.067 , 24.421 , 31.639 , 24.421 , 31.639 , 1.481 , 0.884 , 62.438 , -0.10322381494678623 , 42.159 , 0.103 , 143.05969998756942
1 , 16.466666666666665 , 0.5 , 0.5 , 30 , 57 , 30 , 144 , 117 , 3 , 13.38 , 33.904 , 51.075 , 33.904 , 51.075 , 1.462 , 0.911 , 62.898 , -0.1276936905975652 , 43.022 , 0.05 , 168.97814370371924
3 , 16.5 , 0.5 , 0.5 , 36 , 44 , 28 , 124 , 108 , 4 , 7.997 , 30.734 , 42.398 , 30.734 , 42.398 , 1.391 , 0.877 , 63.025 , -0.12845083008111396 , 45.309 , 0.038 , 157.1321056908629
5 , 16.615384615384617 , 0.5 , 0.5 , 39 , 54 , 33 , 147 , 126 , 3 , 9.529 , 33.812 , 46.563 , 33.812 , 46.563 , 1.513 , 0.9 , 63.466 , -0.10384109038700873 , 41.947 , 0.081 , 166.3753949993053
4 , 16.675 , 0.5 , 0.5 , 40 , 46 , 30 , 132 , 116 , 4 , 6.978 , 29.011 , 39.109 , 29.011 , 39.109 , 1.409 , 0.879 , 63.694 , -0.12411281110421696 , 45.205 , 0.05 , 152.11974756740764
2 , 16.77922077922078 , 0.5 , 0.5 , 33 , 51 , 30 , 135 , 114 , 3 , 11.852 , 37.416 , 53.347 , 37.416 , 53.347 , 1.476 , 0.897 , 64.092 , -0.11376472308872654 , 43.423 , 0.05 , 174.763422807597
3 , 16.88888888888889 , 0.5 , 0.5 , 36 , 48 , 30 , 132 , 114 , 3 , 10.614 , 38.898 , 53.696 , 38.898 , 53.696 , 1.483 , 0.887 , 64.511 , -0.10476492666006915 , 43.5 , 0.05 , 176.59368267860847
2 , 16.96969696969697 , 0.5 , 0.5 , 27 , 63 , 30 , 153 , 120 , 3 , 15.353 , 32.579 , 51.379 , 32.579 , 51.379 , 1.472 , 0.919 , 64.819 , -0.1296374182729727 , 44.035 , 0.05 , 167.95843157690732
3 , 17.1 , 0.5 , 0.5 , 30 , 54 , 30 , 138 , 114 , 3 , 13.414 , 37.052 , 54.367 , 37.052 , 54.367 , 1.481 , 0.904 , 65.317 , -0.11654928641508766 , 44.103 , 0.05 , 175.41870241143698
3 , 17.185185185185187 , 0.5 , 0.5 , 36 , 58 , 34 , 152 , 128 , 4 , 7.888 , 25.195 , 35.256 , 25.195 , 35.256 , 1.461 , 0.908 , 65.643 , -0.1260420373523325 , 44.93 , 0.081 , 146.45101059423922
2 , 17.30909090909091 , 0.5 , 0.5 , 44 , 56 , 36 , 156 , 136 , 4 , 6.144 , 24.877 , 32.947 , 24.877 , 32.947 , 1.467 , 0.899 , 66.116 , -0.11822570006667599 , 45.069 , 0.081 , 143.82363334093753
3 , 17.333333333333332 , 0.5 , 0.5 , 36 , 52 , 32 , 140 , 120 , 4 , 7.929 , 27.962 , 38.541 , 27.962 , 38.541 , 1.42 , 0.895 , 66.208 , -0.1312113634481485 , 46.625 , 0.05 , 150.50376042855112
4 , 17.5 , 0.5 , 0.5 , 32 , 50 , 30 , 132 , 112 , 4 , 9.267 , 30.082 , 42.437 , 30.082 , 42.437 , 1.424 , 0.893 , 66.845 , -0.12803293668793297 , 46.942 , 0.05 , 156.5192490523693
3 , 17.571428571428573 , 0.5 , 0.5 , 36 , 54 , 33 , 144 , 123 , 3 , 10.553 , 36.604 , 50.391 , 36.604 , 50.391 , 1.493 , 0.899 , 67.118 , -0.10931757594432401 , 44.955 , 0.05 , 170.99465280711604
3 , 17.704545454545453 , 0.5 , 0.5 , 33 , 57 , 33 , 147 , 123 , 3 , 11.789 , 35.895 , 50.773 , 35.895 , 50.773 , 1.494 , 0.906 , 67.626 , -0.11385958968875914 , 45.265 , 0.05 , 170.66786041956846
1 , 17.82716049382716 , 0.5 , 0.5 , 27 , 57 , 30 , 141 , 114 , 3 , 15.423 , 37.642 , 56.679 , 37.642 , 56.679 , 1.499 , 0.908 , 68.095 , -0.1139213232863352 , 45.427 , 0.05 , 178.32124058664633
4 , 17.88888888888889 , 0.5 , 0.5 , 36 , 46 , 30 , 128 , 112 , 4 , 7.978 , 32.194 , 43.38 , 32.194 , 43.38 , 1.436 , 0.877 , 68.331 , -0.1137440137067181 , 47.584 , 0.05 , 159.57414438765326
5 , 18.0 , 0.5 , 0.5 , 40 , 48 , 32 , 136 , 120 , 4 , 6.963 , 30.331 , 40.024 , 30.331 , 40.024 , 1.437 , 0.879 , 68.755 , -0.11475374389226439 , 47.846 , 0.05 , 154.3543339524284
7 , 18.05128205128205 , 0.5 , 0.5 , 52 , 44 , 32 , 140 , 128 , 4 , 5.1 , 30.091 , 37.735 , 30.091 , 37.735 , 1.491 , 0.855 , 68.951 , -0.08104722190073405 , 46.245 , 0.081 , 153.8261920340865
3 , 18.22222222222222 , 0.5 , 0.5 , 30 , 60 , 33 , 150 , 123 , 3 , 13.348 , 36.044 , 52.257 , 36.044 , 52.257 , 1.506 , 0.911 , 69.604 , -0.11333408904319081 , 46.218 , 0.05 , 172.30080402749982
2 , 18.333333333333332 , 0.5 , 0.5 , 24 , 66 , 30 , 156 , 120 , 3 , 17.993 , 34.489 , 55.508 , 34.489 , 55.508 , 1.508 , 0.92 , 70.028 , -0.11861840829358039 , 46.438 , 0.05 , 173.99740404453618
4 , 18.416666666666668 , 0.5 , 0.5 , 48 , 52 , 36 , 152 , 136 , 4 , 5.554 , 27.541 , 35.055 , 27.541 , 35.055 , 1.493 , 0.882 , 70.346 , -0.09845886301001233 , 47.117 , 0.081 , 148.596093327657
2 , 18.5 , 0.5 , 0.5 , 27 , 54 , 30 , 135 , 111 , 3 , 15.463 , 41.135 , 60.327 , 41.135 , 60.327 , 1.52 , 0.901 , 70.665 , -0.10216077816616043 , 46.49 , 0.05 , 185.462195806669
3 , 18.6 , 0.5 , 0.5 , 36 , 54 , 34 , 144 , 124 , 4 , 7.914 , 29.157 , 39.336 , 29.157 , 39.336 , 1.448 , 0.895 , 71.047 , -0.12185721240663283 , 49.066 , 0.05 , 152.4931305206387
3 , 18.7012987012987 , 0.5 , 0.5 , 33 , 54 , 33 , 141 , 120 , 3 , 11.819 , 39.902 , 54.911 , 39.902 , 54.911 , 1.523 , 0.897 , 71.434 , -0.098286363521499 , 46.903 , 0.05 , 178.81278424769258
5 , 18.742857142857144 , 0.5 , 0.5 , 42 , 48 , 33 , 138 , 123 , 3 , 8.738 , 41.619 , 53.75 , 41.619 , 53.75 , 1.533 , 0.874 , 71.592 , -0.07965551410583271 , 46.701 , 0.05 , 179.36920647029928
2 , 18.88888888888889 , 0.5 , 0.5 , 36 , 51 , 33 , 138 , 120 , 3 , 10.582 , 41.531 , 55.462 , 41.531 , 55.462 , 1.532 , 0.887 , 72.15 , -0.08883653642278155 , 47.095 , 0.05 , 180.9931763275851
1 , 19.0 , 0.5 , 0.5 , 24 , 60 , 30 , 144 , 114 , 3 , 18.069 , 39.187 , 60.408 , 39.187 , 60.408 , 1.529 , 0.911 , 72.575 , -0.10582342079735974 , 47.466 , 0.05 , 183.59420808832408
3 , 19.133333333333333 , 0.5 , 0.5 , 27 , 63 , 33 , 153 , 123 , 3 , 15.353 , 36.993 , 54.87 , 36.993 , 54.87 , 1.529 , 0.914 , 73.084 , -0.10798430898658218 , 47.799 , 0.05 , 175.86302887828742
4 , 19.2 , 0.5 , 0.5 , 30 , 48 , 30 , 126 , 108 , 3 , 13.493 , 46.59 , 64.258 , 46.59 , 64.258 , 1.532 , 0.883 , 73.339 , -0.08597275781748304 , 47.871 , 0.038 , 194.84773198680745
6 , 19.333333333333332 , 0.5 , 0.5 , 36 , 48 , 32 , 132 , 116 , 4 , 7.961 , 33.662 , 44.401 , 33.662 , 44.401 , 1.467 , 0.877 , 73.848 , -0.10349748414716536 , 50.339 , 0.05 , 162.06252285231176
4 , 19.40625 , 0.6 , 0.6 , 32 , 46 , 30 , 124 , 108 , 4 , 6.463 , 25.118 , 33.827 , 25.118 , 33.827 , 1.455 , 0.875 , 74.126 , -0.105943891823569 , 50.946 , 0.081 , 144.9455721836167
1 , 19.52777777777778 , 0.5 , 0.5 , 24 , 57 , 30 , 138 , 111 , 3 , 18.112 , 42.315 , 63.679 , 42.315 , 63.679 , 1.546 , 0.905 , 74.591 , -0.09634971872566755 , 48.248 , 0.05 , 189.99358970075676
4 , 19.6 , 0.6 , 0.6 , 40 , 42 , 30 , 124 , 112 , 4 , 4.87 , 25.874 , 33.006 , 25.874 , 33.006 , 1.464 , 0.851 , 74.866 , -0.08693190719099259 , 51.138 , 0.081 , 144.88096172429218
4 , 19.72 , 0.5 , 0.5 , 40 , 58 , 38 , 156 , 136 , 4 , 6.9 , 28.417 , 36.983 , 28.417 , 36.983 , 1.52 , 0.897 , 75.325 , -0.09955964841744103 , 49.556 , 0.081 , 151.4001915690812
3 , 19.753086419753085 , 0.5 , 0.5 , 27 , 60 , 33 , 147 , 120 , 3 , 15.387 , 40.021 , 57.999 , 40.021 , 57.999 , 1.547 , 0.908 , 75.451 , -0.09811301317068921 , 48.772 , 0.05 , 182.02081765974899
3 , 19.91111111111111 , 0.5 , 0.5 , 36 , 56 , 36 , 148 , 128 , 4 , 7.901 , 30.353 , 40.171 , 30.353 , 40.171 , 1.522 , 0.895 , 76.055 , -0.09741895840053982 , 49.97 , 0.081 , 156.52362681393532
5 , 20.0 , 0.5 , 0.5 , 44 , 44 , 32 , 132 , 120 , 4 , 6.218 , 35.482 , 44.471 , 35.482 , 44.471 , 1.487 , 0.852 , 76.394 , -0.08042501967200782 , 51.375 , 0.05 , 163.95327716570984
5 , 20.09090909090909 , 0.5 , 0.5 , 33 , 51 , 33 , 135 , 117 , 3 , 11.852 , 45.269 , 60.433 , 45.269 , 60.433 , 1.564 , 0.885 , 76.742 , -0.07687843264653682 , 49.068 , 0.05 , 189.70257131788182
2 , 20.25 , 0.5 , 0.5 , 24 , 54 , 30 , 132 , 108 , 3 , 18.159 , 46.236 , 67.772 , 46.236 , 67.772 , 1.554 , 0.898 , 77.349 , -0.08886407510893113 , 49.774 , 0.038 , 198.00877766866824
3 , 20.25 , 0.5 , 0.5 , 24 , 54 , 30 , 132 , 108 , 3 , 18.159 , 46.236 , 67.772 , 46.236 , 67.772 , 1.554 , 0.898 , 77.349 , -0.08886407510893113 , 49.774 , 0.038 , 198.00877766866824
2 , 20.428571428571427 , 0.5 , 0.5 , 21 , 66 , 30 , 153 , 117 , 3 , 21.609 , 39.392 , 63.363 , 39.392 , 63.363 , 1.565 , 0.916 , 78.031 , -0.09732800984518952 , 49.86 , 0.05 , 186.75525878086287
3 , 20.5 , 0.5 , 0.5 , 24 , 66 , 33 , 156 , 123 , 3 , 17.993 , 38.801 , 58.789 , 38.801 , 58.789 , 1.564 , 0.916 , 78.304 , -0.09740231126695353 , 50.066 , 0.05 , 181.5898192652144
3 , 20.583333333333332 , 0.5 , 0.5 , 27 , 57 , 33 , 141 , 117 , 3 , 15.423 , 43.808 , 61.915 , 43.808 , 61.915 , 1.572 , 0.901 , 78.623 , -0.08514490442254385 , 50.015 , 0.05 , 189.72257994815152
2 , 20.727272727272727 , 0.5 , 0.5 , 21 , 63 , 30 , 147 , 114 , 3 , 21.653 , 41.832 , 65.899 , 41.832 , 65.899 , 1.575 , 0.912 , 79.172 , -0.09136609278563701 , 50.268 , 0.05 , 191.73114402188605
5 , 20.8 , 0.5 , 0.5 , 40 , 52 , 36 , 144 , 128 , 4 , 6.935 , 32.989 , 41.964 , 32.989 , 41.964 , 1.543 , 0.879 , 79.45 , -0.07979715605051796 , 51.491 , 0.081 , 160.95299940791105
6 , 20.885714285714286 , 0.5 , 0.5 , 42 , 51 , 36 , 144 , 129 , 3 , 8.711 , 44.311 , 55.765 , 44.311 , 55.765 , 1.63 , 0.874 , 79.778 , -0.04788248525596528 , 48.944 , 0.081 , 186.07667199594295
3 , 21.0 , 0.5 , 0.5 , 32 , 48 , 32 , 128 , 112 , 4 , 9.286 , 37.823 , 49.866 , 37.823 , 49.866 , 1.491 , 0.875 , 80.214 , -0.09395125557805456 , 53.799 , 0.038 , 171.68816114589993
1 , 21.142857142857142 , 0.5 , 0.5 , 21 , 60 , 30 , 141 , 111 , 3 , 21.701 , 44.751 , 68.946 , 44.751 , 68.946 , 1.589 , 0.907 , 80.76 , -0.08358087183295548 , 50.824 , 0.05 , 197.69695973399305
2 , 21.25 , 0.6 , 0.6 , 24 , 51 , 30 , 126 , 105 , 3 , 12.647 , 35.629 , 50.723 , 35.629 , 50.723 , 1.511 , 0.889 , 81.169 , -0.09729155295745168 , 53.719 , 0.05 , 170.3517953927453
6 , 21.25 , 0.6 , 0.6 , 24 , 51 , 30 , 126 , 105 , 3 , 12.647 , 35.629 , 50.723 , 35.629 , 50.723 , 1.511 , 0.889 , 81.169 , -0.09729155295745168 , 53.719 , 0.05 , 170.3517953927453
7 , 21.357142857142858 , 0.6 , 0.6 , 28 , 46 , 30 , 120 , 104 , 4 , 7.729 , 28.665 , 38.581 , 28.665 , 38.581 , 1.448 , 0.871 , 81.578 , -0.10619971609444023 , 56.338 , 0.05 , 151.24639365586148
4 , 21.533333333333335 , 0.6 , 0.6 , 30 , 51 , 33 , 132 , 114 , 3 , 9.342 , 34.551 , 46.107 , 34.551 , 46.107 , 1.562 , 0.883 , 82.251 , -0.076306340651344 , 52.657 , 0.081 , 166.65765310610493
3 , 21.606060606060606 , 0.5 , 0.5 , 44 , 46 , 34 , 136 , 124 , 4 , 6.204 , 37.058 , 45.694 , 37.058 , 45.694 , 1.521 , 0.852 , 82.529 , -0.06915194253870927 , 54.26 , 0.05 , 166.75173326056304
1 , 21.714285714285715 , 0.5 , 0.5 , 21 , 57 , 30 , 135 , 108 , 3 , 21.754 , 48.32 , 72.673 , 48.32 , 72.673 , 1.593 , 0.901 , 82.942 , -0.07841934908827974 , 52.067 , 0.038 , 204.99275341288538
2 , 21.77777777777778 , 0.5 , 0.5 , 27 , 63 , 36 , 153 , 126 , 3 , 15.353 , 42.388 , 59.473 , 42.388 , 59.473 , 1.599 , 0.908 , 83.185 , -0.0810423348620335 , 52.023 , 0.05 , 185.86088443575977
4 , 21.923076923076923 , 0.5 , 0.5 , 39 , 57 , 39 , 153 , 135 , 3 , 9.504 , 43.255 , 54.837 , 43.255 , 54.837 , 1.65 , 0.889 , 83.74 , -0.05069045156770979 , 50.752 , 0.081 , 184.09184494769409
8 , 22.0 , 0.6 , 0.6 , 40 , 40 , 30 , 120 , 110 , 5 , 3.906 , 24.395 , 30.15 , 24.395 , 30.15 , 1.464 , 0.829 , 84.034 , -0.07241801991489782 , 57.4 , 0.081 , 140.54491380536106
6 , 22.10909090909091 , 0.6 , 0.6 , 33 , 48 , 33 , 129 , 114 , 3 , 8.256 , 36.688 , 47.34 , 36.688 , 47.34 , 1.578 , 0.869 , 84.451 , -0.06185246696962976 , 53.518 , 0.081 , 170.02801787062646
2 , 22.257142857142856 , 0.5 , 0.5 , 30 , 57 , 36 , 144 , 123 , 3 , 13.38 , 46.596 , 62.2 , 46.596 , 62.2 , 1.615 , 0.895 , 85.016 , -0.06646018562075828 , 52.641 , 0.05 , 192.7965704269604
4 , 22.272727272727273 , 0.5 , 0.5 , 44 , 56 , 40 , 156 , 140 , 4 , 6.144 , 32.448 , 40.091 , 32.448 , 40.091 , 1.579 , 0.881 , 85.076 , -0.0691796682419823 , 53.88 , 0.081 , 158.53924941000312
3 , 22.38888888888889 , 0.5 , 0.5 , 36 , 52 , 36 , 140 , 124 , 4 , 7.929 , 36.617 , 46.564 , 36.617 , 46.564 , 1.535 , 0.877 , 85.519 , -0.08112129778471378 , 55.713 , 0.05 , 167.18150289672542
2 , 22.5 , 0.6 , 0.6 , 21 , 54 , 30 , 129 , 105 , 3 , 15.147 , 36.662 , 53.706 , 36.662 , 53.706 , 1.538 , 0.894 , 85.944 , -0.09173114252260894 , 55.88 , 0.05 , 174.3682983359418
3 , 22.5625 , 0.5 , 0.5 , 24 , 57 , 33 , 138 , 114 , 3 , 18.112 , 49.245 , 69.567 , 49.245 , 69.567 , 1.627 , 0.898 , 86.182 , -0.06483425384169106 , 52.97 , 0.05 , 202.81286969929084
5 , 22.666666666666668 , 0.6 , 0.6 , 24 , 48 , 30 , 120 , 102 , 3 , 12.686 , 40.357 , 55.605 , 40.357 , 55.605 , 1.546 , 0.878 , 86.58 , -0.07784733230704954 , 56.003 , 0.05 , 179.96229279546793
3 , 22.77777777777778 , 0.5 , 0.5 , 27 , 60 , 36 , 147 , 123 , 3 , 15.387 , 46.476 , 63.655 , 46.476 , 63.655 , 1.628 , 0.901 , 87.005 , -0.06674033772777044 , 53.443 , 0.05 , 194.13143639304545
2 , 22.857142857142858 , 0.5 , 0.5 , 21 , 66 , 33 , 153 , 120 , 3 , 21.609 , 44.316 , 67.114 , 44.316 , 67.114 , 1.629 , 0.912 , 87.308 , -0.07361678635074931 , 53.596 , 0.05 , 195.4297240406168
4 , 23.0 , 0.5 , 0.5 , 40 , 46 , 34 , 132 , 120 , 4 , 6.978 , 40.717 , 50.19 , 40.717 , 50.19 , 1.553 , 0.851 , 87.854 , -0.057588586171484546 , 56.571 , 0.05 , 174.90674903434956
4 , 23.1 , 0.5 , 0.5 , 24 , 66 , 36 , 156 , 126 , 3 , 17.993 , 43.974 , 63.084 , 43.974 , 63.084 , 1.633 , 0.911 , 88.236 , -0.07142255361387728 , 54.033 , 0.05 , 191.0578399592008
5 , 23.22222222222222 , 0.5 , 0.5 , 36 , 57 , 39 , 150 , 132 , 3 , 10.526 , 46.829 , 59.355 , 46.829 , 59.355 , 1.685 , 0.887 , 88.702 , -0.03840303707959147 , 52.642 , 0.081 , 192.183467192724
4 , 23.296296296296298 , 0.6 , 0.6 , 27 , 51 , 33 , 129 , 111 , 3 , 10.769 , 38.354 , 51.162 , 38.354 , 51.162 , 1.601 , 0.881 , 88.985 , -0.061652865102593046 , 55.581 , 0.081 , 175.51680148182496
2 , 23.4 , 0.5 , 0.5 , 21 , 63 , 33 , 147 , 117 , 3 , 21.653 , 47.499 , 70.387 , 47.499 , 70.387 , 1.646 , 0.907 , 89.381 , -0.06482037047835842 , 54.302 , 0.05 , 201.88649977601503
4 , 23.5 , 0.5 , 0.5 , 51 , 51 , 39 , 153 , 141 , 3 , 6.903 , 47.285 , 56.372 , 47.285 , 56.372 , 1.735 , 0.855 , 89.763 , -0.00022188446765913916 , 51.737 , 0.103 , 190.656905418091
3 , 23.591836734693878 , 0.6 , 0.6 , 21 , 51 , 30 , 123 , 102 , 3 , 15.19 , 40.678 , 57.875 , 40.678 , 57.875 , 1.565 , 0.885 , 90.114 , -0.07676205071184694 , 57.581 , 0.05 , 182.55233253853442
5 , 23.68 , 0.6 , 0.6 , 30 , 48 , 33 , 126 , 111 , 3 , 9.37 , 40.318 , 52.005 , 40.318 , 52.005 , 1.613 , 0.867 , 90.451 , -0.048971013361106985 , 56.076 , 0.081 , 178.32295066806344
4 , 23.785714285714285 , 0.6 , 0.6 , 24 , 54 , 33 , 132 , 111 , 3 , 12.611 , 38.006 , 52.237 , 38.006 , 52.237 , 1.611 , 0.889 , 90.855 , -0.06423457765590201 , 56.397 , 0.081 , 176.24341029757556
2 , 23.916666666666668 , 0.5 , 0.5 , 24 , 63 , 36 , 150 , 123 , 3 , 18.029 , 47.655 , 66.838 , 47.655 , 66.838 , 1.657 , 0.905 , 91.355 , -0.05966877878455312 , 55.133 , 0.05 , 198.49324768915722
1 , 24.0 , 0.5 , 0.5 , 18 , 60 , 30 , 138 , 108 , 3 , 26.805 , 52.169 , 80.323 , 52.169 , 80.323 , 1.655 , 0.902 , 91.673 , -0.05854715797998622 , 55.392 , 0.038 , 216.49182587375523
2 , 24.126984126984127 , 0.5 , 0.5 , 21 , 60 , 33 , 141 , 114 , 3 , 21.701 , 51.381 , 74.391 , 51.381 , 74.391 , 1.669 , 0.902 , 92.158 , -0.05337925668214882 , 55.217 , 0.05 , 209.77234369324924
5 , 24.181818181818183 , 0.6 , 0.6 , 44 , 38 , 30 , 120 , 112 , 4 , 4.354 , 34.106 , 40.722 , 34.106 , 40.722 , 1.558 , 0.801 , 92.368 , -0.02221472802515201 , 59.286 , 0.081 , 160.82820640451638
4 , 24.369230769230768 , 0.5 , 0.5 , 39 , 54 , 39 , 147 , 132 , 3 , 9.529 , 50.602 , 62.287 , 50.602 , 62.287 , 1.718 , 0.873 , 93.084 , -0.017755268537019253 , 54.182 , 0.081 , 198.8883238897148
3 , 24.369230769230768 , 0.5 , 0.5 , 39 , 54 , 39 , 147 , 132 , 3 , 9.529 , 50.602 , 62.287 , 50.602 , 62.287 , 1.718 , 0.873 , 93.084 , -0.017755268537019253 , 54.182 , 0.081 , 198.8883238897148
2 , 24.571428571428573 , 0.5 , 0.5 , 30 , 60 , 39 , 150 , 129 , 3 , 13.348 , 49.332 , 64.204 , 49.332 , 64.204 , 1.675 , 0.895 , 93.856 , -0.04673809137121676 , 56.033 , 0.05 , 197.53595718752226
2 , 24.62962962962963 , 0.6 , 0.6 , 18 , 57 , 30 , 132 , 105 , 3 , 18.66 , 39.114 , 58.79 , 39.114 , 58.79 , 1.587 , 0.897 , 94.078 , -0.07714469174826422 , 59.28 , 0.05 , 181.9036329857326
4 , 24.703703703703702 , 0.6 , 0.6 , 36 , 46 , 34 , 128 , 116 , 4 , 5.54 , 31.378 , 38.666 , 31.378 , 38.666 , 1.56 , 0.849 , 94.361 , -0.053901293496985914 , 60.488 , 0.081 , 156.04434919546355
5 , 24.8 , 0.5 , 0.5 , 40 , 48 , 36 , 136 , 124 , 4 , 6.963 , 42.463 , 51.579 , 42.463 , 51.579 , 1.592 , 0.851 , 94.729 , -0.0446256477000323 , 59.503 , 0.05 , 178.04152563386214
5 , 24.88888888888889 , 0.5 , 0.5 , 45 , 42 , 33 , 129 , 120 , 3 , 8.089 , 61.434 , 73.079 , 61.434 , 73.079 , 1.717 , 0.818 , 95.069 , 0.01893945486523485 , 55.369 , 0.05 , 218.51316653980626
7 , 25.0 , 0.7 , 0.7 , 28 , 42 , 30 , 112 , 100 , 4 , 5.707 , 27.03 , 34.43 , 27.03 , 34.43 , 1.512 , 0.843 , 95.493 , -0.0657376283491925 , 63.157 , 0.081 , 147.45993919827316
3 , 25.107142857142858 , 0.5 , 0.5 , 21 , 57 , 33 , 135 , 111 , 3 , 21.754 , 56.234 , 79.401 , 56.234 , 79.401 , 1.685 , 0.895 , 95.902 , -0.04336158543016888 , 56.915 , 0.038 , 219.63486046522826
5 , 25.142857142857142 , 0.6 , 0.6 , 21 , 48 , 30 , 117 , 99 , 3 , 15.238 , 46.069 , 63.438 , 46.069 , 63.438 , 1.605 , 0.874 , 96.039 , -0.05584810692061959 , 59.837 , 0.05 , 193.50776671382556
6 , 25.27777777777778 , 0.6 , 0.6 , 36 , 39 , 30 , 114 , 105 , 3 , 7.455 , 49.675 , 60.337 , 49.675 , 60.337 , 1.624 , 0.813 , 96.554 , -0.008963469738000773 , 59.454 , 0.05 , 194.01121979072823
2 , 25.375 , 0.5 , 0.5 , 40 , 58 , 42 , 156 , 140 , 4 , 6.9 , 37.002 , 45.149 , 37.002 , 45.149 , 1.65 , 0.879 , 96.925 , -0.04459775927488907 , 58.742 , 0.081 , 168.15075487711223
3 , 25.5 , 0.6 , 0.6 , 24 , 51 , 33 , 126 , 108 , 3 , 12.647 , 43.107 , 57.477 , 43.107 , 57.477 , 1.608 , 0.878 , 97.403 , -0.05740080165476502 , 60.574 , 0.05 , 184.58368183084508
3 , 25.6 , 0.6 , 0.6 , 27 , 48 , 33 , 123 , 108 , 3 , 10.802 , 44.752 , 57.702 , 44.752 , 57.702 , 1.613 , 0.865 , 97.785 , -0.04730911147748995 , 60.623 , 0.05 , 186.4538512799074
5 , 25.666666666666668 , 0.6 , 0.6 , 27 , 42 , 30 , 111 , 99 , 3 , 10.881 , 50.848 , 64.76 , 50.848 , 64.76 , 1.625 , 0.842 , 98.039 , -0.027714784052058627 , 60.332 , 0.05 , 199.60836708253822
3 , 25.8 , 0.5 , 0.5 , 36 , 54 , 39 , 144 , 129 , 3 , 10.553 , 54.78 , 67.415 , 54.78 , 67.415 , 1.713 , 0.871 , 98.549 , -0.018532687463622133 , 57.53 , 0.05 , 206.1940603621129
4 , 25.88235294117647 , 0.5 , 0.5 , 51 , 45 , 36 , 141 , 132 , 3 , 6.947 , 57.878 , 67.599 , 57.878 , 67.599 , 1.78 , 0.82 , 98.863 , 0.03813309786635921 , 55.541 , 0.081 , 211.47671559795438
3 , 26.0 , 0.5 , 0.5 , 27 , 54 , 36 , 135 , 117 , 3 , 15.463 , 58.764 , 76.214 , 58.764 , 76.214 , 1.723 , 0.881 , 99.313 , -0.021468695117408565 , 57.64 , 0.05 , 218.97745192925868
4 , 26.0 , 0.5 , 0.5 , 27 , 54 , 36 , 135 , 117 , 3 , 15.463 , 58.764 , 76.214 , 58.764 , 76.214 , 1.723 , 0.881 , 99.313 , -0.021468695117408565 , 57.64 , 0.05 , 218.97745192925868
2 , 26.27777777777778 , 0.5 , 0.5 , 24 , 66 , 39 , 156 , 129 , 3 , 17.993 , 50.297 , 68.663 , 50.297 , 68.663 , 1.72 , 0.905 , 100.374 , -0.039139864369605926 , 58.357 , 0.05 , 202.95993100382813
3 , 26.27777777777778 , 0.5 , 0.5 , 24 , 66 , 39 , 156 , 129 , 3 , 17.993 , 50.297 , 68.663 , 50.297 , 68.663 , 1.72 , 0.905 , 100.374 , -0.039139864369605926 , 58.357 , 0.05 , 202.95993100382813
3 , 26.448979591836736 , 0.6 , 0.6 , 21 , 54 , 33 , 129 , 108 , 3 , 15.147 , 43.396 , 59.616 , 43.396 , 59.616 , 1.629 , 0.886 , 101.028 , -0.05581994924036693 , 62.018 , 0.05 , 187.01160052613707
6 , 26.52 , 0.6 , 0.6 , 30 , 51 , 36 , 132 , 117 , 3 , 9.342 , 42.941 , 53.985 , 42.941 , 53.985 , 1.675 , 0.867 , 101.299 , -0.0282812477163904 , 60.477 , 0.081 , 182.92603806830599
4 , 26.6 , 0.5 , 0.5 , 30 , 57 , 39 , 144 , 126 , 3 , 13.38 , 56.116 , 71.09 , 56.116 , 71.09 , 1.733 , 0.883 , 101.605 , -0.019871397030596927 , 58.63 , 0.05 , 211.20645123735196
2 , 26.714285714285715 , 0.6 , 0.6 , 18 , 51 , 30 , 120 , 99 , 3 , 18.765 , 47.406 , 67.403 , 47.406 , 67.403 , 1.64 , 0.881 , 102.041 , -0.04884680951081466 , 62.22 , 0.05 , 198.80908585582296
4 , 26.833333333333332 , 0.6 , 0.6 , 32 , 46 , 34 , 124 , 112 , 4 , 6.463 , 35.254 , 43.425 , 35.254 , 43.425 , 1.6 , 0.846 , 102.496 , -0.03880640309092276 , 64.06 , 0.081 , 164.67881924159084
5 , 26.892307692307693 , 0.5 , 0.5 , 39 , 57 , 42 , 153 , 138 , 3 , 9.504 , 53.528 , 64.688 , 53.528 , 64.688 , 1.783 , 0.873 , 102.721 , 0.0036864967360196177 , 57.611 , 0.081 , 204.21574987257407
4 , 27.0 , 0.6 , 0.6 , 30 , 45 , 33 , 120 , 108 , 3 , 9.402 , 49.028 , 60.858 , 49.028 , 60.858 , 1.649 , 0.845 , 103.132 , -0.021843217763865663 , 62.542 , 0.05 , 193.88576334924198
5 , 27.125 , 0.5 , 0.5 , 48 , 42 , 34 , 132 , 124 , 4 , 5.616 , 49.289 , 57.365 , 49.289 , 57.365 , 1.653 , 0.802 , 103.61 , 0.008081546119346417 , 62.68 , 0.05 , 190.65403936537382
5 , 27.238095238095237 , 0.6 , 0.6 , 28 , 44 , 32 , 116 , 104 , 4 , 7.748 , 38.506 , 48.182 , 38.506 , 48.182 , 1.565 , 0.843 , 104.042 , -0.04832689058691275 , 66.481 , 0.05 , 170.68825261284172
3 , 27.238095238095237 , 0.6 , 0.6 , 28 , 44 , 32 , 116 , 104 , 4 , 7.748 , 38.506 , 48.182 , 38.506 , 48.182 , 1.565 , 0.843 , 104.042 , -0.04832689058691275 , 66.481 , 0.05 , 170.68825261284172
1 , 27.40740740740741 , 0.5 , 0.5 , 18 , 60 , 33 , 138 , 111 , 3 , 26.805 , 59.898 , 86.675 , 59.898 , 86.675 , 1.747 , 0.897 , 104.689 , -0.024196852972104055 , 59.925 , 0.038 , 230.57297201906042
3 , 27.490909090909092 , 0.5 , 0.5 , 33 , 54 , 39 , 141 , 126 , 3 , 11.819 , 59.715 , 73.471 , 59.715 , 73.471 , 1.76 , 0.87 , 105.008 , -0.0018950051065339535 , 59.664 , 0.05 , 217.18604125611114
2 , 27.5625 , 0.5 , 0.5 , 24 , 63 , 39 , 150 , 126 , 3 , 18.029 , 55.237 , 73.663 , 55.237 , 73.663 , 1.757 , 0.898 , 105.281 , -0.022119356461276274 , 59.921 , 0.05 , 212.8995823022473
3 , 27.5625 , 0.5 , 0.5 , 24 , 63 , 39 , 150 , 126 , 3 , 18.029 , 55.237 , 73.663 , 55.237 , 73.663 , 1.757 , 0.898 , 105.281 , -0.022119356461276274 , 59.921 , 0.05 , 212.8995823022473
2 , 27.857142857142858 , 0.5 , 0.5 , 21 , 60 , 36 , 141 , 117 , 3 , 21.701 , 59.668 , 81.657 , 59.668 , 81.657 , 1.771 , 0.895 , 106.406 , -0.015008379932706761 , 60.082 , 0.05 , 225.32575625919628
3 , 27.857142857142858 , 0.5 , 0.5 , 21 , 60 , 36 , 141 , 117 , 3 , 21.701 , 59.668 , 81.657 , 59.668 , 81.657 , 1.771 , 0.895 , 106.406 , -0.015008379932706761 , 60.082 , 0.05 , 225.32575625919628
7 , 28.0 , 0.6 , 0.6 , 24 , 42 , 30 , 108 , 96 , 3 , 12.78 , 57.125 , 72.719 , 57.125 , 72.719 , 1.668 , 0.839 , 106.952 , -0.011746132485395022 , 64.12 , 0.038 , 213.84347904119045
6 , 28.115384615384617 , 0.5 , 0.5 , 39 , 51 , 39 , 141 , 129 , 3 , 9.555 , 61.661 , 73.465 , 61.661 , 73.465 , 1.779 , 0.85 , 107.393 , 0.01754495164624159 , 60.367 , 0.05 , 219.12525259932056
4 , 28.2 , 0.5 , 0.5 , 45 , 54 , 42 , 153 , 141 , 3 , 7.986 , 56.662 , 66.443 , 56.662 , 66.443 , 1.822 , 0.853 , 107.716 , 0.02985467838861189 , 59.12 , 0.081 , 209.10568258559002
3 , 28.333333333333332 , 0.6 , 0.6 , 21 , 51 , 33 , 123 , 105 , 3 , 15.19 , 49.215 , 65.589 , 49.215 , 65.589 , 1.675 , 0.874 , 108.225 , -0.032707765592898896 , 64.612 , 0.05 , 198.80369207196685
2 , 28.444444444444443 , 0.6 , 0.6 , 18 , 48 , 30 , 114 , 96 , 3 , 18.825 , 53.682 , 73.873 , 53.682 , 73.873 , 1.67 , 0.869 , 108.65 , -0.031013434110372384 , 65.06 , 0.038 , 211.55504639542022
3 , 28.5 , 0.6 , 0.6 , 18 , 57 , 33 , 132 , 108 , 3 , 18.66 , 45.521 , 64.239 , 45.521 , 64.239 , 1.676 , 0.89 , 108.862 , -0.042892939398541996 , 64.953 , 0.05 , 193.7593749921633
5 , 28.6 , 0.6 , 0.6 , 30 , 39 , 30 , 108 , 99 , 3 , 9.478 , 59.448 , 72.161 , 59.448 , 72.161 , 1.703 , 0.809 , 109.244 , 0.019822400767120274 , 64.148 , 0.05 , 215.6092839448119
5 , 28.711111111111112 , 0.6 , 0.6 , 27 , 51 , 36 , 129 , 114 , 3 , 10.769 , 47.669 , 59.909 , 47.669 , 59.909 , 1.726 , 0.865 , 109.668 , -0.01000525726538859 , 63.539 , 0.081 , 193.57779484792337
4 , 28.85185185185185 , 0.5 , 0.5 , 27 , 57 , 39 , 141 , 123 , 3 , 15.423 , 62.305 , 78.908 , 62.305 , 78.908 , 1.797 , 0.881 , 110.206 , 0.0027814537409395212 , 61.328 , 0.05 , 225.21241197439582
6 , 28.85185185185185 , 0.5 , 0.5 , 27 , 57 , 39 , 141 , 123 , 3 , 15.423 , 62.305 , 78.908 , 62.305 , 78.908 , 1.797 , 0.881 , 110.206 , 0.0027814537409395212 , 61.328 , 0.05 , 225.21241197439582
7 , 29.0 , 0.6 , 0.6 , 32 , 48 , 36 , 128 , 116 , 4 , 6.449 , 36.772 , 44.638 , 36.772 , 44.638 , 1.644 , 0.846 , 110.772 , -0.024473740666007937 , 67.38 , 0.081 , 167.41036332975312
6 , 29.166666666666668 , 0.6 , 0.6 , 27 , 45 , 33 , 117 , 105 , 3 , 10.84 , 54.413 , 67.518 , 54.413 , 67.518 , 1.7 , 0.842 , 111.408 , -0.0032197224075664055 , 65.534 , 0.05 , 205.93084880007765
6 , 29.166666666666668 , 0.6 , 0.6 , 27 , 45 , 33 , 117 , 105 , 3 , 10.84 , 54.413 , 67.518 , 54.413 , 67.518 , 1.7 , 0.842 , 111.408 , -0.0032197224075664055 , 65.534 , 0.05 , 205.93084880007765
3 , 29.285714285714285 , 0.5 , 0.5 , 24 , 60 , 39 , 144 , 123 , 3 , 18.069 , 61.579 , 80.094 , 61.579 , 80.094 , 1.808 , 0.89 , 111.863 , 0.0005161160523958763 , 61.871 , 0.05 , 225.67311225662868
2 , 29.333333333333332 , 0.5 , 0.5 , 21 , 66 , 39 , 153 , 126 , 3 , 21.609 , 57.447 , 78.395 , 57.447 , 78.395 , 1.805 , 0.902 , 112.045 , -0.00847558398076198 , 62.075 , 0.05 , 219.8419684493086
2 , 29.46938775510204 , 0.5 , 0.5 , 21 , 57 , 36 , 135 , 114 , 3 , 21.754 , 66.41 , 88.547 , 66.41 , 88.547 , 1.806 , 0.886 , 112.565 , 0.002341307003326132 , 62.328 , 0.038 , 238.95698444991982
6 , 29.571428571428573 , 0.6 , 0.6 , 28 , 46 , 34 , 120 , 108 , 4 , 7.729 , 40.232 , 49.537 , 40.232 , 49.537 , 1.611 , 0.843 , 112.955 , -0.03317899169531724 , 70.115 , 0.05 , 173.76889519489237
6 , 29.6875 , 0.7 , 0.7 , 32 , 38 , 30 , 108 , 100 , 4 , 4.8 , 34.278 , 40.886 , 34.278 , 40.886 , 1.595 , 0.794 , 113.398 , -0.005682266703340266 , 71.096 , 0.081 , 161.16401473635932
3 , 29.75 , 0.5 , 0.5 , 36 , 51 , 39 , 138 , 126 , 3 , 10.582 , 66.747 , 79.509 , 66.747 , 79.509 , 1.825 , 0.849 , 113.637 , 0.033587358075529594 , 62.267 , 0.05 , 230.25534753060492
2 , 30.0 , 0.6 , 0.6 , 18 , 54 , 33 , 126 , 105 , 3 , 18.71 , 50.58 , 69.447 , 50.58 , 69.447 , 1.714 , 0.881 , 114.592 , -0.024638462448240084 , 66.856 , 0.05 , 204.02679960225285
2 , 30.0 , 0.6 , 0.6 , 18 , 54 , 33 , 126 , 105 , 3 , 18.71 , 50.58 , 69.447 , 50.58 , 69.447 , 1.714 , 0.881 , 114.592 , -0.024638462448240084 , 66.856 , 0.05 , 204.02679960225285
3 , 30.0 , 0.6 , 0.6 , 18 , 54 , 33 , 126 , 105 , 3 , 18.71 , 50.58 , 69.447 , 50.58 , 69.447 , 1.714 , 0.881 , 114.592 , -0.024638462448240084 , 66.856 , 0.05 , 204.02679960225285
2 , 30.25 , 0.5 , 0.5 , 24 , 66 , 42 , 156 , 132 , 3 , 17.993 , 58.201 , 75.943 , 58.201 , 75.943 , 1.83 , 0.899 , 115.546 , 0.0017516643651124264 , 63.14 , 0.05 , 218.1433482262622
2 , 30.25 , 0.5 , 0.5 , 24 , 66 , 42 , 156 , 132 , 3 , 17.993 , 58.201 , 75.943 , 58.201 , 75.943 , 1.83 , 0.899 , 115.546 , 0.0017516643651124264 , 63.14 , 0.05 , 218.1433482262622
6 , 30.4 , 0.6 , 0.6 , 30 , 48 , 36 , 126 , 114 , 3 , 9.37 , 52.264 , 63.433 , 52.264 , 63.433 , 1.767 , 0.845 , 116.119 , 0.017097492252173496 , 65.715 , 0.081 , 201.69671039665386
7 , 30.545454545454547 , 0.5 , 0.5 , 44 , 56 , 44 , 156 , 144 , 4 , 6.144 , 45.067 , 52.355 , 45.067 , 52.355 , 1.768 , 0.852 , 116.675 , 0.01240578763042044 , 65.993 , 0.081 , 183.42147287829488
4 , 30.6 , 0.5 , 0.5 , 40 , 54 , 42 , 148 , 136 , 4 , 6.923 , 47.756 , 55.986 , 47.756 , 55.986 , 1.768 , 0.851 , 116.883 , 0.013571830601586399 , 66.11 , 0.081 , 189.7424600583452
2 , 30.75 , 0.5 , 0.5 , 21 , 63 , 39 , 147 , 123 , 3 , 21.653 , 63.085 , 84.099 , 63.085 , 84.099 , 1.847 , 0.895 , 117.456 , 0.010159442078975123 , 63.593 , 0.05 , 231.18413506408078
3 , 30.814814814814813 , 0.5 , 0.5 , 36 , 52 , 40 , 140 , 128 , 4 , 7.929 , 51.042 , 60.455 , 51.042 , 60.455 , 1.73 , 0.849 , 117.704 , 0.002368645510842149 , 68.037 , 0.05 , 195.49770496089332
5 , 31.0 , 0.7 , 0.7 , 18 , 45 , 30 , 108 , 93 , 3 , 13.88 , 45.947 , 60.935 , 45.947 , 60.935 , 1.656 , 0.853 , 118.411 , -0.025306306827862612 , 71.504 , 0.05 , 190.88178399760804
4 , 31.0 , 0.7 , 0.7 , 18 , 45 , 30 , 108 , 93 , 3 , 13.88 , 45.947 , 60.935 , 45.947 , 60.935 , 1.656 , 0.853 , 118.411 , -0.025306306827862612 , 71.504 , 0.05 , 190.88178399760804
3 , 31.085714285714285 , 0.6 , 0.6 , 21 , 48 , 33 , 117 , 102 , 3 , 15.238 , 57.41 , 73.958 , 57.41 , 73.958 , 1.745 , 0.858 , 118.739 , 0.0006838959812416334 , 68.045 , 0.05 , 215.3671692956265
4 , 31.25 , 0.6 , 0.6 , 32 , 50 , 38 , 132 , 120 , 4 , 6.435 , 38.299 , 45.886 , 38.299 , 45.886 , 1.69 , 0.846 , 119.366 , -0.009208917685692541 , 70.631 , 0.081 , 170.18511518419012
5 , 31.25 , 0.6 , 0.6 , 32 , 50 , 38 , 132 , 120 , 4 , 6.435 , 38.299 , 45.886 , 38.299 , 45.886 , 1.69 , 0.846 , 119.366 , -0.009208917685692541 , 70.631 , 0.081 , 170.18511518419012
4 , 31.45 , 0.6 , 0.6 , 24 , 51 , 36 , 126 , 111 , 3 , 12.647 , 53.576 , 67.309 , 53.576 , 67.309 , 1.747 , 0.862 , 120.13 , -0.0011852143476465127 , 68.764 , 0.05 , 204.88461932869166
3 , 31.45 , 0.6 , 0.6 , 24 , 51 , 36 , 126 , 111 , 3 , 12.647 , 53.576 , 67.309 , 53.576 , 67.309 , 1.747 , 0.862 , 120.13 , -0.0011852143476465127 , 68.764 , 0.05 , 204.88461932869166
1 , 31.666666666666668 , 0.5 , 0.5 , 18 , 60 , 36 , 138 , 114 , 3 , 26.805 , 69.559 , 95.149 , 69.559 , 95.149 , 1.866 , 0.89 , 120.958 , 0.019461198880552977 , 64.822 , 0.038 , 248.70798651982085
4 , 31.714285714285715 , 0.6 , 0.6 , 21 , 54 , 36 , 129 , 111 , 3 , 15.147 , 52.374 , 67.874 , 52.374 , 67.874 , 1.752 , 0.874 , 121.14 , -0.007412741389961508 , 69.144 , 0.05 , 204.24879541956952
5 , 31.714285714285715 , 0.6 , 0.6 , 21 , 54 , 36 , 129 , 111 , 3 , 15.147 , 52.374 , 67.874 , 52.374 , 67.874 , 1.752 , 0.874 , 121.14 , -0.007412741389961508 , 69.144 , 0.05 , 204.24879541956952
4 , 31.875 , 0.6 , 0.6 , 24 , 45 , 33 , 114 , 102 , 3 , 12.73 , 61.14 , 75.835 , 61.14 , 75.835 , 1.766 , 0.839 , 121.754 , 0.02058934015396041 , 68.943 , 0.05 , 220.97500350159626
2 , 32.0 , 0.5 , 0.5 , 27 , 54 , 39 , 135 , 120 , 3 , 15.463 , 72.867 , 89.607 , 72.867 , 89.607 , 1.889 , 0.865 , 122.231 , 0.04375790788243261 , 64.707 , 0.05 , 246.47476696858485
2 , 32.111111111111114 , 0.6 , 0.6 , 18 , 51 , 33 , 120 , 102 , 3 , 18.765 , 57.355 , 76.397 , 57.355 , 76.397 , 1.767 , 0.869 , 122.655 , 0.0007962284223003158 , 69.414 , 0.05 , 217.75237433618616
3 , 32.2 , 0.5 , 0.5 , 30 , 63 , 45 , 156 , 138 , 3 , 13.319 , 62.464 , 76.313 , 62.464 , 76.313 , 1.927 , 0.883 , 122.995 , 0.0439663393501466 , 63.827 , 0.081 , 224.77700864266123
3 , 32.30769230769231 , 0.5 , 0.5 , 52 , 48 , 40 , 148 , 140 , 4 , 5.077 , 51.485 , 58.154 , 51.485 , 58.154 , 1.807 , 0.803 , 123.406 , 0.05812047666580544 , 68.293 , 0.081 , 195.63891742671785
6 , 32.5 , 0.7 , 0.7 , 32 , 40 , 32 , 112 , 104 , 4 , 4.785 , 35.889 , 42.238 , 35.889 , 42.238 , 1.674 , 0.794 , 124.141 , 0.02046318436775152 , 74.158 , 0.103 , 165.1267389525405
6 , 32.5 , 0.7 , 0.7 , 32 , 40 , 32 , 112 , 104 , 4 , 4.785 , 35.889 , 42.238 , 35.889 , 42.238 , 1.674 , 0.794 , 124.141 , 0.02046318436775152 , 74.158 , 0.103 , 165.1267389525405
5 , 32.57142857142857 , 0.7 , 0.7 , 28 , 38 , 30 , 104 , 96 , 4 , 5.74 , 39.096 , 46.611 , 39.096 , 46.611 , 1.644 , 0.791 , 124.414 , 0.012765777284461044 , 75.678 , 0.081 , 171.70766142053287
1 , 32.6530612244898 , 0.5 , 0.5 , 21 , 60 , 39 , 141 , 120 , 3 , 21.701 , 70.323 , 91.436 , 70.323 , 91.436 , 1.905 , 0.886 , 124.726 , 0.034957993755747485 , 65.473 , 0.05 , 245.7597029009277
4 , 32.888888888888886 , 0.6 , 0.6 , 27 , 48 , 36 , 123 , 111 , 3 , 10.802 , 58.012 , 70.388 , 58.012 , 70.388 , 1.782 , 0.842 , 125.626 , 0.023624912783829166 , 70.497 , 0.05 , 212.39981752245427
3 , 32.888888888888886 , 0.6 , 0.6 , 27 , 48 , 36 , 123 , 111 , 3 , 10.802 , 58.012 , 70.388 , 58.012 , 70.388 , 1.782 , 0.842 , 125.626 , 0.023624912783829166 , 70.497 , 0.05 , 212.39981752245427
8 , 33.0 , 0.8 , 0.8 , 24 , 36 , 28 , 96 , 88 , 4 , 5.441 , 33.202 , 40.143 , 33.202 , 40.143 , 1.598 , 0.786 , 126.051 , 0.00042836312421123957 , 78.88 , 0.081 , 159.34554296447456
7 , 33.0 , 0.8 , 0.8 , 24 , 36 , 28 , 96 , 88 , 4 , 5.441 , 33.202 , 40.143 , 33.202 , 40.143 , 1.598 , 0.786 , 126.051 , 0.00042836312421123957 , 78.88 , 0.081 , 159.34554296447456
5 , 33.142857142857146 , 0.5 , 0.5 , 70 , 40 , 35 , 150 , 145 , 5 , 2.92 , 43.392 , 47.835 , 43.392 , 47.835 , 1.787 , 0.73 , 126.596 , 0.10087882078516486 , 70.843 , 0.103 , 178.22636328985178
2 , 33.291666666666664 , 0.5 , 0.5 , 48 , 51 , 42 , 150 , 141 , 3 , 7.413 , 69.174 , 78.44 , 69.174 , 78.44 , 1.962 , 0.818 , 127.165 , 0.09916645391753842 , 64.814 , 0.081 , 233.6141077343043
2 , 33.476190476190474 , 0.6 , 0.6 , 18 , 57 , 36 , 132 , 111 , 3 , 18.66 , 53.758 , 71.645 , 53.758 , 71.645 , 1.794 , 0.881 , 127.87 , 0.001782442154771302 , 71.276 , 0.05 , 209.40301153295957
2 , 33.476190476190474 , 0.6 , 0.6 , 18 , 57 , 36 , 132 , 111 , 3 , 18.66 , 53.758 , 71.645 , 53.758 , 71.645 , 1.794 , 0.881 , 127.87 , 0.001782442154771302 , 71.276 , 0.05 , 209.40301153295957
4 , 33.583333333333336 , 0.7 , 0.7 , 24 , 39 , 30 , 102 , 93 , 3 , 9.43 , 54.427 , 66.013 , 54.427 , 66.013 , 1.715 , 0.803 , 128.279 , 0.027808924555651426 , 74.798 , 0.05 , 204.43945137403827
2 , 33.785714285714285 , 0.5 , 0.5 , 21 , 66 , 42 , 153 , 129 , 3 , 21.609 , 66.474 , 86.711 , 66.474 , 86.711 , 1.93 , 0.895 , 129.052 , 0.03726476278244539 , 66.866 , 0.05 , 237.1854480174867
2 , 33.785714285714285 , 0.5 , 0.5 , 21 , 66 , 42 , 153 , 129 , 3 , 21.609 , 66.474 , 86.711 , 66.474 , 86.711 , 1.93 , 0.895 , 129.052 , 0.03726476278244539 , 66.866 , 0.05 , 237.1854480174867
3 , 34.0 , 0.6 , 0.6 , 30 , 51 , 39 , 132 , 120 , 3 , 9.342 , 55.528 , 66.117 , 55.528 , 66.117 , 1.848 , 0.845 , 129.87 , 0.043751970668082674 , 70.276 , 0.081 , 207.6443904199694
3 , 34.0 , 0.6 , 0.6 , 30 , 51 , 39 , 132 , 120 , 3 , 9.342 , 55.528 , 66.117 , 55.528 , 66.117 , 1.848 , 0.845 , 129.87 , 0.043751970668082674 , 70.276 , 0.081 , 207.6443904199694
3 , 34.09090909090909 , 0.5 , 0.5 , 66 , 45 , 39 , 156 , 150 , 6 , 2.587 , 34.905 , 38.519 , 34.905 , 38.519 , 1.766 , 0.761 , 130.218 , 0.07281138108977037 , 73.736 , 0.128 , 160.42470803709944
5 , 34.22222222222222 , 0.6 , 0.6 , 45 , 35 , 30 , 115 , 110 , 5 , 3.406 , 41.665 , 46.9 , 41.665 , 46.9 , 1.679 , 0.722 , 130.719 , 0.07035577873646959 , 77.855 , 0.081 , 174.56478893190985
4 , 34.34615384615385 , 0.5 , 0.5 , 39 , 57 , 45 , 153 , 141 , 3 , 9.504 , 68.937 , 79.73 , 68.937 , 79.73 , 1.984 , 0.85 , 131.193 , 0.08517569695770211 , 66.126 , 0.081 , 234.66693120467033
4 , 34.34615384615385 , 0.5 , 0.5 , 39 , 57 , 45 , 153 , 141 , 3 , 9.504 , 68.937 , 79.73 , 68.937 , 79.73 , 1.984 , 0.85 , 131.193 , 0.08517569695770211 , 66.126 , 0.081 , 234.66693120467033
5 , 34.54545454545455 , 0.6 , 0.6 , 33 , 45 , 36 , 123 , 114 , 3 , 8.284 , 61.781 , 72.083 , 61.781 , 72.083 , 1.866 , 0.812 , 131.954 , 0.07218287255013123 , 70.715 , 0.081 , 219.86356074279936
5 , 34.54545454545455 , 0.6 , 0.6 , 33 , 45 , 36 , 123 , 114 , 3 , 8.284 , 61.781 , 72.083 , 61.781 , 72.083 , 1.866 , 0.812 , 131.954 , 0.07218287255013123 , 70.715 , 0.081 , 219.86356074279936
5 , 34.75555555555555 , 0.5 , 0.5 , 45 , 51 , 42 , 147 , 138 , 3 , 8.008 , 73.735 , 83.603 , 73.735 , 83.603 , 2.001 , 0.817 , 132.756 , 0.11272177612546186 , 66.345 , 0.081 , 243.33833264184906
3 , 34.8 , 0.5 , 0.5 , 40 , 58 , 46 , 156 , 144 , 4 , 6.9 , 51.309 , 59.111 , 51.309 , 59.111 , 1.869 , 0.851 , 132.926 , 0.04692286782554511 , 71.121 , 0.081 , 196.42051530217927
4 , 34.97142857142857 , 0.6 , 0.6 , 21 , 51 , 36 , 123 , 108 , 3 , 15.19 , 61.167 , 76.817 , 61.167 , 76.817 , 1.832 , 0.858 , 133.581 , 0.029426233708064076 , 72.915 , 0.05 , 221.98356085337716
5 , 35.0 , 0.7 , 0.7 , 18 , 42 , 30 , 102 , 90 , 3 , 13.935 , 55.787 , 70.935 , 55.787 , 70.935 , 1.743 , 0.83 , 133.69 , 0.018937454699817113 , 76.701 , 0.05 , 210.72204433229615
3 , 35.1 , 0.6 , 0.6 , 24 , 54 , 39 , 132 , 117 , 3 , 12.611 , 56.878 , 69.925 , 56.878 , 69.925 , 1.875 , 0.862 , 134.072 , 0.04105778300347307 , 71.505 , 0.081 , 212.8029359109393
3 , 35.2 , 0.6 , 0.6 , 18 , 48 , 33 , 114 , 99 , 3 , 18.825 , 66.896 , 86.135 , 66.896 , 86.135 , 1.832 , 0.854 , 134.454 , 0.03254714311251927 , 73.392 , 0.038 , 237.03085011063718
4 , 35.285714285714285 , 0.5 , 0.5 , 21 , 57 , 39 , 135 , 117 , 3 , 21.754 , 79.978 , 101.224 , 79.978 , 101.224 , 1.969 , 0.874 , 134.782 , 0.06390757483770704 , 68.452 , 0.038 , 265.20198821819815
8 , 35.357142857142854 , 0.7 , 0.7 , 21 , 45 , 33 , 111 , 99 , 3 , 11.235 , 51.269 , 63.565 , 51.269 , 63.565 , 1.788 , 0.836 , 135.054 , 0.03020875429008596 , 75.534 , 0.081 , 200.83419290862284
4 , 35.46666666666667 , 0.5 , 0.5 , 27 , 57 , 42 , 141 , 126 , 3 , 15.423 , 77.102 , 93.102 , 77.102 , 93.102 , 1.98 , 0.865 , 135.473 , 0.07379832855311519 , 68.421 , 0.05 , 254.20432192885707
7 , 35.65 , 0.6 , 0.6 , 40 , 46 , 38 , 132 , 124 , 4 , 4.846 , 44.534 , 50.731 , 44.534 , 50.731 , 1.806 , 0.799 , 136.173 , 0.06062272313026018 , 75.4 , 0.103 , 182.26524127506718
5 , 35.714285714285715 , 0.7 , 0.7 , 28 , 40 , 32 , 108 , 100 , 4 , 5.723 , 40.94 , 48.164 , 40.94 , 48.164 , 1.699 , 0.791 , 136.419 , 0.03060997210375449 , 80.294 , 0.081 , 175.10467381631528
4 , 35.714285714285715 , 0.7 , 0.7 , 28 , 40 , 32 , 108 , 100 , 4 , 5.723 , 40.94 , 48.164 , 40.94 , 48.164 , 1.699 , 0.791 , 136.419 , 0.03060997210375449 , 80.294 , 0.081 , 175.10467381631528
2 , 36.0 , 0.6 , 0.6 , 18 , 54 , 36 , 126 , 108 , 3 , 18.71 , 61.044 , 79.076 , 61.044 , 79.076 , 1.856 , 0.869 , 137.51 , 0.03006892239772696 , 74.089 , 0.05 , 224.12041745693045
2 , 36.0 , 0.6 , 0.6 , 18 , 54 , 36 , 126 , 108 , 3 , 18.71 , 61.044 , 79.076 , 61.044 , 79.076 , 1.856 , 0.869 , 137.51 , 0.03006892239772696 , 74.089 , 0.05 , 224.12041745693045
2 , 36.0 , 0.6 , 0.6 , 18 , 54 , 36 , 126 , 108 , 3 , 18.71 , 61.044 , 79.076 , 61.044 , 79.076 , 1.856 , 0.869 , 137.51 , 0.03006892239772696 , 74.089 , 0.05 , 224.12041745693045
2 , 36.0 , 0.6 , 0.6 , 18 , 54 , 36 , 126 , 108 , 3 , 18.71 , 61.044 , 79.076 , 61.044 , 79.076 , 1.856 , 0.869 , 137.51 , 0.03006892239772696 , 74.089 , 0.05 , 224.12041745693045
4 , 36.416666666666664 , 0.7 , 0.7 , 24 , 38 , 30 , 100 , 92 , 4 , 7.083 , 45.511 , 54.232 , 45.511 , 54.232 , 1.67 , 0.787 , 139.101 , 0.023856729934649823 , 83.294 , 0.05 , 183.7430875522773
4 , 36.416666666666664 , 0.7 , 0.7 , 24 , 38 , 30 , 100 , 92 , 4 , 7.083 , 45.511 , 54.232 , 45.511 , 54.232 , 1.67 , 0.787 , 139.101 , 0.023856729934649823 , 83.294 , 0.05 , 183.7430875522773
5 , 36.416666666666664 , 0.7 , 0.7 , 24 , 38 , 30 , 100 , 92 , 4 , 7.083 , 45.511 , 54.232 , 45.511 , 54.232 , 1.67 , 0.787 , 139.101 , 0.023856729934649823 , 83.294 , 0.05 , 183.7430875522773
6 , 36.416666666666664 , 0.7 , 0.7 , 24 , 38 , 30 , 100 , 92 , 4 , 7.083 , 45.511 , 54.232 , 45.511 , 54.232 , 1.67 , 0.787 , 139.101 , 0.023856729934649823 , 83.294 , 0.05 , 183.7430875522773
5 , 36.75 , 0.7 , 0.7 , 40 , 35 , 30 , 110 , 105 , 5 , 2.893 , 34.362 , 38.669 , 34.362 , 38.669 , 1.685 , 0.72 , 140.375 , 0.07371785722804541 , 83.309 , 0.103 , 160.03031708481012
3 , 36.833333333333336 , 0.6 , 0.6 , 27 , 51 , 39 , 129 , 117 , 3 , 10.769 , 61.641 , 73.378 , 61.641 , 73.378 , 1.915 , 0.842 , 140.693 , 0.06752916178687196 , 73.469 , 0.081 , 221.0188124485697
3 , 36.833333333333336 , 0.6 , 0.6 , 27 , 51 , 39 , 129 , 117 , 3 , 10.769 , 61.641 , 73.378 , 61.641 , 73.378 , 1.915 , 0.842 , 140.693 , 0.06752916178687196 , 73.469 , 0.081 , 221.0188124485697
3 , 37.0 , 0.6 , 0.6 , 30 , 45 , 36 , 120 , 111 , 3 , 9.402 , 67.885 , 79.187 , 67.885 , 79.187 , 1.881 , 0.809 , 141.33 , 0.07831664888996259 , 75.136 , 0.05 , 231.071857568497
1 , 37.142857142857146 , 0.5 , 0.5 , 18 , 60 , 39 , 138 , 117 , 3 , 26.805 , 81.98 , 106.552 , 81.98 , 106.552 , 2.02 , 0.881 , 141.875 , 0.07633681484960375 , 70.235 , 0.038 , 272.5319829863365
3 , 37.142857142857146 , 0.8 , 0.8 , 21 , 39 , 30 , 99 , 90 , 3 , 8.673 , 47.541 , 57.635 , 47.541 , 57.635 , 1.751 , 0.8 , 141.875 , 0.04216124328615878 , 81.025 , 0.081 , 191.17646190349038
1 , 37.142857142857146 , 0.5 , 0.5 , 18 , 60 , 39 , 138 , 117 , 3 , 26.805 , 81.98 , 106.552 , 81.98 , 106.552 , 2.02 , 0.881 , 141.875 , 0.07633681484960375 , 70.235 , 0.038 , 272.5319829863365
2 , 37.592592592592595 , 0.5 , 0.5 , 36 , 58 , 46 , 152 , 140 , 4 , 7.888 , 56.963 , 65.613 , 56.963 , 65.613 , 1.937 , 0.849 , 143.593 , 0.07052637321401711 , 74.132 , 0.081 , 208.57550174166653
3 , 37.592592592592595 , 0.5 , 0.5 , 36 , 58 , 46 , 152 , 140 , 4 , 7.888 , 56.963 , 65.613 , 56.963 , 65.613 , 1.937 , 0.849 , 143.593 , 0.07052637321401711 , 74.132 , 0.081 , 208.57550174166653
3 , 37.592592592592595 , 0.5 , 0.5 , 36 , 58 , 46 , 152 , 140 , 4 , 7.888 , 56.963 , 65.613 , 56.963 , 65.613 , 1.937 , 0.849 , 143.593 , 0.07052637321401711 , 74.132 , 0.081 , 208.57550174166653
1 , 37.8 , 0.5 , 0.5 , 30 , 54 , 42 , 138 , 126 , 3 , 13.414 , 84.69 , 99.227 , 84.69 , 99.227 , 2.046 , 0.845 , 144.385 , 0.10903585623539436 , 70.569 , 0.05 , 267.9171963652571
1 , 37.8 , 0.5 , 0.5 , 30 , 54 , 42 , 138 , 126 , 3 , 13.414 , 84.69 , 99.227 , 84.69 , 99.227 , 2.046 , 0.845 , 144.385 , 0.10903585623539436 , 70.569 , 0.05 , 267.9171963652571
4 , 37.92307692307692 , 0.6 , 0.6 , 52 , 34 , 30 , 120 , 116 , 4 , 3.594 , 56.061 , 61.766 , 56.061 , 61.766 , 1.876 , 0.681 , 144.855 , 0.16295890762575493 , 77.215 , 0.103 , 204.8278646096825
6 , 38.0 , 0.5 , 0.5 , 72 , 38 , 34 , 148 , 144 , 4 , 3.544 , 64.086 , 69.612 , 64.086 , 69.612 , 2.008 , 0.686 , 145.149 , 0.20326094889862806 , 72.285 , 0.103 , 220.69842055433955
9 , 38.266666666666666 , 0.6 , 0.6 , 45 , 42 , 36 , 129 , 123 , 3 , 5.617 , 66.553 , 74.264 , 66.553 , 74.264 , 1.993 , 0.755 , 146.168 , 0.15177661217724447 , 73.341 , 0.103 , 227.81752507006894
7 , 38.266666666666666 , 0.6 , 0.6 , 45 , 42 , 36 , 129 , 123 , 3 , 5.617 , 66.553 , 74.264 , 66.553 , 74.264 , 1.993 , 0.755 , 146.168 , 0.15177661217724447 , 73.341 , 0.103 , 227.81752507006894
5 , 38.333333333333336 , 0.6 , 0.6 , 36 , 46 , 38 , 128 , 120 , 4 , 5.54 , 49.421 , 56.287 , 49.421 , 56.287 , 1.827 , 0.797 , 146.423 , 0.06908491265735006 , 80.144 , 0.081 , 191.70754020424795
5 , 38.4 , 0.7 , 0.7 , 30 , 36 , 30 , 102 , 96 , 3 , 6.997 , 63.832 , 73.27 , 63.832 , 73.27 , 1.866 , 0.746 , 146.677 , 0.11569273791524093 , 78.605 , 0.081 , 223.10165157232575
6 , 38.5 , 0.7 , 0.7 , 24 , 42 , 33 , 108 , 99 , 3 , 9.389 , 58.291 , 69.215 , 58.291 , 69.215 , 1.854 , 0.804 , 147.059 , 0.07334417564869855 , 79.32 , 0.081 , 213.50598917273436
6 , 38.63636363636363 , 0.5 , 0.5 , 44 , 50 , 42 , 144 , 136 , 4 , 6.178 , 63.103 , 70.69 , 63.103 , 70.69 , 1.951 , 0.8 , 147.58 , 0.10741037743110382 , 75.643 , 0.081 , 219.79303334677536
8 , 38.78787878787879 , 0.6 , 0.6 , 33 , 48 , 39 , 129 , 120 , 3 , 8.256 , 65.676 , 75.427 , 65.676 , 75.427 , 1.96 , 0.812 , 148.159 , 0.10291941352867917 , 75.591 , 0.081 , 227.10351177276357
5 , 38.78787878787879 , 0.6 , 0.6 , 33 , 48 , 39 , 129 , 120 , 3 , 8.256 , 65.676 , 75.427 , 65.676 , 75.427 , 1.96 , 0.812 , 148.159 , 0.10291941352867917 , 75.591 , 0.081 , 227.10351177276357
4 , 38.86363636363637 , 0.5 , 0.5 , 33 , 57 , 45 , 147 , 135 , 3 , 11.789 , 81.363 , 94.074 , 81.363 , 94.074 , 2.067 , 0.847 , 148.448 , 0.11473550568717261 , 71.818 , 0.05 , 259.43640720966545
5 , 39.0 , 0.7 , 0.7 , 28 , 42 , 34 , 112 , 104 , 4 , 5.707 , 42.797 , 49.744 , 42.797 , 49.744 , 1.757 , 0.791 , 148.969 , 0.04978709450737118 , 84.786 , 0.081 , 178.54082600454026
2 , 39.08571428571429 , 0.6 , 0.6 , 21 , 54 , 39 , 129 , 114 , 3 , 15.147 , 64.944 , 79.816 , 64.944 , 79.816 , 1.933 , 0.859 , 149.296 , 0.06260625299286249 , 77.235 , 0.05 , 228.7599385620189
4 , 39.08571428571429 , 0.6 , 0.6 , 21 , 54 , 39 , 129 , 114 , 3 , 15.147 , 64.944 , 79.816 , 64.944 , 79.816 , 1.933 , 0.859 , 149.296 , 0.06260625299286249 , 77.235 , 0.05 , 228.7599385620189
5 , 39.08571428571429 , 0.6 , 0.6 , 21 , 54 , 39 , 129 , 114 , 3 , 15.147 , 64.944 , 79.816 , 64.944 , 79.816 , 1.933 , 0.859 , 149.296 , 0.06260625299286249 , 77.235 , 0.05 , 228.7599385620189
3 , 39.48 , 0.5 , 0.5 , 30 , 63 , 48 , 156 , 141 , 3 , 13.319 , 77.039 , 90.523 , 77.039 , 90.523 , 2.129 , 0.868 , 150.802 , 0.12115189144034433 , 70.832 , 0.081 , 253.56287009928678
3 , 39.51020408163265 , 0.5 , 0.5 , 21 , 66 , 45 , 153 , 132 , 3 , 21.609 , 78.081 , 97.727 , 78.081 , 97.727 , 2.092 , 0.886 , 150.918 , 0.0966990410371672 , 72.141 , 0.05 , 259.8076814609165
3 , 39.666666666666664 , 0.6 , 0.6 , 18 , 51 , 36 , 120 , 105 , 3 , 18.765 , 71.284 , 89.485 , 71.284 , 89.485 , 1.948 , 0.854 , 151.516 , 0.07087401631761203 , 77.78 , 0.05 , 244.76957493140833
3 , 39.666666666666664 , 0.6 , 0.6 , 18 , 51 , 36 , 120 , 105 , 3 , 18.765 , 71.284 , 89.485 , 71.284 , 89.485 , 1.948 , 0.854 , 151.516 , 0.07087401631761203 , 77.78 , 0.05 , 244.76957493140833
3 , 39.666666666666664 , 0.6 , 0.6 , 18 , 51 , 36 , 120 , 105 , 3 , 18.765 , 71.284 , 89.485 , 71.284 , 89.485 , 1.948 , 0.854 , 151.516 , 0.07087401631761203 , 77.78 , 0.05 , 244.76957493140833
5 , 40.0 , 0.7 , 0.7 , 18 , 45 , 33 , 108 , 96 , 3 , 13.88 , 59.731 , 74.021 , 59.731 , 74.021 , 1.843 , 0.831 , 152.789 , 0.05145714326945905 , 82.902 , 0.05 , 217.75224079140523
4 , 40.0 , 0.7 , 0.7 , 18 , 45 , 33 , 108 , 96 , 3 , 13.88 , 59.731 , 74.021 , 59.731 , 74.021 , 1.843 , 0.831 , 152.789 , 0.05145714326945905 , 82.902 , 0.05 , 217.75224079140523
3 , 40.111111111111114 , 0.6 , 0.6 , 18 , 57 , 39 , 132 , 114 , 3 , 18.66 , 64.741 , 81.91 , 64.741 , 81.91 , 1.959 , 0.87 , 153.213 , 0.06377194567700506 , 78.21 , 0.05 , 230.65020862430399
3 , 40.111111111111114 , 0.6 , 0.6 , 18 , 57 , 39 , 132 , 114 , 3 , 18.66 , 64.741 , 81.91 , 64.741 , 81.91 , 1.959 , 0.87 , 153.213 , 0.06377194567700506 , 78.21 , 0.05 , 230.65020862430399
5 , 40.375 , 0.6 , 0.6 , 24 , 51 , 39 , 126 , 114 , 3 , 12.647 , 69.279 , 82.449 , 69.279 , 82.449 , 1.962 , 0.84 , 154.221 , 0.08505769759762238 , 78.604 , 0.05 , 235.72759992186442
4 , 40.375 , 0.6 , 0.6 , 24 , 51 , 39 , 126 , 114 , 3 , 12.647 , 69.279 , 82.449 , 69.279 , 82.449 , 1.962 , 0.84 , 154.221 , 0.08505769759762238 , 78.604 , 0.05 , 235.72759992186442
3 , 40.375 , 0.6 , 0.6 , 24 , 51 , 39 , 126 , 114 , 3 , 12.647 , 69.279 , 82.449 , 69.279 , 82.449 , 1.962 , 0.84 , 154.221 , 0.08505769759762238 , 78.604 , 0.05 , 235.72759992186442
3 , 40.611111111111114 , 0.5 , 0.5 , 36 , 51 , 42 , 138 , 129 , 3 , 10.582 , 91.962 , 104.229 , 91.962 , 104.229 , 2.122 , 0.813 , 155.123 , 0.15513714163665326 , 73.102 , 0.05 , 280.1907240157167
3 , 40.611111111111114 , 0.5 , 0.5 , 36 , 51 , 42 , 138 , 129 , 3 , 10.582 , 91.962 , 104.229 , 91.962 , 104.229 , 2.122 , 0.813 , 155.123 , 0.15513714163665326 , 73.102 , 0.05 , 280.1907240157167
2 , 41.0 , 0.5 , 0.5 , 27 , 54 , 42 , 135 , 123 , 3 , 15.463 , 94.022 , 110.139 , 94.022 , 110.139 , 2.14 , 0.843 , 156.608 , 0.14176320693381816 , 73.181 , 0.05 , 288.16141610679654
2 , 41.0 , 0.5 , 0.5 , 27 , 54 , 42 , 135 , 123 , 3 , 15.463 , 94.022 , 110.139 , 94.022 , 110.139 , 2.14 , 0.843 , 156.608 , 0.14176320693381816 , 73.181 , 0.05 , 288.16141610679654
2 , 41.0 , 0.5 , 0.5 , 27 , 54 , 42 , 135 , 123 , 3 , 15.463 , 94.022 , 110.139 , 94.022 , 110.139 , 2.14 , 0.843 , 156.608 , 0.14176320693381816 , 73.181 , 0.05 , 288.16141610679654
2 , 41.0 , 0.5 , 0.5 , 27 , 54 , 42 , 135 , 123 , 3 , 15.463 , 94.022 , 110.139 , 94.022 , 110.139 , 2.14 , 0.843 , 156.608 , 0.14176320693381816 , 73.181 , 0.05 , 288.16141610679654
3 , 41.25 , 0.5 , 0.5 , 40 , 50 , 42 , 140 , 132 , 4 , 6.949 , 69.344 , 77.669 , 69.344 , 77.669 , 1.97 , 0.799 , 157.563 , 0.11483412937845316 , 79.981 , 0.05 , 231.01227022205654
4 , 41.333333333333336 , 0.6 , 0.6 , 36 , 48 , 40 , 132 , 124 , 4 , 5.528 , 51.428 , 58.052 , 51.428 , 58.052 , 1.919 , 0.797 , 157.882 , 0.09946606479397702 , 82.273 , 0.103 , 196.4800717246536
5 , 41.36363636363637 , 0.5 , 0.5 , 44 , 52 , 44 , 148 , 140 , 4 , 6.166 , 65.494 , 72.849 , 65.494 , 72.849 , 2.014 , 0.8 , 157.997 , 0.1281928294603787 , 78.449 , 0.081 , 224.34286391928885
5 , 41.53846153846154 , 0.5 , 0.5 , 65 , 45 , 40 , 155 , 150 , 5 , 3.158 , 51.634 , 55.964 , 51.634 , 55.964 , 1.943 , 0.728 , 158.665 , 0.15334166802340887 , 81.66 , 0.103 , 194.59781811809813
4 , 41.6 , 0.6 , 0.6 , 30 , 48 , 39 , 126 , 117 , 3 , 9.37 , 72.174 , 82.874 , 72.174 , 82.874 , 2.027 , 0.81 , 158.9 , 0.12637339983861728 , 78.392 , 0.081 , 241.0477371397226
5 , 41.6875 , 0.6 , 0.6 , 32 , 46 , 38 , 124 , 116 , 4 , 6.463 , 55.525 , 63.224 , 55.525 , 63.224 , 1.896 , 0.794 , 159.235 , 0.09335104877626144 , 83.985 , 0.081 , 204.74810112618025
2 , 41.8 , 0.5 , 0.5 , 30 , 57 , 45 , 144 , 132 , 3 , 13.38 , 89.435 , 103.391 , 89.435 , 103.391 , 2.152 , 0.845 , 159.664 , 0.14410005079782418 , 74.193 , 0.05 , 276.8259804089157
4 , 41.888888888888886 , 0.8 , 0.8 , 18 , 39 , 30 , 96 , 87 , 3 , 10.716 , 55.363 , 67.081 , 55.363 , 67.081 , 1.841 , 0.795 , 160.004 , 0.07489022135543288 , 86.911 , 0.081 , 208.4436045827641
3 , 42.0 , 0.6 , 0.6 , 39 , 42 , 36 , 123 , 117 , 3 , 6.703 , 76.638 , 85.496 , 76.638 , 85.496 , 2.045 , 0.752 , 160.428 , 0.17074197183581774 , 78.449 , 0.081 , 248.13419781937785
2 , 42.166666666666664 , 0.5 , 0.5 , 24 , 66 , 48 , 156 , 138 , 3 , 17.993 , 81.912 , 98.708 , 81.912 , 98.708 , 2.172 , 0.878 , 161.065 , 0.1282962146700497 , 74.155 , 0.05 , 264.619903322445
2 , 42.166666666666664 , 0.5 , 0.5 , 24 , 66 , 48 , 156 , 138 , 3 , 17.993 , 81.912 , 98.708 , 81.912 , 98.708 , 2.172 , 0.878 , 161.065 , 0.1282962146700497 , 74.155 , 0.05 , 264.619903322445
4 , 42.42857142857143 , 0.6 , 0.6 , 28 , 44 , 36 , 116 , 108 , 4 , 7.748 , 60.799 , 69.897 , 60.799 , 69.897 , 1.871 , 0.791 , 162.065 , 0.08721471862399888 , 86.619 , 0.05 , 214.6961532316915
4 , 42.42857142857143 , 0.6 , 0.6 , 28 , 44 , 36 , 116 , 108 , 4 , 7.748 , 60.799 , 69.897 , 60.799 , 69.897 , 1.871 , 0.791 , 162.065 , 0.08721471862399888 , 86.619 , 0.05 , 214.6961532316915
3 , 42.42857142857143 , 0.6 , 0.6 , 28 , 44 , 36 , 116 , 108 , 4 , 7.748 , 60.799 , 69.897 , 60.799 , 69.897 , 1.871 , 0.791 , 162.065 , 0.08721471862399888 , 86.619 , 0.05 , 214.6961532316915
3 , 42.666666666666664 , 0.7 , 0.7 , 21 , 42 , 33 , 105 , 96 , 3 , 11.279 , 66.519 , 78.956 , 66.519 , 78.956 , 1.899 , 0.8 , 162.975 , 0.09066729376594596 , 85.821 , 0.05 , 229.47485655179582
3 , 42.666666666666664 , 0.7 , 0.7 , 21 , 42 , 33 , 105 , 96 , 3 , 11.279 , 66.519 , 78.956 , 66.519 , 78.956 , 1.899 , 0.8 , 162.975 , 0.09066729376594596 , 85.821 , 0.05 , 229.47485655179582
4 , 42.666666666666664 , 0.7 , 0.7 , 21 , 42 , 33 , 105 , 96 , 3 , 11.279 , 66.519 , 78.956 , 66.519 , 78.956 , 1.899 , 0.8 , 162.975 , 0.09066729376594596 , 85.821 , 0.05 , 229.47485655179582
4 , 42.93333333333333 , 0.5 , 0.5 , 27 , 63 , 48 , 153 , 138 , 3 , 15.353 , 85.546 , 100.502 , 85.546 , 100.502 , 2.191 , 0.865 , 163.993 , 0.14317112671615007 , 74.848 , 0.05 , 270.0487298048339
3 , 43.0 , 0.5 , 0.5 , 24 , 60 , 45 , 144 , 129 , 3 , 18.069 , 91.435 , 108.732 , 91.435 , 108.732 , 2.192 , 0.862 , 164.248 , 0.14567170669092488 , 74.931 , 0.05 , 284.16767157244436
3 , 43.0 , 0.5 , 0.5 , 21 , 63 , 45 , 147 , 129 , 3 , 21.653 , 89.062 , 108.732 , 89.062 , 108.732 , 2.194 , 0.875 , 164.248 , 0.13805355260101715 , 74.862 , 0.05 , 281.7938112070615
3 , 43.27272727272727 , 0.5 , 0.5 , 33 , 51 , 42 , 135 , 126 , 3 , 11.852 , 100.239 , 113.594 , 100.239 , 113.594 , 2.199 , 0.812 , 165.29 , 0.18198760819715865 , 75.166 , 0.05 , 297.83259129316434
2 , 43.27272727272727 , 0.5 , 0.5 , 33 , 51 , 42 , 135 , 126 , 3 , 11.852 , 100.239 , 113.594 , 100.239 , 113.594 , 2.199 , 0.812 , 165.29 , 0.18198760819715865 , 75.166 , 0.05 , 297.83259129316434
1 , 43.42857142857143 , 0.5 , 0.5 , 21 , 57 , 42 , 135 , 120 , 3 , 21.754 , 98.972 , 119.449 , 98.972 , 119.449 , 2.2 , 0.859 , 165.885 , 0.15068399353091355 , 75.402 , 0.038 , 302.42167597891023
3 , 43.5 , 0.6 , 0.6 , 48 , 36 , 32 , 120 , 116 , 4 , 3.934 , 63.46 , 69.376 , 63.46 , 69.376 , 1.973 , 0.679 , 166.158 , 0.19621265549529493 , 84.216 , 0.103 , 219.83667271677757
3 , 43.75 , 0.6 , 0.6 , 24 , 45 , 36 , 114 , 105 , 3 , 12.73 , 84.655 , 98.697 , 84.655 , 98.697 , 2.048 , 0.804 , 167.113 , 0.13709160431164402 , 81.598 , 0.05 , 267.351765796
3 , 43.75 , 0.6 , 0.6 , 24 , 45 , 36 , 114 , 105 , 3 , 12.73 , 84.655 , 98.697 , 84.655 , 98.697 , 2.048 , 0.804 , 167.113 , 0.13709160431164402 , 81.598 , 0.05 , 267.351765796
3 , 43.75 , 0.6 , 0.6 , 24 , 45 , 36 , 114 , 105 , 3 , 12.73 , 84.655 , 98.697 , 84.655 , 98.697 , 2.048 , 0.804 , 167.113 , 0.13709160431164402 , 81.598 , 0.05 , 267.351765796
4 , 43.75 , 0.6 , 0.6 , 24 , 45 , 36 , 114 , 105 , 3 , 12.73 , 84.655 , 98.697 , 84.655 , 98.697 , 2.048 , 0.804 , 167.113 , 0.13709160431164402 , 81.598 , 0.05 , 267.351765796
5 , 44.0 , 0.6 , 0.6 , 63 , 33 , 30 , 129 , 126 , 3 , 3.854 , 81.976 , 88.298 , 81.976 , 88.298 , 2.247 , 0.621 , 168.068 , 0.325372070960497 , 74.797 , 0.128 , 257.27406389143516
4 , 44.18181818181818 , 0.5 , 0.5 , 44 , 54 , 46 , 152 , 144 , 4 , 6.155 , 67.896 , 75.047 , 67.896 , 75.047 , 2.08 , 0.8 , 168.762 , 0.15014281888901915 , 81.136 , 0.081 , 228.94311950412396
6 , 44.2 , 0.7 , 0.7 , 30 , 39 , 33 , 108 , 102 , 3 , 6.964 , 68.363 , 77.259 , 68.363 , 77.259 , 1.974 , 0.747 , 168.832 , 0.15105867555060493 , 85.528 , 0.081 , 231.62201385942967
3 , 44.333333333333336 , 0.6 , 0.6 , 36 , 42 , 36 , 120 , 114 , 3 , 7.424 , 82.934 , 92.506 , 82.934 , 92.506 , 2.1 , 0.751 , 169.341 , 0.18988199066859646 , 80.639 , 0.081 , 261.44043737103044
2 , 44.4 , 0.6 , 0.6 , 18 , 54 , 39 , 126 , 111 , 3 , 18.71 , 75.695 , 92.997 , 75.695 , 92.997 , 2.059 , 0.854 , 169.596 , 0.10726165216239636 , 82.368 , 0.05 , 252.69168819662687
2 , 44.44444444444444 , 0.5 , 0.5 , 18 , 60 , 42 , 138 , 120 , 3 , 26.805 , 98.542 , 122.244 , 98.542 , 122.244 , 2.229 , 0.87 , 169.765 , 0.15292754326108193 , 76.162 , 0.038 , 304.785144560968
2 , 44.44444444444444 , 0.5 , 0.5 , 18 , 60 , 42 , 138 , 120 , 3 , 26.805 , 98.542 , 122.244 , 98.542 , 122.244 , 2.229 , 0.87 , 169.765 , 0.15292754326108193 , 76.162 , 0.038 , 304.785144560968
4 , 44.92857142857143 , 0.6 , 0.6 , 21 , 51 , 39 , 123 , 111 , 3 , 15.19 , 79.095 , 94.104 , 79.095 , 94.104 , 2.07 , 0.836 , 171.615 , 0.12288483895105495 , 82.906 , 0.05 , 257.1988103132017
4 , 44.92857142857143 , 0.6 , 0.6 , 21 , 51 , 39 , 123 , 111 , 3 , 15.19 , 79.095 , 94.104 , 79.095 , 94.104 , 2.07 , 0.836 , 171.615 , 0.12288483895105495 , 82.906 , 0.05 , 257.1988103132017
3 , 44.92857142857143 , 0.6 , 0.6 , 21 , 51 , 39 , 123 , 111 , 3 , 15.19 , 79.095 , 94.104 , 79.095 , 94.104 , 2.07 , 0.836 , 171.615 , 0.12288483895105495 , 82.906 , 0.05 , 257.1988103132017
6 , 45.0 , 0.6 , 0.6 , 32 , 48 , 40 , 128 , 120 , 4 , 6.449 , 57.785 , 65.215 , 57.785 , 65.215 , 1.964 , 0.794 , 171.887 , 0.11572011308170405 , 87.519 , 0.081 , 208.9994533065008
7 , 45.03703703703704 , 0.6 , 0.6 , 27 , 48 , 39 , 123 , 114 , 3 , 10.802 , 80.111 , 91.969 , 80.111 , 91.969 , 2.072 , 0.807 , 172.029 , 0.14286492878134582 , 83.026 , 0.05 , 256.07988340678276
2 , 45.333333333333336 , 0.6 , 0.6 , 18 , 48 , 36 , 114 , 102 , 3 , 18.825 , 86.717 , 105.108 , 86.717 , 105.108 , 2.081 , 0.831 , 173.161 , 0.1297823386271183 , 83.21 , 0.038 , 275.82525902814945
2 , 45.333333333333336 , 0.6 , 0.6 , 18 , 48 , 36 , 114 , 102 , 3 , 18.825 , 86.717 , 105.108 , 86.717 , 105.108 , 2.081 , 0.831 , 173.161 , 0.1297823386271183 , 83.21 , 0.038 , 275.82525902814945
3 , 45.333333333333336 , 0.6 , 0.6 , 18 , 48 , 36 , 114 , 102 , 3 , 18.825 , 86.717 , 105.108 , 86.717 , 105.108 , 2.081 , 0.831 , 173.161 , 0.1297823386271183 , 83.21 , 0.038 , 275.82525902814945
3 , 45.333333333333336 , 0.6 , 0.6 , 18 , 48 , 36 , 114 , 102 , 3 , 18.825 , 86.717 , 105.108 , 86.717 , 105.108 , 2.081 , 0.831 , 173.161 , 0.1297823386271183 , 83.21 , 0.038 , 275.82525902814945
3 , 45.705882352941174 , 0.5 , 0.5 , 68 , 42 , 38 , 152 , 148 , 4 , 3.764 , 73.622 , 79.009 , 73.622 , 79.009 , 2.16 , 0.684 , 174.584 , 0.25428602237285663 , 80.826 , 0.103 , 239.6306867284543
6 , 45.705882352941174 , 0.5 , 0.5 , 68 , 42 , 38 , 152 , 148 , 4 , 3.764 , 73.622 , 79.009 , 73.622 , 79.009 , 2.16 , 0.684 , 174.584 , 0.25428602237285663 , 80.826 , 0.103 , 239.6306867284543
5 , 45.81818181818182 , 0.5 , 0.5 , 55 , 45 , 40 , 145 , 140 , 5 , 3.82 , 60.885 , 65.978 , 60.885 , 65.978 , 1.993 , 0.725 , 175.013 , 0.17178975957150439 , 87.814 , 0.081 , 212.8638083480186
2 , 46.0 , 0.6 , 0.6 , 28 , 46 , 38 , 120 , 112 , 4 , 7.729 , 63.366 , 72.133 , 63.366 , 72.133 , 1.943 , 0.791 , 175.707 , 0.11092527858520529 , 90.431 , 0.05 , 219.4987667506905
3 , 46.0 , 0.6 , 0.6 , 28 , 46 , 38 , 120 , 112 , 4 , 7.729 , 63.366 , 72.133 , 63.366 , 72.133 , 1.943 , 0.791 , 175.707 , 0.11092527858520529 , 90.431 , 0.05 , 219.4987667506905
3 , 46.0 , 0.6 , 0.6 , 28 , 46 , 38 , 120 , 112 , 4 , 7.729 , 63.366 , 72.133 , 63.366 , 72.133 , 1.943 , 0.791 , 175.707 , 0.11092527858520529 , 90.431 , 0.05 , 219.4987667506905
3 , 46.0 , 0.6 , 0.6 , 28 , 46 , 38 , 120 , 112 , 4 , 7.729 , 63.366 , 72.133 , 63.366 , 72.133 , 1.943 , 0.791 , 175.707 , 0.11092527858520529 , 90.431 , 0.05 , 219.4987667506905
3 , 46.31578947368421 , 0.6 , 0.6 , 57 , 33 , 30 , 123 , 120 , 3 , 4.319 , 90.421 , 97.383 , 90.421 , 97.383 , 2.258 , 0.619 , 176.913 , 0.33017314822582194 , 78.349 , 0.103 , 274.80333843562585
2 , 46.46666666666667 , 0.6 , 0.6 , 30 , 51 , 42 , 132 , 123 , 3 , 9.342 , 76.505 , 86.684 , 76.505 , 86.684 , 2.138 , 0.81 , 177.49 , 0.16298559828571246 , 83.017 , 0.081 , 249.1884731286113
2 , 46.46666666666667 , 0.6 , 0.6 , 30 , 51 , 42 , 132 , 123 , 3 , 9.342 , 76.505 , 86.684 , 76.505 , 86.684 , 2.138 , 0.81 , 177.49 , 0.16298559828571246 , 83.017 , 0.081 , 249.1884731286113
2 , 46.46666666666667 , 0.6 , 0.6 , 30 , 51 , 42 , 132 , 123 , 3 , 9.342 , 76.505 , 86.684 , 76.505 , 86.684 , 2.138 , 0.81 , 177.49 , 0.16298559828571246 , 83.017 , 0.081 , 249.1884731286113
3 , 46.76923076923077 , 0.5 , 0.5 , 39 , 57 , 48 , 153 , 144 , 3 , 9.504 , 94.619 , 105.082 , 94.619 , 105.082 , 2.321 , 0.815 , 178.645 , 0.22005687295463283 , 76.969 , 0.081 , 285.70096129720713
2 , 46.76923076923077 , 0.5 , 0.5 , 39 , 57 , 48 , 153 , 144 , 3 , 9.504 , 94.619 , 105.082 , 94.619 , 105.082 , 2.321 , 0.815 , 178.645 , 0.22005687295463283 , 76.969 , 0.081 , 285.70096129720713
2 , 46.76923076923077 , 0.5 , 0.5 , 39 , 57 , 48 , 153 , 144 , 3 , 9.504 , 94.619 , 105.082 , 94.619 , 105.082 , 2.321 , 0.815 , 178.645 , 0.22005687295463283 , 76.969 , 0.081 , 285.70096129720713
3 , 47.09090909090909 , 0.6 , 0.6 , 33 , 42 , 36 , 117 , 111 , 3 , 8.315 , 90.369 , 100.783 , 90.369 , 100.783 , 2.122 , 0.749 , 179.874 , 0.19856258680198247 , 84.766 , 0.05 , 275.15237215674387
3 , 47.09090909090909 , 0.6 , 0.6 , 33 , 42 , 36 , 117 , 111 , 3 , 8.315 , 90.369 , 100.783 , 90.369 , 100.783 , 2.122 , 0.749 , 179.874 , 0.19856258680198247 , 84.766 , 0.05 , 275.15237215674387
2 , 47.22222222222222 , 0.7 , 0.7 , 36 , 34 , 30 , 104 , 100 , 4 , 4.142 , 59.069 , 65.035 , 59.069 , 65.035 , 1.904 , 0.673 , 180.376 , 0.17750958692499041 , 94.735 , 0.081 , 210.10324263336085
2 , 47.25 , 0.5 , 0.5 , 24 , 63 , 48 , 150 , 135 , 3 , 18.029 , 96.177 , 112.972 , 96.177 , 112.972 , 2.311 , 0.862 , 180.482 , 0.184684264012964 , 78.097 , 0.05 , 293.148964834081
3 , 47.30769230769231 , 0.6 , 0.6 , 39 , 45 , 39 , 129 , 123 , 3 , 6.678 , 81.481 , 89.849 , 81.481 , 89.849 , 2.189 , 0.752 , 180.702 , 0.21836255212296196 , 82.55 , 0.103 , 258.33043008918236
6 , 47.5 , 0.6 , 0.6 , 48 , 38 , 34 , 124 , 120 , 4 , 3.922 , 66.302 , 71.981 , 66.302 , 71.981 , 2.044 , 0.679 , 181.437 , 0.2197137765052713 , 88.766 , 0.103 , 225.28299178073877
6 , 47.666666666666664 , 0.7 , 0.7 , 27 , 39 , 33 , 105 , 99 , 3 , 8.028 , 75.845 , 85.695 , 75.845 , 85.695 , 2.047 , 0.744 , 182.073 , 0.17680031504458615 , 88.946 , 0.081 , 247.5404456615607
5 , 47.666666666666664 , 0.7 , 0.7 , 27 , 39 , 33 , 105 , 99 , 3 , 8.028 , 75.845 , 85.695 , 75.845 , 85.695 , 2.047 , 0.744 , 182.073 , 0.17680031504458615 , 88.946 , 0.081 , 247.5404456615607
6 , 47.666666666666664 , 0.7 , 0.7 , 27 , 39 , 33 , 105 , 99 , 3 , 8.028 , 75.845 , 85.695 , 75.845 , 85.695 , 2.047 , 0.744 , 182.073 , 0.17680031504458615 , 88.946 , 0.081 , 247.5404456615607
2 , 48.0 , 0.5 , 0.5 , 21 , 60 , 45 , 141 , 126 , 3 , 21.701 , 104.42 , 124.145 , 104.42 , 124.145 , 2.341 , 0.859 , 183.346 , 0.19694815606594884 , 78.32 , 0.05 , 312.56464969714006
2 , 48.0 , 0.5 , 0.5 , 21 , 60 , 45 , 141 , 126 , 3 , 21.701 , 104.42 , 124.145 , 104.42 , 124.145 , 2.341 , 0.859 , 183.346 , 0.19694815606594884 , 78.32 , 0.05 , 312.56464969714006
4 , 48.22222222222222 , 0.7 , 0.7 , 18 , 42 , 33 , 102 , 93 , 3 , 13.935 , 77.482 , 91.931 , 77.482 , 91.931 , 2.021 , 0.796 , 184.195 , 0.13397486289195304 , 91.141 , 0.05 , 253.41202645917377
3 , 48.22222222222222 , 0.7 , 0.7 , 18 , 42 , 33 , 102 , 93 , 3 , 13.935 , 77.482 , 91.931 , 77.482 , 91.931 , 2.021 , 0.796 , 184.195 , 0.13397486289195304 , 91.141 , 0.05 , 253.41202645917377
3 , 48.22222222222222 , 0.7 , 0.7 , 18 , 42 , 33 , 102 , 93 , 3 , 13.935 , 77.482 , 91.931 , 77.482 , 91.931 , 2.021 , 0.796 , 184.195 , 0.13397486289195304 , 91.141 , 0.05 , 253.41202645917377
3 , 48.4375 , 0.6 , 0.6 , 32 , 50 , 42 , 132 , 124 , 4 , 6.435 , 60.06 , 67.247 , 60.06 , 67.247 , 2.036 , 0.795 , 185.018 , 0.13954184749152487 , 90.873 , 0.081 , 213.30729960583892
6 , 48.57142857142857 , 0.7 , 0.7 , 21 , 45 , 36 , 111 , 102 , 3 , 11.235 , 70.988 , 82.738 , 70.988 , 82.738 , 2.062 , 0.801 , 185.529 , 0.14401920585347283 , 89.975 , 0.081 , 239.72600493373085
5 , 48.57142857142857 , 0.6 , 0.6 , 21 , 45 , 36 , 111 , 102 , 3 , 15.292 , 96.622 , 112.616 , 96.622 , 112.616 , 2.16 , 0.801 , 185.529 , 0.1765789135036282 , 85.893 , 0.038 , 293.2381733820229
5 , 48.57142857142857 , 0.6 , 0.6 , 21 , 45 , 36 , 111 , 102 , 3 , 15.292 , 96.622 , 112.616 , 96.622 , 112.616 , 2.16 , 0.801 , 185.529 , 0.1765789135036282 , 85.893 , 0.038 , 293.2381733820229
3 , 48.57142857142857 , 0.6 , 0.6 , 21 , 45 , 36 , 111 , 102 , 3 , 15.292 , 96.622 , 112.616 , 96.622 , 112.616 , 2.16 , 0.801 , 185.529 , 0.1765789135036282 , 85.893 , 0.038 , 293.2381733820229
4 , 49.0 , 0.5 , 0.5 , 51 , 51 , 45 , 153 , 147 , 3 , 6.903 , 100.874 , 109.265 , 100.874 , 109.265 , 2.413 , 0.757 , 187.166 , 0.2893154282982011 , 77.566 , 0.103 , 297.138639300144
4 , 49.0 , 0.5 , 0.5 , 60 , 42 , 38 , 144 , 140 , 4 , 4.339 , 83.284 , 89.366 , 83.284 , 89.366 , 2.227 , 0.682 , 187.166 , 0.27782229643238815 , 84.044 , 0.103 , 259.649803737802
6 , 49.1764705882353 , 0.5 , 0.5 , 68 , 44 , 40 , 156 , 152 , 4 , 3.754 , 76.582 , 81.764 , 76.582 , 81.764 , 2.261 , 0.684 , 187.84 , 0.28782955774505053 , 83.078 , 0.128 , 245.34671271124986
6 , 49.23076923076923 , 0.6 , 0.6 , 52 , 40 , 36 , 132 , 128 , 4 , 3.56 , 63.926 , 68.975 , 63.926 , 68.975 , 2.105 , 0.68 , 188.048 , 0.23892372143381346 , 89.334 , 0.128 , 219.90056603954406
4 , 49.333333333333336 , 0.6 , 0.6 , 24 , 48 , 39 , 120 , 111 , 3 , 12.686 , 90.027 , 103.329 , 90.027 , 103.329 , 2.174 , 0.804 , 188.439 , 0.178326730254032 , 86.678 , 0.05 , 277.356812857001
2 , 49.4 , 0.6 , 0.6 , 18 , 57 , 42 , 132 , 117 , 3 , 18.66 , 80.116 , 96.665 , 80.116 , 96.665 , 2.188 , 0.854 , 188.694 , 0.1496660353054432 , 86.24 , 0.05 , 260.78091934326324
2 , 49.4 , 0.6 , 0.6 , 18 , 57 , 42 , 132 , 117 , 3 , 18.66 , 80.116 , 96.665 , 80.116 , 96.665 , 2.188 , 0.854 , 188.694 , 0.1496660353054432 , 86.24 , 0.05 , 260.78091934326324
2 , 49.611111111111114 , 0.5 , 0.5 , 36 , 57 , 48 , 150 , 141 , 3 , 10.526 , 102.438 , 113.753 , 102.438 , 113.753 , 2.403 , 0.813 , 189.5 , 0.2478920336152277 , 78.86 , 0.081 , 302.1906609052919
5 , 49.714285714285715 , 0.8 , 0.8 , 21 , 36 , 30 , 93 , 87 , 3 , 8.716 , 69.427 , 79.613 , 69.427 , 79.613 , 1.989 , 0.737 , 189.895 , 0.1627703517724136 , 95.473 , 0.081 , 235.03959305635178
6 , 49.714285714285715 , 0.8 , 0.8 , 21 , 36 , 30 , 93 , 87 , 3 , 8.716 , 69.427 , 79.613 , 69.427 , 79.613 , 1.989 , 0.737 , 189.895 , 0.1627703517724136 , 95.473 , 0.081 , 235.03959305635178
2 , 49.875 , 0.5 , 0.5 , 24 , 57 , 45 , 138 , 126 , 3 , 18.112 , 111.623 , 128.994 , 111.623 , 128.994 , 2.392 , 0.84 , 190.508 , 0.22651200624358225 , 79.644 , 0.05 , 324.61739098194784
4 , 50.0 , 0.5 , 0.5 , 27 , 60 , 48 , 147 , 135 , 3 , 15.387 , 104.572 , 119.547 , 104.572 , 119.547 , 2.384 , 0.843 , 190.986 , 0.22222705895042139 , 80.112 , 0.05 , 308.118548483698
4 , 50.142857142857146 , 0.6 , 0.6 , 21 , 54 , 42 , 129 , 117 , 3 , 15.147 , 83.799 , 98.118 , 83.799 , 98.118 , 2.201 , 0.836 , 191.532 , 0.1662235658407153 , 87.02 , 0.05 , 265.91707204859074
3 , 50.142857142857146 , 0.6 , 0.6 , 21 , 54 , 42 , 129 , 117 , 3 , 15.147 , 83.799 , 98.118 , 83.799 , 98.118 , 2.201 , 0.836 , 191.532 , 0.1662235658407153 , 87.02 , 0.05 , 265.91707204859074
8 , 50.285714285714285 , 0.8 , 0.8 , 28 , 32 , 28 , 92 , 88 , 4 , 4.442 , 55.132 , 61.171 , 55.132 , 61.171 , 1.872 , 0.666 , 192.077 , 0.17148897400486013 , 102.605 , 0.081 , 202.3029421811153
5 , 50.4 , 0.6 , 0.6 , 30 , 42 , 36 , 114 , 108 , 3 , 9.438 , 99.284 , 110.706 , 99.284 , 110.706 , 2.205 , 0.747 , 192.514 , 0.22708167787324984 , 87.308 , 0.05 , 293.9902855471358
6 , 50.4 , 0.6 , 0.6 , 30 , 42 , 36 , 114 , 108 , 3 , 9.438 , 99.284 , 110.706 , 99.284 , 110.706 , 2.205 , 0.747 , 192.514 , 0.22708167787324984 , 87.308 , 0.05 , 293.9902855471358
5 , 50.4 , 0.6 , 0.6 , 30 , 42 , 36 , 114 , 108 , 3 , 9.438 , 99.284 , 110.706 , 99.284 , 110.706 , 2.205 , 0.747 , 192.514 , 0.22708167787324984 , 87.308 , 0.05 , 293.9902855471358
3 , 51.0 , 0.6 , 0.6 , 18 , 51 , 39 , 120 , 108 , 3 , 18.765 , 92.178 , 109.634 , 92.178 , 109.634 , 2.223 , 0.831 , 194.806 , 0.1763950316210463 , 87.632 , 0.05 , 285.81239887993013
3 , 51.0 , 0.6 , 0.6 , 18 , 51 , 39 , 120 , 108 , 3 , 18.765 , 92.178 , 109.634 , 92.178 , 109.634 , 2.223 , 0.831 , 194.806 , 0.1763950316210463 , 87.632 , 0.05 , 285.81239887993013
2 , 51.0 , 0.6 , 0.6 , 18 , 51 , 39 , 120 , 108 , 3 , 18.765 , 92.178 , 109.634 , 92.178 , 109.634 , 2.223 , 0.831 , 194.806 , 0.1763950316210463 , 87.632 , 0.05 , 285.81239887993013
2 , 51.0 , 0.6 , 0.6 , 18 , 51 , 39 , 120 , 108 , 3 , 18.765 , 92.178 , 109.634 , 92.178 , 109.634 , 2.223 , 0.831 , 194.806 , 0.1763950316210463 , 87.632 , 0.05 , 285.81239887993013
2 , 51.0 , 0.6 , 0.6 , 18 , 51 , 39 , 120 , 108 , 3 , 18.765 , 92.178 , 109.634 , 92.178 , 109.634 , 2.223 , 0.831 , 194.806 , 0.1763950316210463 , 87.632 , 0.05 , 285.81239887993013
2 , 51.0 , 0.6 , 0.6 , 18 , 51 , 39 , 120 , 108 , 3 , 18.765 , 92.178 , 109.634 , 92.178 , 109.634 , 2.223 , 0.831 , 194.806 , 0.1763950316210463 , 87.632 , 0.05 , 285.81239887993013
2 , 51.0 , 0.6 , 0.6 , 18 , 51 , 39 , 120 , 108 , 3 , 18.765 , 92.178 , 109.634 , 92.178 , 109.634 , 2.223 , 0.831 , 194.806 , 0.1763950316210463 , 87.632 , 0.05 , 285.81239887993013
3 , 51.6 , 0.5 , 0.5 , 30 , 54 , 45 , 138 , 129 , 3 , 13.414 , 116.449 , 130.479 , 116.449 , 130.479 , 2.43 , 0.81 , 197.097 , 0.2592768565487886 , 81.11 , 0.05 , 330.92741296550537
3 , 51.6 , 0.5 , 0.5 , 30 , 54 , 45 , 138 , 129 , 3 , 13.414 , 116.449 , 130.479 , 116.449 , 130.479 , 2.43 , 0.81 , 197.097 , 0.2592768565487886 , 81.11 , 0.05 , 330.92741296550537
3 , 51.6 , 0.5 , 0.5 , 30 , 54 , 45 , 138 , 129 , 3 , 13.414 , 116.449 , 130.479 , 116.449 , 130.479 , 2.43 , 0.81 , 197.097 , 0.2592768565487886 , 81.11 , 0.05 , 330.92741296550537
2 , 51.7 , 0.5 , 0.5 , 24 , 66 , 51 , 156 , 141 , 3 , 17.993 , 100.881 , 117.325 , 100.881 , 117.325 , 2.446 , 0.863 , 197.479 , 0.22942155239653161 , 80.735 , 0.05 , 302.20602457258667
2 , 51.7 , 0.5 , 0.5 , 24 , 66 , 51 , 156 , 141 , 3 , 17.993 , 100.881 , 117.325 , 100.881 , 117.325 , 2.446 , 0.863 , 197.479 , 0.22942155239653161 , 80.735 , 0.05 , 302.20602457258667
4 , 52.0 , 0.7 , 0.7 , 24 , 39 , 33 , 102 , 96 , 3 , 9.43 , 85.189 , 96.228 , 85.189 , 96.228 , 2.096 , 0.741 , 198.625 , 0.19523295849424394 , 94.764 , 0.05 , 265.4172067882956
4 , 52.0 , 0.7 , 0.7 , 24 , 39 , 33 , 102 , 96 , 3 , 9.43 , 85.189 , 96.228 , 85.189 , 96.228 , 2.096 , 0.741 , 198.625 , 0.19523295849424394 , 94.764 , 0.05 , 265.4172067882956
4 , 52.0 , 0.7 , 0.7 , 24 , 39 , 33 , 102 , 96 , 3 , 9.43 , 85.189 , 96.228 , 85.189 , 96.228 , 2.096 , 0.741 , 198.625 , 0.19523295849424394 , 94.764 , 0.05 , 265.4172067882956
4 , 52.0 , 0.7 , 0.7 , 24 , 39 , 33 , 102 , 96 , 3 , 9.43 , 85.189 , 96.228 , 85.189 , 96.228 , 2.096 , 0.741 , 198.625 , 0.19523295849424394 , 94.764 , 0.05 , 265.4172067882956
5 , 52.0 , 0.7 , 0.7 , 24 , 39 , 33 , 102 , 96 , 3 , 9.43 , 85.189 , 96.228 , 85.189 , 96.228 , 2.096 , 0.741 , 198.625 , 0.19523295849424394 , 94.764 , 0.05 , 265.4172067882956
2 , 52.0 , 0.7 , 0.7 , 24 , 39 , 33 , 102 , 96 , 3 , 9.43 , 85.189 , 96.228 , 85.189 , 96.228 , 2.096 , 0.741 , 198.625 , 0.19523295849424394 , 94.764 , 0.05 , 265.4172067882956
1 , 52.8 , 0.5 , 0.5 , 21 , 63 , 48 , 147 , 132 , 3 , 21.653 , 109.843 , 128.998 , 109.843 , 128.998 , 2.475 , 0.859 , 201.681 , 0.24131574294360536 , 81.487 , 0.05 , 322.8405663407074
1 , 52.8 , 0.5 , 0.5 , 21 , 63 , 48 , 147 , 132 , 3 , 21.653 , 109.843 , 128.998 , 109.843 , 128.998 , 2.475 , 0.859 , 201.681 , 0.24131574294360536 , 81.487 , 0.05 , 322.8405663407074
1 , 52.8 , 0.5 , 0.5 , 21 , 63 , 48 , 147 , 132 , 3 , 21.653 , 109.843 , 128.998 , 109.843 , 128.998 , 2.475 , 0.859 , 201.681 , 0.24131574294360536 , 81.487 , 0.05 , 322.8405663407074
1 , 52.8 , 0.5 , 0.5 , 21 , 63 , 48 , 147 , 132 , 3 , 21.653 , 109.843 , 128.998 , 109.843 , 128.998 , 2.475 , 0.859 , 201.681 , 0.24131574294360536 , 81.487 , 0.05 , 322.8405663407074
3 , 52.92307692307692 , 0.5 , 0.5 , 39 , 48 , 42 , 135 , 129 , 3 , 9.584 , 124.398 , 135.828 , 124.398 , 135.828 , 2.465 , 0.752 , 202.151 , 0.3091387455727854 , 82.009 , 0.05 , 344.2256890220701
2 , 52.96969696969697 , 0.5 , 0.5 , 33 , 57 , 48 , 147 , 138 , 3 , 11.789 , 111.674 , 123.996 , 111.674 , 123.996 , 2.463 , 0.812 , 202.329 , 0.2688470392626704 , 82.147 , 0.05 , 319.6706587412101
4 , 53.2 , 0.6 , 0.6 , 40 , 38 , 34 , 116 , 112 , 4 , 4.897 , 79.322 , 86.095 , 79.322 , 86.095 , 2.125 , 0.675 , 203.209 , 0.24877958033641057 , 95.628 , 0.081 , 251.41750356311755
5 , 53.2 , 0.6 , 0.6 , 40 , 38 , 34 , 116 , 112 , 4 , 4.897 , 79.322 , 86.095 , 79.322 , 86.095 , 2.125 , 0.675 , 203.209 , 0.24877958033641057 , 95.628 , 0.081 , 251.41750356311755
3 , 53.30769230769231 , 0.5 , 0.5 , 52 , 42 , 38 , 136 , 132 , 4 , 5.113 , 95.895 , 102.882 , 95.895 , 102.882 , 2.294 , 0.68 , 203.62 , 0.30138719542363457 , 88.762 , 0.081 , 284.7772735547294
5 , 53.30769230769231 , 0.5 , 0.5 , 52 , 42 , 38 , 136 , 132 , 4 , 5.113 , 95.895 , 102.882 , 95.895 , 102.882 , 2.294 , 0.68 , 203.62 , 0.30138719542363457 , 88.762 , 0.081 , 284.7772735547294
3 , 53.65 , 0.5 , 0.5 , 40 , 58 , 50 , 156 , 148 , 4 , 6.9 , 79.924 , 87.425 , 79.924 , 87.425 , 2.312 , 0.799 , 204.928 , 0.22777621554487215 , 88.637 , 0.081 , 253.34875997226075
2 , 53.65 , 0.5 , 0.5 , 40 , 58 , 50 , 156 , 148 , 4 , 6.9 , 79.924 , 87.425 , 79.924 , 87.425 , 2.312 , 0.799 , 204.928 , 0.22777621554487215 , 88.637 , 0.081 , 253.34875997226075
1 , 53.65 , 0.5 , 0.5 , 40 , 58 , 50 , 156 , 148 , 4 , 6.9 , 79.924 , 87.425 , 79.924 , 87.425 , 2.312 , 0.799 , 204.928 , 0.22777621554487215 , 88.637 , 0.081 , 253.34875997226075
1 , 53.65 , 0.5 , 0.5 , 40 , 58 , 50 , 156 , 148 , 4 , 6.9 , 79.924 , 87.425 , 79.924 , 87.425 , 2.312 , 0.799 , 204.928 , 0.22777621554487215 , 88.637 , 0.081 , 253.34875997226075
1 , 53.65 , 0.5 , 0.5 , 40 , 58 , 50 , 156 , 148 , 4 , 6.9 , 79.924 , 87.425 , 79.924 , 87.425 , 2.312 , 0.799 , 204.928 , 0.22777621554487215 , 88.637 , 0.081 , 253.34875997226075
4 , 53.65 , 0.5 , 0.5 , 40 , 58 , 50 , 156 , 148 , 4 , 6.9 , 79.924 , 87.425 , 79.924 , 87.425 , 2.312 , 0.799 , 204.928 , 0.22777621554487215 , 88.637 , 0.081 , 253.34875997226075
6 , 54.44444444444444 , 0.7 , 0.7 , 27 , 42 , 36 , 111 , 105 , 3 , 7.994 , 80.942 , 90.237 , 80.942 , 90.237 , 2.178 , 0.745 , 207.962 , 0.21981766997922803 , 95.483 , 0.081 , 257.1795425450894
7 , 54.44444444444444 , 0.7 , 0.7 , 27 , 42 , 36 , 111 , 105 , 3 , 7.994 , 80.942 , 90.237 , 80.942 , 90.237 , 2.178 , 0.745 , 207.962 , 0.21981766997922803 , 95.483 , 0.081 , 257.1795425450894
6 , 54.44444444444444 , 0.7 , 0.7 , 27 , 42 , 36 , 111 , 105 , 3 , 7.994 , 80.942 , 90.237 , 80.942 , 90.237 , 2.178 , 0.745 , 207.962 , 0.21981766997922803 , 95.483 , 0.081 , 257.1795425450894
6 , 54.44444444444444 , 0.7 , 0.7 , 27 , 42 , 36 , 111 , 105 , 3 , 7.994 , 80.942 , 90.237 , 80.942 , 90.237 , 2.178 , 0.745 , 207.962 , 0.21981766997922803 , 95.483 , 0.081 , 257.1795425450894
8 , 54.44444444444444 , 0.7 , 0.7 , 27 , 42 , 36 , 111 , 105 , 3 , 7.994 , 80.942 , 90.237 , 80.942 , 90.237 , 2.178 , 0.745 , 207.962 , 0.21981766997922803 , 95.483 , 0.081 , 257.1795425450894
5 , 54.54545454545455 , 0.6 , 0.6 , 44 , 40 , 36 , 124 , 120 , 4 , 4.341 , 75.353 , 81.288 , 75.353 , 81.288 , 2.175 , 0.677 , 208.348 , 0.26411657666143445 , 95.792 , 0.103 , 243.64141654820145
2 , 54.666666666666664 , 0.5 , 0.5 , 18 , 60 , 45 , 138 , 123 , 3 , 26.805 , 121.728 , 144.687 , 121.728 , 144.687 , 2.53 , 0.854 , 208.811 , 0.26255084490636815 , 82.534 , 0.038 , 350.4150576522238
5 , 54.857142857142854 , 0.6 , 0.6 , 21 , 48 , 39 , 117 , 108 , 3 , 15.238 , 102.77 , 117.926 , 102.77 , 117.926 , 2.314 , 0.801 , 209.539 , 0.22691369822121177 , 90.553 , 0.05 , 304.6962914076752
4 , 54.857142857142854 , 0.6 , 0.6 , 21 , 48 , 39 , 117 , 108 , 3 , 15.238 , 102.77 , 117.926 , 102.77 , 117.926 , 2.314 , 0.801 , 209.539 , 0.22691369822121177 , 90.553 , 0.05 , 304.6962914076752
3 , 55.0 , 0.7 , 0.7 , 18 , 45 , 36 , 108 , 99 , 3 , 13.88 , 82.704 , 96.362 , 82.704 , 96.362 , 2.165 , 0.796 , 210.085 , 0.18115048527574884 , 97.037 , 0.05 , 263.06601224972803
3 , 55.0 , 0.7 , 0.7 , 18 , 45 , 36 , 108 , 99 , 3 , 13.88 , 82.704 , 96.362 , 82.704 , 96.362 , 2.165 , 0.796 , 210.085 , 0.18115048527574884 , 97.037 , 0.05 , 263.06601224972803
3 , 55.25 , 0.6 , 0.6 , 24 , 51 , 42 , 126 , 117 , 3 , 12.647 , 95.451 , 108.112 , 95.451 , 108.112 , 2.319 , 0.805 , 211.039 , 0.22618726854819182 , 91.004 , 0.05 , 287.56275122506753
3 , 55.25 , 0.6 , 0.6 , 24 , 51 , 42 , 126 , 117 , 3 , 12.647 , 95.451 , 108.112 , 95.451 , 108.112 , 2.319 , 0.805 , 211.039 , 0.22618726854819182 , 91.004 , 0.05 , 287.56275122506753
4 , 55.25 , 0.6 , 0.6 , 24 , 51 , 42 , 126 , 117 , 3 , 12.647 , 95.451 , 108.112 , 95.451 , 108.112 , 2.319 , 0.805 , 211.039 , 0.22618726854819182 , 91.004 , 0.05 , 287.56275122506753
2 , 55.642857142857146 , 0.5 , 0.5 , 21 , 57 , 45 , 135 , 123 , 3 , 21.754 , 127.464 , 147.271 , 127.464 , 147.271 , 2.555 , 0.836 , 212.54 , 0.28290779808275146 , 83.186 , 0.038 , 358.735185344014
2 , 55.642857142857146 , 0.5 , 0.5 , 21 , 57 , 45 , 135 , 123 , 3 , 21.754 , 127.464 , 147.271 , 127.464 , 147.271 , 2.555 , 0.836 , 212.54 , 0.28290779808275146 , 83.186 , 0.038 , 358.735185344014
2 , 55.642857142857146 , 0.5 , 0.5 , 21 , 57 , 45 , 135 , 123 , 3 , 21.754 , 127.464 , 147.271 , 127.464 , 147.271 , 2.555 , 0.836 , 212.54 , 0.28290779808275146 , 83.186 , 0.038 , 358.735185344014
6 , 55.857142857142854 , 0.8 , 0.8 , 28 , 34 , 30 , 96 , 92 , 4 , 4.425 , 57.874 , 63.687 , 57.874 , 63.687 , 1.957 , 0.667 , 213.359 , 0.19913484520506236 , 109.024 , 0.081 , 207.56075800547373
7 , 55.857142857142854 , 0.8 , 0.8 , 28 , 34 , 30 , 96 , 92 , 4 , 4.425 , 57.874 , 63.687 , 57.874 , 63.687 , 1.957 , 0.667 , 213.359 , 0.19913484520506236 , 109.024 , 0.081 , 207.56075800547373
8 , 56.0 , 0.8 , 0.8 , 18 , 36 , 30 , 90 , 84 , 3 , 10.769 , 80.822 , 92.641 , 80.822 , 92.641 , 2.069 , 0.732 , 213.904 , 0.1921087167171161 , 103.385 , 0.05 , 257.46308486837984
8 , 56.0 , 0.8 , 0.8 , 18 , 36 , 30 , 90 , 84 , 3 , 10.769 , 80.822 , 92.641 , 80.822 , 92.641 , 2.069 , 0.732 , 213.904 , 0.1921087167171161 , 103.385 , 0.05 , 257.46308486837984
6 , 56.25 , 0.7 , 0.7 , 32 , 36 , 32 , 104 , 100 , 4 , 4.815 , 69.438 , 75.859 , 69.438 , 75.859 , 2.058 , 0.67 , 214.859 , 0.2299463484682055 , 104.402 , 0.081 , 231.29654940310982
6 , 56.25 , 0.7 , 0.7 , 32 , 36 , 32 , 104 , 100 , 4 , 4.815 , 69.438 , 75.859 , 69.438 , 75.859 , 2.058 , 0.67 , 214.859 , 0.2299463484682055 , 104.402 , 0.081 , 231.29654940310982
6 , 56.25 , 0.7 , 0.7 , 32 , 36 , 32 , 104 , 100 , 4 , 4.815 , 69.438 , 75.859 , 69.438 , 75.859 , 2.058 , 0.67 , 214.859 , 0.2299463484682055 , 104.402 , 0.081 , 231.29654940310982
4 , 56.470588235294116 , 0.6 , 0.6 , 51 , 36 , 33 , 123 , 120 , 3 , 4.885 , 107.862 , 115.146 , 107.862 , 115.146 , 2.457 , 0.617 , 215.702 , 0.39740119701999105 , 87.791 , 0.103 , 310.00833864836807
3 , 56.733333333333334 , 0.5 , 0.5 , 60 , 46 , 42 , 152 , 148 , 4 , 4.319 , 90.035 , 95.675 , 90.035 , 95.675 , 2.39 , 0.682 , 216.705 , 0.3318615046274779 , 90.672 , 0.103 , 272.7100649172171
2 , 56.733333333333334 , 0.5 , 0.5 , 60 , 46 , 42 , 152 , 148 , 4 , 4.319 , 90.035 , 95.675 , 90.035 , 95.675 , 2.39 , 0.682 , 216.705 , 0.3318615046274779 , 90.672 , 0.103 , 272.7100649172171
3 , 57.0 , 0.6 , 0.6 , 18 , 54 , 42 , 126 , 114 , 3 , 18.71 , 97.671 , 114.331 , 97.671 , 114.331 , 2.371 , 0.832 , 217.724 , 0.22525431594281664 , 91.828 , 0.05 , 296.00204544929744
2 , 57.0 , 0.6 , 0.6 , 18 , 54 , 42 , 126 , 114 , 3 , 18.71 , 97.671 , 114.331 , 97.671 , 114.331 , 2.371 , 0.832 , 217.724 , 0.22525431594281664 , 91.828 , 0.05 , 296.00204544929744
2 , 57.0 , 0.6 , 0.6 , 18 , 54 , 42 , 126 , 114 , 3 , 18.71 , 97.671 , 114.331 , 97.671 , 114.331 , 2.371 , 0.832 , 217.724 , 0.22525431594281664 , 91.828 , 0.05 , 296.00204544929744
2 , 57.0 , 0.6 , 0.6 , 18 , 54 , 42 , 126 , 114 , 3 , 18.71 , 97.671 , 114.331 , 97.671 , 114.331 , 2.371 , 0.832 , 217.724 , 0.22525431594281664 , 91.828 , 0.05 , 296.00204544929744
2 , 57.0 , 0.6 , 0.6 , 18 , 54 , 42 , 126 , 114 , 3 , 18.71 , 97.671 , 114.331 , 97.671 , 114.331 , 2.371 , 0.832 , 217.724 , 0.22525431594281664 , 91.828 , 0.05 , 296.00204544929744
4 , 57.57142857142857 , 0.8 , 0.8 , 21 , 39 , 33 , 99 , 93 , 3 , 8.673 , 74.413 , 84.03 , 74.413 , 84.03 , 2.128 , 0.738 , 219.907 , 0.20807644243774986 , 103.34 , 0.081 , 244.44299562243017
6 , 57.57142857142857 , 0.8 , 0.8 , 21 , 39 , 33 , 99 , 93 , 3 , 8.673 , 74.413 , 84.03 , 74.413 , 84.03 , 2.128 , 0.738 , 219.907 , 0.20807644243774986 , 103.34 , 0.081 , 244.44299562243017
5 , 57.57142857142857 , 0.8 , 0.8 , 21 , 39 , 33 , 99 , 93 , 3 , 8.673 , 74.413 , 84.03 , 74.413 , 84.03 , 2.128 , 0.738 , 219.907 , 0.20807644243774986 , 103.34 , 0.081 , 244.44299562243017
4 , 57.57142857142857 , 0.8 , 0.8 , 21 , 39 , 33 , 99 , 93 , 3 , 8.673 , 74.413 , 84.03 , 74.413 , 84.03 , 2.128 , 0.738 , 219.907 , 0.20807644243774986 , 103.34 , 0.081 , 244.44299562243017
5 , 57.57142857142857 , 0.8 , 0.8 , 21 , 39 , 33 , 99 , 93 , 3 , 8.673 , 74.413 , 84.03 , 74.413 , 84.03 , 2.128 , 0.738 , 219.907 , 0.20807644243774986 , 103.34 , 0.081 , 244.44299562243017
2 , 57.82857142857143 , 0.5 , 0.5 , 21 , 66 , 51 , 153 , 138 , 3 , 21.609 , 115.222 , 133.98 , 115.222 , 133.98 , 2.626 , 0.859 , 220.889 , 0.29100336400921456 , 84.116 , 0.05 , 333.20171329567887
4 , 58.0 , 0.5 , 0.5 , 50 , 50 , 45 , 150 , 145 , 5 , 4.243 , 73.5 , 78.633 , 73.5 , 78.633 , 2.246 , 0.724 , 221.544 , 0.25643985095432237 , 98.639 , 0.081 , 238.13362158070635
4 , 58.0 , 0.5 , 0.5 , 50 , 50 , 45 , 150 , 145 , 5 , 4.243 , 73.5 , 78.633 , 73.5 , 78.633 , 2.246 , 0.724 , 221.544 , 0.25643985095432237 , 98.639 , 0.081 , 238.13362158070635
4 , 58.0 , 0.5 , 0.5 , 50 , 50 , 45 , 150 , 145 , 5 , 4.243 , 73.5 , 78.633 , 73.5 , 78.633 , 2.246 , 0.724 , 221.544 , 0.25643985095432237 , 98.639 , 0.081 , 238.13362158070635
2 , 58.18181818181818 , 0.5 , 0.5 , 33 , 60 , 51 , 153 , 144 , 3 , 11.761 , 117.403 , 129.38 , 117.403 , 129.38 , 2.644 , 0.812 , 222.238 , 0.3286224665363898 , 84.054 , 0.081 , 332.7831881214467
2 , 58.18181818181818 , 0.5 , 0.5 , 33 , 60 , 51 , 153 , 144 , 3 , 11.761 , 117.403 , 129.38 , 117.403 , 129.38 , 2.644 , 0.812 , 222.238 , 0.3286224665363898 , 84.054 , 0.081 , 332.7831881214467
2 , 58.5 , 0.6 , 0.6 , 48 , 36 , 33 , 120 , 117 , 3 , 5.246 , 114.478 , 122.2 , 114.478 , 122.2 , 2.501 , 0.616 , 223.454 , 0.41278452320765946 , 89.346 , 0.103 , 323.67739676340545
3 , 58.5 , 0.6 , 0.6 , 48 , 36 , 33 , 120 , 117 , 3 , 5.246 , 114.478 , 122.2 , 114.478 , 122.2 , 2.501 , 0.616 , 223.454 , 0.41278452320765946 , 89.346 , 0.103 , 323.67739676340545
5 , 58.5 , 0.6 , 0.6 , 48 , 36 , 33 , 120 , 117 , 3 , 5.246 , 114.478 , 122.2 , 114.478 , 122.2 , 2.501 , 0.616 , 223.454 , 0.41278452320765946 , 89.346 , 0.103 , 323.67739676340545
2 , 58.8 , 0.5 , 0.5 , 45 , 54 , 48 , 153 , 147 , 3 , 7.986 , 120.408 , 129.509 , 120.408 , 129.509 , 2.643 , 0.755 , 224.599 , 0.366350290855583 , 84.979 , 0.081 , 335.9167577744615
2 , 58.8 , 0.5 , 0.5 , 45 , 54 , 48 , 153 , 147 , 3 , 7.986 , 120.408 , 129.509 , 120.408 , 129.509 , 2.643 , 0.755 , 224.599 , 0.366350290855583 , 84.979 , 0.081 , 335.9167577744615
1 , 58.84615384615385 , 0.5 , 0.5 , 39 , 51 , 45 , 141 , 135 , 3 , 9.555 , 131.543 , 142.444 , 131.543 , 142.444 , 2.616 , 0.752 , 224.776 , 0.35898805473625095 , 85.924 , 0.05 , 357.98647250908715
5 , 59.18181818181818 , 0.6 , 0.6 , 44 , 42 , 38 , 128 , 124 , 4 , 4.329 , 78.512 , 84.218 , 78.512 , 84.218 , 2.262 , 0.677 , 226.058 , 0.29288301661920185 , 99.937 , 0.103 , 249.73037238861417
5 , 59.18181818181818 , 0.6 , 0.6 , 44 , 42 , 38 , 128 , 124 , 4 , 4.329 , 78.512 , 84.218 , 78.512 , 84.218 , 2.262 , 0.677 , 226.058 , 0.29288301661920185 , 99.937 , 0.103 , 249.73037238861417
3 , 59.18181818181818 , 0.6 , 0.6 , 44 , 42 , 38 , 128 , 124 , 4 , 4.329 , 78.512 , 84.218 , 78.512 , 84.218 , 2.262 , 0.677 , 226.058 , 0.29288301661920185 , 99.937 , 0.103 , 249.73037238861417
3 , 59.18181818181818 , 0.6 , 0.6 , 44 , 42 , 38 , 128 , 124 , 4 , 4.329 , 78.512 , 84.218 , 78.512 , 84.218 , 2.262 , 0.677 , 226.058 , 0.29288301661920185 , 99.937 , 0.103 , 249.73037238861417
3 , 59.5 , 0.7 , 0.7 , 24 , 42 , 36 , 108 , 102 , 3 , 9.389 , 90.933 , 101.354 , 90.933 , 101.354 , 2.287 , 0.742 , 227.273 , 0.25775199443067054 , 99.376 , 0.081 , 278.28751327474924
3 , 59.5 , 0.7 , 0.7 , 24 , 42 , 36 , 108 , 102 , 3 , 9.389 , 90.933 , 101.354 , 90.933 , 101.354 , 2.287 , 0.742 , 227.273 , 0.25775199443067054 , 99.376 , 0.081 , 278.28751327474924
4 , 59.63636363636363 , 0.6 , 0.6 , 33 , 48 , 42 , 129 , 123 , 3 , 8.256 , 101.912 , 111.252 , 101.912 , 111.252 , 2.442 , 0.749 , 227.794 , 0.3038576249506295 , 93.282 , 0.081 , 299.1631887480105
3 , 59.63636363636363 , 0.6 , 0.6 , 33 , 48 , 42 , 129 , 123 , 3 , 8.256 , 101.912 , 111.252 , 101.912 , 111.252 , 2.442 , 0.749 , 227.794 , 0.3038576249506295 , 93.282 , 0.081 , 299.1631887480105
3 , 59.63636363636363 , 0.6 , 0.6 , 33 , 48 , 42 , 129 , 123 , 3 , 8.256 , 101.912 , 111.252 , 101.912 , 111.252 , 2.442 , 0.749 , 227.794 , 0.3038576249506295 , 93.282 , 0.081 , 299.1631887480105
3 , 59.63636363636363 , 0.6 , 0.6 , 33 , 48 , 42 , 129 , 123 , 3 , 8.256 , 101.912 , 111.252 , 101.912 , 111.252 , 2.442 , 0.749 , 227.794 , 0.3038576249506295 , 93.282 , 0.081 , 299.1631887480105
